2800 2194
310.3 2192.8 m
309.9 2192.1 309.5 2185.9 309.4 2179 c
309.4 2172.1 309.3 2154.7 309.2 2140.3 c
309 2114 l 292.8 2114.6 l
282.4 2115 275.3 2115.7 273.1 2116.6 c
271.2 2117.4 269.6 2117.9 269.5 2117.8 c
268.9 2117.1 266 2111 266 2110.5 c
266 2110.2 270.4 2110 275.8 2110 c
289.6 2109.9 305.8 2108.4 307.4 2107.1 c
308.3 2106.3 310.6 2106.1 313.8 2106.6 c
320.1 2107.4 321.5 2105.2 317.3 2101.1 c
314.5 2098.5 l 298.3 2098.7 l
287.6 2098.9 280.1 2099.4 276.1 2100.5 c
265.1 2103.3 257.4 2101.8 261 2097.5 c
261.5 2096.9 261.7 2096.1 261.5 2095.8 c
260.7 2095 271.2 2094 282.2 2093.9 c
288.3 2093.8 292.9 2093.2 294.6 2092.4 c
297.7 2090.8 312 2090.5 312 2092 c
312 2093.3 315.7 2093.3 316.2 2092 c
316.4 2091.5 320.8 2090.8 326 2090.4 c
331.2 2090 336.1 2089.3 336.8 2088.7 c
337.5 2088.2 344.5 2087.5 352.4 2087.2 c
364.9 2086.8 366.9 2086.5 367.3 2085 c
367.7 2083.5 369.8 2083.2 384.4 2082.7 c
393.6 2082.4 401.7 2081.7 402.3 2081.1 c
403 2080.6 410.4 2079.8 418.8 2079.4 c
428.8 2078.9 434 2078.3 434 2077.6 c
434 2077 434.3 2075.5 434.6 2074.2 c
435.2 2072 435.1 2072 425.8 2072 c
420.1 2072 416 2072.4 415.3 2073.1 c
413.8 2074.6 412.3 2074.7 397.2 2074.9 c
385.1 2075 384.9 2075 384 2077.5 c
383.1 2080 382.9 2080 371.2 2080 c
364.7 2080 359 2080.3 358.6 2080.8 c
357.5 2081.8 355.3 2082 336.8 2082.6 c
320.6 2083.2 320.1 2083.2 319.8 2085.3 c
319.5 2087.4 319.1 2087.5 304 2087.7 c
294.5 2087.8 285.5 2088.5 281 2089.4 c
270.7 2091.6 256.4 2091.6 255.6 2089.4 c
255.3 2088.5 255 2087.6 255 2087.4 c
255 2087.2 258.9 2087 263.6 2087 c
270.7 2087 272.1 2086.7 271.7 2085.6 c
271 2084 274.1 2083.5 292 2082.5 c
297.8 2082.2 304.2 2081.5 306.2 2080.9 c
308.8 2080.2 310.6 2080.3 312 2081 c
313.4 2081.7 314.6 2081.8 315.9 2081 c
317 2080.5 320 2080 322.7 2080 c
332.4 2080 340.9 2078.8 340.4 2077.5 c
339.7 2075.7 343.3 2075 355 2075 c
360.8 2075 368.2 2074.3 371.5 2073.6 c
374.8 2072.8 383.2 2071.9 390.2 2071.5 c
399.6 2070.9 403 2070.4 403 2069.5 c
403 2068 407.1 2067.4 422.5 2066.4 c
428 2066.1 433 2065.4 433.6 2064.8 c
434.3 2064.3 440.4 2063.8 447.1 2063.6 c
462.2 2063.1 461 2063.3 461 2061.6 c
461 2059.9 464.5 2059.3 480.6 2058.5 c
493.5 2057.9 498 2056.3 498 2052.4 c
498 2051 498.4 2050.2 499 2050.5 c
499.6 2050.8 500 2052 500 2053 c
500 2055.6 501.3 2056.1 505.9 2055.4 c
508.5 2055 509.7 2054.3 509.4 2053.5 c
509 2052.5 511.7 2052 520.2 2051.5 c
526.4 2051.1 534.9 2050.3 539 2049.8 c
543.1 2049.3 552.8 2048.5 560.5 2048.1 c
568.2 2047.6 574.6 2047.2 574.7 2047.1 c
575.4 2046.6 576.1 2037.8 575.6 2036.2 c
574.9 2034.2 574.4 2034.2 562.2 2034.7 c
549.9 2035.2 547.5 2035.8 547.5 2038.3 c
547.4 2039 546.9 2039.4 546.3 2039.3 c
543.9 2038.8 508.3 2041.1 504.6 2041.9 c
500.5 2042.9 498.9 2044.5 499.7 2046.7 c
500.4 2048.4 497.7 2049.4 494.5 2048.6 c
492.7 2048.1 492 2047.3 492 2045.5 c
492 2044.1 491.6 2043 491 2043 c
490.4 2043 490 2043.9 490 2044.9 c
490 2047.8 489.5 2047.9 475.7 2048.1 c
466.3 2048.2 462.8 2048.6 461.9 2049.6 c
461.1 2050.6 458.5 2051 453.6 2051 c
441.1 2051 430 2052.2 430 2053.5 c
430 2055.1 423.1 2056 411.1 2056 c
404.9 2056 401 2056.4 400.2 2057.2 c
399.4 2058 393.8 2058.5 384.4 2058.8 c
370.3 2059.2 369.8 2059.3 369 2061.6 c
368.1 2063.8 367.5 2063.9 355.3 2064.4 c
339.7 2065.1 329.6 2065.9 325.2 2066.6 c
323.4 2067 320 2066.7 317.5 2066.1 c
314.6 2065.4 312.3 2065.3 310.6 2066 c
309.3 2066.5 303.6 2067.2 298.1 2067.6 c
291 2068.1 288 2068.7 288 2069.5 c
288 2071.4 286.4 2071.7 274.6 2071.9 c
268.6 2072 262.8 2072.6 261.8 2073.1 c
258.9 2074.6 248.8 2074.7 248.3 2073.2 c
248 2072.4 249.1 2072 251.9 2072 c
256 2072 l 256 2033 l
256 2005.6 255.7 1993.4 254.9 1992.2 c
253.3 1989.7 255 1984.8 257.8 1983.4 c
259 1982.8 259.8 1982.1 259.5 1981.8 c
258.6 1980.9 263.9 1976 265.8 1976 c
267.6 1976 267.8 1975 268.2 1963.8 c
268.9 1942.7 269.1 1754.1 268.4 1721.8 c
267.8 1693.8 267.6 1691 266 1691 c
264.3 1691 263.3 1689.4 261 1683.2 c
260.3 1681.5 259.1 1680 258.4 1680 c
256.3 1680 256.7 1678 258.8 1677.9 c
260.1 1677.9 260 1677.7 258.2 1677 c
257 1676.5 256 1675.2 256 1674.1 c
256 1673.1 255.3 1672 254.5 1671.6 c
253.7 1671.3 253.1 1670.5 253.2 1669.9 c
253.4 1669.2 252.6 1668.4 251.5 1668.1 c
250.4 1667.8 248.5 1666.6 247.2 1665.5 c
245.2 1663.7 245 1662.7 245 1653.8 c
245 1645 245.2 1644 247.1 1643 c
248.2 1642.3 249.4 1642.1 249.7 1642.4 c
250.1 1642.7 250.9 1642.5 251.5 1642 c
252.5 1641.2 258.9 1639.5 265 1638.5 c
265.8 1638.4 268.6 1638 271.2 1637.6 c
275.2 1636.9 275.8 1636.5 276.2 1634.2 c
276.3 1632.7 276.3 1615.8 276 1596.5 c
275.6 1567.1 275.3 1561.5 274.1 1561.5 c
272.5 1561.5 270.8 1556.6 271.7 1554.4 c
272 1553.6 272.8 1553 273.6 1553 c
275.5 1553 280 1548.6 280 1546.6 c
280 1545.7 280.8 1545 282 1545 c
283.4 1545 284.1 1544.1 284.6 1541.6 c
284.9 1539.7 285.8 1537.9 286.6 1537.6 c
288.7 1536.8 288.7 1218 286.6 1218 c
285 1218 284 1215.9 284 1212.4 c
284 1210.7 283.4 1210 282 1210 c
280.4 1210 280 1209.3 280 1206.5 c
280 1204.1 279.4 1202.8 278 1202 c
276.8 1201.4 276.1 1200.1 276.3 1198.7 c
276.4 1197.1 275.9 1196.4 274.3 1196.2 c
271.3 1195.8 270.8 1193.6 271.2 1182 c
271.5 1172.5 l 275.5 1172 l
278.7 1171.6 279.5 1171.1 279.5 1169.5 c
279.5 1167.9 280.3 1167.4 283.2 1167.2 c
285.8 1167 287.1 1166.3 287.5 1164.9 c
287.9 1163.9 289 1163 290 1163 c
290.9 1163 292 1162.1 292.3 1161.1 c
292.6 1160 294 1158.9 296 1158.5 c
302.9 1157 303 1156.5 303 1132.3 c
303.1 1110.9 303.1 1110.4 305.5 1106.5 c
308 1102.5 l 308.2 1128.9 l
308.4 1148.9 308.8 1155.4 309.7 1155.7 c
310.4 1156 311.4 1155.1 311.9 1153.8 c
312.6 1151.8 313.5 1151.5 318.6 1151.2 c
321.9 1151 326.4 1150.2 328.8 1149.4 c
331.1 1148.6 334.6 1148 336.5 1148 c
342.8 1148 343 1146.7 343 1104.9 c
343 1065.2 342.9 1065.8 348.3 1064.5 c
351.1 1063.8 353.6 1059 351.7 1057.8 c
351.1 1057.4 349.5 1057 348.3 1057 c
343.9 1057 343 1056 343 1051.3 c
343 1048.3 343.7 1046 345 1044.3 c
347 1041.7 l 347 1046.9 l
347 1051.3 347.3 1052 348.9 1052 c
352.2 1052 354 1053.1 354 1055.1 c
354 1056.8 354.8 1057 360.2 1057 c
363.7 1057 367 1056.6 367.6 1056.2 c
369.6 1054.9 370 1050.2 368.5 1045.8 c
367.7 1043.4 367 1039.6 367 1037.4 c
367 1034.2 366.6 1033.1 365.2 1032.8 c
363.7 1032.4 363.2 1030.9 362.7 1026.1 c
362.1 1020.7 362.3 1019.5 364.3 1016.9 c
366.5 1013.8 l 367.1 1016.2 l
367.5 1017.5 367.8 1019.9 367.9 1021.7 c
368 1023.4 368.4 1025.1 368.9 1025.5 c
369.4 1025.8 370.2 1029.6 370.6 1034 c
371.2 1040.9 371.5 1042 373.1 1042 c
374.3 1042 375.1 1041.2 375.1 1040 c
375.2 1038.9 375.3 1037.4 375.4 1036.8 c
375.5 1036.1 376.1 1035 376.7 1034.5 c
377.4 1034 378.3 1030 378.6 1025.8 c
379.2 1019.4 379.6 1018 381 1018 c
382.4 1018 382.8 1016.7 383.3 1011.4 c
383.7 1007.7 384.4 1004.3 384.9 1003.6 c
385.4 1003 386.1 999.1 386.5 994.8 c
387 988.5 387.5 987.1 389.1 986.7 c
390.3 986.4 391 985.3 391 984 c
391 981.8 397.9 971.6 398.8 972.5 c
399.7 973.4 397.9 978 396.6 978 c
395.6 978 395 980.1 394.5 985.8 c
394.1 990 393.1 994.7 392.4 996.2 c
391.6 997.7 391 999.3 391.1 999.7 c
391.2 1000.1 391.2 1002.9 391.1 1005.8 c
391 1010.4 390.7 1011.2 388.5 1012 c
386.2 1012.9 386 1013.4 386 1019.4 c
386 1023 385.6 1026.1 385.1 1026.4 c
384.6 1026.7 383.9 1030 383.5 1033.7 c
382.8 1040.5 381.6 1043.5 379.9 1042.4 c
378.8 1041.8 377.8 1046 378.2 1049.6 c
378.6 1053.2 381.4 1053.9 384.3 1051.2 c
385.7 1050 388.4 1049.1 391.6 1048.8 c
395 1048.5 397.4 1047.6 398.8 1046.2 c
400 1045 401.5 1044 402 1044 c
403.9 1044 403 1041.8 400.9 1041.3 c
399.2 1040.8 399 1040.2 399.6 1037.6 c
399.9 1035.9 400.6 1034.1 401.1 1033.6 c
401.6 1033 402 1031.6 402 1030.3 c
402 1028.7 402.6 1028 403.9 1028 c
406 1028 407 1026.1 407 1022.5 c
407 1021.2 407.5 1020 408.2 1019.8 c
408.8 1019.6 409.6 1017.2 409.9 1014.4 c
410.4 1010.5 410.9 1009.4 412.5 1009.2 c
414.3 1009 414.6 1008.1 414.7 1002.9 c
414.8 998.9 415.4 996.3 416.4 995.1 c
417.4 994 418 991.5 418 988.4 c
418 981.9 418.9 979 420.5 979.6 c
421.5 980 422.1 978.7 422.6 975.3 c
423 972.7 423.9 969.6 424.6 968.5 c
425.4 967.4 426 965.6 426 964.4 c
426 961.2 427 959 428.5 959 c
429.3 959 429.9 956.8 430.3 953.1 c
430.7 949.8 431.6 945.7 432.4 943.8 c
433.2 942 434.2 938.4 434.5 935.9 c
434.9 932.4 435.6 931.1 437 930.7 c
438.4 930.3 439 929.3 439 927.5 c
439 923.5 449.6 911.4 451.6 913.1 c
452.4 913.7 453 915.2 453 916.4 c
453 919.2 454.4 921.2 456.1 920.8 c
457.1 920.6 457.6 921.6 457.8 924.2 c
458 926.2 458.8 928.4 459.6 929 c
460.4 929.7 461 931.8 461 933.7 c
461 936.3 461.5 937.3 462.9 937.7 c
464.8 938.2 466 941.7 466 946.7 c
466 948 466.6 950.1 467.4 951.3 c
468.2 952.5 469.1 955.2 469.5 957.4 c
469.9 960 470.8 961.4 472.1 961.7 c
473.5 962.1 474 963.1 474 965.5 c
474 967.3 474.7 969.3 475.5 970 c
476.3 970.7 477 972.9 477 974.9 c
477 979 477.7 980.4 480.2 981.3 c
481.7 981.8 482 983.2 482 989.7 c
482 1004.8 480.8 1017 479.3 1017 c
478.4 1017 478 1015.4 478 1011.4 c
478 1003.6 476 986.7 474.9 985.6 c
474.4 985 474 983.6 474 982.4 c
474 979.2 473 977 471.5 977 c
470 977 469 974.8 469 971.5 c
469 970.3 468.3 968.7 467.5 968 c
466.6 967.3 466 965.1 466 962.8 c
466 959.7 465.6 958.7 464.1 958.3 c
462.7 958 461.9 956.2 461 951.9 c
460.3 948.6 459.3 945.7 458.9 945.4 c
458.4 945.1 458 942.9 458 940.4 c
458 936.6 457.7 935.8 455.5 935 c
453.8 934.4 453 933.3 453 931.7 c
453 930.4 452.3 928.5 451.5 927.4 c
450.7 926.4 450 924.1 450 922.4 c
450 920.7 449.7 919 449.4 918.7 c
448.1 917.4 445.1 920.1 444.5 923 c
444.1 924.6 443.4 926.2 442.9 926.5 c
442.4 926.9 442 928.9 442 931.1 c
442 933.3 441.4 936.1 440.8 937.3 c
440.1 938.5 439.1 942.2 438.5 945.5 c
438 948.8 437.1 951.3 436.6 951.2 c
435.2 950.6 434 953.3 434 957.3 c
434 959.7 433.5 961.3 432.5 961.6 c
431.7 962 431 963.4 431 965 c
431 969.8 429.8 974 428.4 974 c
427 974 426.4 975.8 425.6 982.5 c
424.6 991 421.7 1002 420.4 1002 c
419.1 1002 418.6 1003.8 417.5 1012.2 c
417.2 1014.8 416.5 1017.2 416.1 1017.5 c
415.6 1017.7 414.9 1019.6 414.6 1021.5 c
414.2 1023.4 413.3 1025 412.6 1025 c
410.9 1025 407 1035.6 407 1040 c
407 1042.7 407.3 1043.1 408.8 1042.5 c
409.7 1042.1 413.7 1041.6 417.7 1041.3 c
423.4 1040.8 424.9 1040.4 425.3 1039 c
425.6 1037.7 427.3 1037 431.9 1036.5 c
435.2 1036.1 438.2 1035.4 438.5 1035 c
438.8 1034.5 441.6 1033.8 444.6 1033.4 c
448.8 1032.9 450.4 1032.3 450.7 1031 c
451.2 1029.2 455.2 1028.2 464.5 1027.5 c
466.7 1027.3 470.1 1026.7 472 1026.1 c
473.9 1025.5 477 1025 478.7 1025 c
481.6 1025 482 1024.7 482 1022.5 c
482 1020 482.1 1020 489.9 1020 c
494.3 1020 498.1 1019.6 498.4 1019.1 c
498.8 1018.6 502.8 1017.9 507.5 1017.5 c
514.5 1016.9 516 1016.5 516 1015.1 c
516 1014.2 516.4 1013 516.9 1012.4 c
517.4 1011.9 517.5 1009.9 517.1 1008 c
516.4 1004.6 516.2 1004.4 508.7 1002.6 c
504.4 1001.5 501 1000.1 501 999.4 c
501 998.1 498.8 997 496.2 997 c
493.6 996.9 490 993.4 490 991.1 c
490 987.4 496.9 988.4 498.3 992.2 c
498.7 993.5 500 994 502.4 994 c
504.3 994 506.1 994.4 506.4 994.9 c
506.7 995.3 508.8 996 511 996.4 c
513.5 996.8 515.3 997.7 515.7 998.8 c
516.6 1001.1 518 1002 521.2 1002 c
523.2 1002 523.9 1001.4 524.2 999.8 c
524.4 998.5 525.3 997.4 526.5 997.1 c
529.2 996.6 530 995.2 530 990.6 c
530 988.4 530.6 986.2 531.5 985.6 c
532.4 984.9 532.9 982.6 532.9 979 c
532.9 976 533 941.5 533 902.5 c
533.2 831.5 l 536.6 828 l
540.1 824.5 l 539.5 870.5 l
539.2 895.8 538.7 924.7 538.4 934.7 c
538.1 945.7 538.2 953 538.8 953.4 c
539.3 953.7 540 953 540.3 951.9 c
541.2 948.4 545.5 949.7 545.5 953.5 c
545.6 956.9 544.3 960 542.4 961.5 c
541.6 962.1 540.7 965.7 540.4 970 c
540 974.3 539.1 978.1 538.2 978.9 c
537.3 979.9 537 981.5 537.3 983.7 c
537.6 985.6 537.4 988.2 536.8 989.6 c
535.2 993.1 536.7 994.1 542.7 993.3 c
546.6 992.9 548 992.3 548.3 990.9 c
548.7 989.5 549.7 989 552.2 989 c
554 989 556.4 988.3 557.4 987.5 c
558.5 986.7 560.5 986 561.9 986 c
566.5 986 567.6 984.6 566.2 980.7 c
564.7 976.6 564.5 928 565.9 928 c
567.6 928 568.2 931.9 567.9 941.3 c
567.6 950.1 567.7 950.5 569.8 950.8 c
572 951.1 572 951.4 572 968 c
572 984.5 572 984.8 574.4 986.3 c
575.6 987.2 578.4 988.2 580.4 988.6 c
582.9 989 584.5 990 585 991.4 c
585.7 993.1 585.9 993.2 585.9 991.8 c
586 990.8 586.5 990 587.1 990 c
587.7 990 588 990.5 587.8 991.2 c
587.5 991.9 588.9 993.2 590.8 994.2 c
593.9 995.7 594.4 995.8 596.6 994.3 c
599.3 992.6 599.6 991 597.8 989.2 c
597.1 988.5 596.3 984.9 596 981.2 c
595.6 976.1 595.1 974.5 594 974.5 c
592.9 974.5 592.4 973 592.2 968.6 c
592 965.4 591.2 961.7 590.4 960.4 c
589.5 959.2 588.6 954.7 588.3 950.6 c
587.8 944.2 587.4 943 585.9 943 c
584.5 943 584 941.8 583.4 937.3 c
583 934.1 582.1 930.6 581.4 929.5 c
580.6 928.4 580 925.4 580 922.7 c
580 918.7 579.7 918 578.2 918.2 c
576.8 918.5 576.4 917.4 575.9 911.2 c
575.6 907.1 574.9 903.5 574.3 903.2 c
573 902.3 571.7 892.8 572.6 890.6 c
573.6 887.9 576 890.7 576 894.7 c
576 897.4 576.4 898 577.8 897.8 c
579.2 897.5 579.5 898.4 579.8 903.5 c
580 906.9 580.6 909.9 581.4 910.5 c
582.7 911.5 584.3 920.1 584.1 925.2 c
584 926.7 584.4 928.1 585 928.5 c
585.5 928.8 586 928.3 586.1 927.3 c
586.2 923.3 588 930.5 588.3 935.9 c
588.4 939.3 589 941.9 589.9 942.6 c
590.6 943.2 591.5 946 591.8 948.8 c
592.1 952.9 592.6 954 594 954 c
595.5 954 595.8 955.1 596.2 960.9 c
596.4 965.8 597.1 968.4 598.4 969.9 c
599.6 971.2 600 972.7 599.7 974.1 c
598.8 977.6 600 982.1 601.9 981.8 c
603.2 981.5 603.6 983 604.1 990.8 c
604.7 1000.6 605.4 1002 609.8 1002 c
612.3 1002 612.2 1002 612.4 1013 c
612.5 1020.4 612.5 1020.5 615 1020.3 c
616.4 1020.2 620.3 1020.3 623.8 1020.6 c
629.1 1021.1 630 1021.4 630 1023.1 c
630 1024.5 630.9 1025.2 633 1025.7 c
634.7 1026 636.3 1026.7 636.6 1027.1 c
636.9 1027.6 638.4 1028 640 1028 c
644.1 1028 646 1029 646 1031.1 c
646 1032.4 647 1033.1 649.7 1033.6 c
651.7 1034 654.5 1034.9 655.9 1035.6 c
657.3 1036.4 659.5 1037 660.8 1037 c
662.3 1037 663 1037.6 663 1038.8 c
663 1040.6 664 1041 675.5 1043.8 c
677.2 1044.2 678.9 1045.5 679.5 1046.8 c
680.9 1050.1 686.4 1049.5 686.8 1046.1 c
687.4 1041.8 686.1 1037.3 684 1036.7 c
682.4 1036.3 682 1035.3 682 1031.7 c
682 1029 681.4 1026.8 680.5 1026 c
679.7 1025.3 679 1023.5 679 1022 c
679 1017.3 677.8 1013 676.5 1013 c
674.8 1013 674 1010.7 674 1006.3 c
674 1004.4 673.3 1002.2 672.5 1001.4 c
671.6 1000.4 671 997.9 671 994.7 c
671 989 670.4 987.7 667.8 986.7 c
666.5 986.3 666 985 666 982.3 c
666 980.2 665.3 977.6 664.5 976.6 c
663.7 975.5 663 973 663 971.1 c
663 967 661.7 964.4 660.2 965.4 c
659.2 966 658 960.7 658 955.4 c
658 953.8 657.5 951.9 656.9 951.3 c
655.7 950.1 655.2 947.8 655.1 942.7 c
655 939.7 654.5 938.8 652.6 938 c
650.7 937.3 650.1 936.3 649.8 933.3 c
649.5 929.2 647.7 928.1 647.2 931.7 c
647 933 646.2 934 645.4 934 c
644.3 934 644 935.7 643.9 941.8 c
643.8 948.5 642.4 957.2 642.1 953 c
641.9 950 640.2 954.2 639.5 959.5 c
639.1 962.2 638.5 965 638.1 965.5 c
637.8 966 637.4 968.3 637.4 970.5 c
637.3 972.7 636.8 976.1 636.3 978 c
635.5 981.1 635.1 981.5 632 981.5 c
629.3 981.5 628.4 981.9 628.2 983.5 c
627.9 986.4 629.4 988.2 632.4 988.3 c
634.5 988.5 635 989 635 991.2 c
635 993.3 634.6 993.7 633 993.3 c
631.2 992.8 631 993.4 630.8 1004.9 c
630.4 1021.5 628.5 1020.9 628.4 1004.1 c
628.3 997 628 990.7 627.6 990.2 c
626.5 988.4 623 989.2 623 991.2 c
623 992.2 622.6 993 622.2 993 c
620.2 993 620.2 991.5 622 987.9 c
623.1 985.8 624 982.5 624 980.7 c
624 978.1 624.5 977.1 626 976.7 c
627.4 976.3 628 975.3 628 973.3 c
628 971.8 628.7 969.7 629.5 968.7 c
630.2 967.6 631.2 963.9 631.5 960.4 c
632.1 955.2 632.6 954 633.9 954.2 c
635.1 954.4 635.6 953.4 636 949.5 c
636.3 946.8 637.1 943.6 637.7 942.5 c
638.4 941.4 639.2 937.9 639.5 934.8 c
639.9 930.8 640.6 929 641.5 929 c
643.2 929 645.2 925.6 644.2 924.5 c
643.8 924.2 644.2 923.3 645.1 922.7 c
645.9 922 646.9 920.7 647.3 919.7 c
647.8 918.4 648.6 918.1 650.7 918.6 c
654.1 919.5 655 920.6 655 924.5 c
655 926.2 655.6 928.4 656.4 929.5 c
657.1 930.6 658 934.1 658.4 937.2 c
658.9 941.2 659.6 943 660.6 943 c
662 943 662.5 944.4 663.5 952.4 c
663.9 955.1 664.6 958 665 958.9 c
665.5 959.8 666.2 962.7 666.5 965.3 c
667 968.8 667.5 970 668.5 969.6 c
670.2 969 671 971.1 671 976 c
671 978.1 671.6 980.3 672.5 981 c
673.5 981.8 674 984.1 674 987.6 c
674 992.4 674.3 993.2 676.4 994 c
678.2 994.6 678.7 995.4 678.3 996.9 c
678 998 678.7 1001.6 679.9 1004.9 c
681.1 1008.3 682 1012.6 682 1014.6 c
682 1017.3 682.5 1018.3 683.9 1018.7 c
685.4 1019.1 686 1020.4 686.5 1024.3 c
686.9 1027.2 687.8 1030.8 688.6 1032.5 c
689.3 1034.2 690.1 1039.1 690.2 1043.5 c
690.5 1050.9 690.7 1051.5 692.7 1051.8 c
694.1 1052 695 1052.9 695.2 1054.3 c
695.5 1056.6 700.4 1058 702 1056.3 c
703.5 1054.8 701.7 1043.5 700 1043.5 c
698.9 1043.5 698.3 1041.8 697.9 1036.3 c
697.5 1032.4 696.8 1028.6 696.4 1027.8 c
695.9 1027.1 695 1023.4 694.5 1019.5 c
694 1015.6 693.1 1012.7 692.6 1012.8 c
691.1 1013.4 690 1010.7 690 1006.4 c
690 1004.2 689.3 1000.1 688.5 997.4 c
687.7 994.7 687 990.2 687 987.5 c
687 982.2 685.9 979.3 684.2 980.4 c
683 981.1 682 977.8 682 972.9 c
682 971 681.3 968.5 680.5 967.4 c
679.7 966.4 679 963.3 679 960.5 c
679 954.2 678.1 951 676.5 951 c
675.2 951 674 945.9 674 940.5 c
674 938.8 673.3 936.5 672.5 935.3 c
671.7 934.1 670.7 930.4 670.4 927.2 c
669.9 922.5 669.3 921.1 667.9 920.7 c
666.4 920.3 666 919.2 666 915.3 c
666 912.7 665.3 909.2 664.5 907.6 c
663.7 906.1 663 903.1 663 901 c
663 896.3 662.2 894 660.5 894 c
659.7 894 658.8 890.8 658 884.5 c
657.3 879.2 656.3 874.7 655.9 874.4 c
655.4 874.1 655 871.6 655 868.8 c
655 864.7 654.7 863.7 653 863.3 c
650.7 862.7 650.2 861.2 649.9 854.5 c
649.8 851.8 649.1 848.5 648.4 847.3 c
647.6 846.1 647 843.3 647 841.1 c
647 838.9 646.3 835.1 645.5 832.7 c
644.7 830.4 644 825.8 643.9 822.6 c
643.7 817.6 643.4 816.7 641.3 815.9 c
639.3 815.2 639 814.4 639 810.1 c
639 806.8 638.5 804.8 637.5 804.3 c
636.5 803.7 636 801.2 635.8 796 c
635.6 789.8 635.2 788.5 633.9 788.8 c
632.6 789 632.2 787.7 631.6 782.9 c
631.3 779.5 630.6 776.2 630.1 775.6 c
629.5 775 628.8 770.9 628.4 766.5 c
628 762.1 627.3 758 626.9 757.4 c
625.7 755.9 628.7 753.3 630 754.6 c
630.6 755.2 631.3 758.4 631.6 761.8 c
632 765.7 632.7 768 633.5 768 c
634.8 768 636 772.3 636 777 c
636 778.5 636.7 780.3 637.5 781 c
638.3 781.7 639 783.9 639 786 c
639 792.2 640.1 795.8 642.1 796.3 c
643.7 796.7 644 797.8 644 802.3 c
644 805.4 644.4 808.1 644.9 808.4 c
645.4 808.7 646.4 812.9 647.1 817.7 c
647.7 822.6 648.8 827.1 649.3 827.8 c
649.9 828.5 650.4 831.4 650.4 834.2 c
650.5 838.3 650.9 839.4 652.5 840 c
654.1 840.6 654.6 841.8 654.8 846.6 c
655 849.9 655.8 853.5 656.6 854.7 c
657.4 855.9 658 858.5 658 860.4 c
658 864.7 658.9 867 660.5 867 c
661.3 867 662.1 870.2 663 876.2 c
663.7 881.3 664.7 886 665.2 886.7 c
665.7 887.4 666.2 890 666.3 892.6 c
666.3 896.2 666.7 897.4 668.1 897.7 c
669.9 898.2 671 902 671 907.4 c
671 909.1 671.6 911.4 672.4 912.5 c
673.1 913.6 674.1 917.5 674.4 921.2 c
675 926.4 675.5 927.8 676.6 927.3 c
677.6 927 678 927.5 678 929.1 c
678 932.4 680.1 943.2 681.1 945.2 c
681.6 946.2 682 949.3 682 952.2 c
682 955.1 682.5 958.2 683 959 c
683.5 959.8 684 960 684 959.5 c
684 959 684.7 959.4 685.5 960.4 c
686.4 961.6 687 964.6 687 968.1 c
687 972.2 687.4 973.9 688.5 974.4 c
689.6 974.8 690 976.6 690 981.6 c
690 987.3 690.3 988.3 691.9 988.7 c
693.5 989.1 694 990.4 694.5 994.9 c
694.8 998 695.7 1002.7 696.5 1005.4 c
697.3 1008 698 1012.1 698 1014.4 c
698 1018.6 699.1 1021.3 700.6 1021 c
701.1 1021 702 1024 702.5 1027.7 c
703 1031.4 703.9 1035.1 704.3 1035.7 c
705.3 1037.3 707 1051.9 706.3 1053.6 c
705.6 1055.5 706.8 1057 708.5 1056.3 c
709.3 1056 710 1054.7 710 1053.4 c
710 1052 710.6 1051 711.4 1051 c
712.8 1051 713.5 1047.5 714.3 1037 c
714.4 1034.3 714.9 1033.6 716.2 1033.8 c
717.2 1034 718 1033.7 718.1 1033.3 c
718.2 1032.9 718.4 1029.6 718.5 1026.2 c
718.7 1022.2 719.5 1019.2 720.4 1018.1 c
721.5 1016.9 722 1014.4 722 1010.7 c
722 1005.8 722.3 1005 723.9 1005 c
725.8 1005 727 1000.4 727.1 992.7 c
727.1 991.2 727.4 990 727.9 990 c
729.1 990 731.2 982.9 730.8 980 c
730.6 978.4 731 977.5 732 977.5 c
732.8 977.5 733.8 976 734.3 974 c
734.8 972.1 735.8 968.1 736.7 965.2 c
737.7 961.6 738 958.2 737.5 954.5 c
736.7 947.9 737.5 945 740.1 945 c
741.1 945 742 944.5 742 944 c
742 942.7 745.7 942.7 746.5 944 c
746.8 944.5 747.7 944.7 748.4 944.4 c
750.5 943.6 751.2 947.2 750.5 954.6 c
749.9 959.8 750.1 961.3 751.3 962.3 c
752.2 963.1 753 966 753.3 970.7 c
753.6 974.8 754.6 979 755.4 980.2 c
756.4 981.6 757 984.6 757 988.2 c
757 993 757.3 994 759 994.5 c
761.2 995.2 761.2 995.1 761.6 1002.8 c
761.7 1005.7 762.3 1008.7 762.8 1009.3 c
763.3 1010 764.3 1014.2 765 1018.8 c
765.8 1024.1 766.7 1027 767.5 1027 c
769.1 1027 770 1029.3 770 1033.6 c
770 1035.5 770.7 1038.7 771.5 1040.7 c
772.3 1042.6 773 1046.9 773 1050.1 c
773 1055.5 773.2 1056.1 775.5 1057 c
777.8 1057.9 778 1058.5 778.2 1064.2 c
778.3 1067.7 778.3 1071.7 778.2 1073.2 c
778.1 1074.7 778.5 1076.2 779 1076.5 c
779.6 1076.8 780 1078 780 1079.1 c
780 1080.3 780.7 1081 781.8 1081 c
786.9 1081 790.8 1091.7 787.1 1095.5 c
785.7 1096.9 785.4 1101.8 785 1135.3 c
784.7 1156.3 784.7 1174.8 785 1176.5 c
785.5 1179.1 786 1179.5 789.2 1179.8 c
791.2 1180 793.4 1180.8 794 1181.6 c
794.7 1182.4 796.6 1183 798.2 1183 c
800.3 1183 801.3 1183.6 801.7 1185 c
802.1 1186.4 803.4 1187.2 806.1 1187.6 c
808.3 1188 810 1188.6 810 1189.1 c
810 1189.5 811.4 1190 813.1 1190.2 c
815 1190.4 816.7 1191.3 817.4 1192.5 c
818 1193.6 819 1194.8 819.5 1195.2 c
820.1 1195.6 820.7 1199.7 820.8 1204.5 c
821 1211.8 820.7 1213.6 819 1216 c
817.9 1217.5 817 1219.5 817 1220.4 c
817 1221.3 816.2 1222 815 1222 c
813.7 1222 813 1222.7 813 1223.8 c
813 1224.8 812.7 1226 812.2 1226.4 c
811.8 1226.8 811.5 1227.5 811.4 1227.8 c
811.4 1228.2 810.8 1229.8 810.2 1231.3 c
809.5 1232.9 809 1235.1 809 1236.3 c
809 1239 808 1240.5 805.8 1241.3 c
804.8 1241.6 804 1242.8 804 1243.8 c
804 1244.8 803.7 1245.9 803.4 1246.3 c
803.1 1246.6 802.6 1316.7 802.5 1402 c
802.1 1536.8 802.3 1557.2 803.6 1557.7 c
804.3 1558 805 1558.8 805 1559.5 c
805 1560.3 806 1561 807.2 1561.2 c
808.6 1561.4 809.6 1562.3 809.8 1563.5 c
810 1564.6 810.5 1566.4 811 1567.5 c
811.5 1568.6 812 1570.4 812.2 1571.5 c
812.4 1572.6 813.6 1573.7 815 1574 c
817.5 1574.6 l 817.7 1611.5 l
817.8 1631.9 817.9 1649.3 818 1650.2 c
818 1651.7 818.9 1652 822.5 1652 c
826.3 1652 827 1652.3 827 1654 c
827 1655.7 827.7 1656 830.9 1656 c
833 1656 835.3 1656.6 835.9 1657.4 c
837 1658.7 844.4 1660.7 846.3 1660.2 c
847.9 1659.8 849.2 1665.8 849.2 1674 c
849.2 1685.7 848.6 1687.7 844.5 1688.4 c
842.3 1688.8 841 1689.7 840.7 1691.2 c
840.3 1692.6 839.6 1693.1 838.6 1692.7 c
837.5 1692.2 837 1692.7 837 1694.1 c
837 1695.3 836.4 1697.4 835.6 1698.8 c
834.9 1700.3 833.8 1702.8 833.4 1704.5 c
832.8 1706.5 831.7 1707.6 830.2 1707.8 c
828.6 1708.1 828 1708.8 828 1710.8 c
827.7 1803.2 828.2 1964.6 828.8 1965.1 c
829.2 1965.4 832.4 1965.5 835.9 1965.2 c
841 1964.8 842.4 1964.4 842.7 1962.9 c
843.1 1961.4 844.4 1961 849.4 1960.8 c
855.5 1960.5 l 855.8 1944.1 l
856 1929.8 855.8 1927.5 854.3 1925.8 c
853.2 1924.6 852.5 1921.7 852.2 1917.7 c
852 1914.2 851.2 1911 850.5 1910.4 c
849.3 1909.5 848.7 1902.6 848.9 1892.4 c
849 1888.8 851.9 1887 859 1886.1 c
863 1885.6 863.5 1885.2 864 1882.5 c
864.5 1879.9 864.9 1879.5 867.5 1879.8 c
869.2 1880 870.9 1880.6 871.5 1881.1 c
872.7 1882.3 878.7 1882.3 879.4 1881.1 c
879.7 1880.6 882.5 1880.2 885.6 1880.1 c
888.7 1880.1 891.7 1879.6 892.4 1879.1 c
893.1 1878.5 897.4 1878 902 1877.8 c
910.5 1877.5 l 910.7 1859.8 l
910.8 1849.8 910.4 1841.8 909.9 1841.5 c
908.7 1840.7 908.7 1835.3 910 1834.5 c
911.6 1833.5 911.2 1828.8 909.4 1827.6 c
908.1 1826.6 907.8 1823 907.8 1801 c
907.8 1787 907.5 1773.5 907.1 1771 c
906.5 1766.7 906.4 1766.6 905.2 1768.8 c
904.5 1770 903.6 1773.3 903.3 1776.1 c
903 1779 902.1 1781.4 901.4 1781.7 c
900.6 1782 900 1783.5 900 1785 c
900 1790.3 898.8 1793.8 896.9 1794.3 c
895.3 1794.7 895 1795.8 895 1799.9 c
895 1803.6 894.6 1805.2 893.5 1805.6 c
892.4 1806.1 892 1807.8 892 1812.1 c
892 1816.9 891.6 1818.2 890.2 1818.7 c
887.7 1819.6 887 1821 887 1825.2 c
887 1827.2 886.5 1829.2 885.9 1829.5 c
885.3 1829.9 885.1 1830.8 885.4 1831.6 c
885.7 1832.3 885.5 1833.2 885 1833.5 c
884.4 1833.9 884 1836.4 884 1839.1 c
884 1843.5 883.7 1844.2 881.5 1845 c
879.2 1845.9 879 1846.5 879 1851.9 c
879 1856.2 878.6 1857.9 877.5 1858.4 c
876.4 1858.8 876 1860.4 876 1864.1 c
876 1868.3 875.7 1869.3 874 1869.7 c
872.6 1870.1 872 1871.1 872 1873 c
872 1876.9 871.1 1879 869.3 1879 c
868 1879 867.8 1877.8 868.2 1871.5 c
868.5 1867.4 869.2 1863.4 869.9 1862.6 c
870.6 1861.8 871.4 1858.6 871.7 1855.6 c
872.2 1851.2 872.6 1850 873.9 1850.2 c
875.2 1850.5 875.6 1849.4 875.8 1844.5 c
876 1840.6 876.6 1838.2 877.6 1837.7 c
878.4 1837.3 879 1835.5 879.1 1833.7 c
879.2 1829.4 880.4 1826.5 882.1 1826.5 c
883.1 1826.5 883.7 1824.5 884.3 1820 c
884.7 1816.4 885.5 1813.1 886.1 1812.6 c
886.6 1812 887 1810.2 887 1808.4 c
887 1804.3 887.9 1802 889.5 1802 c
891 1802 892 1798.9 892 1794.3 c
892 1792.5 892.6 1790.7 893.4 1790.3 c
894.2 1789.9 895.3 1787.2 895.7 1784.5 c
896.4 1780.6 897 1779.6 898.3 1779.8 c
900.2 1780.1 900.5 1776.5 900.1 1762.8 c
900 1758.8 900.3 1756 900.9 1756 c
901.4 1756 902.2 1755.1 902.5 1754 c
903 1752.4 904 1752 907 1752 c
910.4 1752 911.1 1752.4 911.6 1754.5 c
911.9 1755.9 912.8 1757 913.5 1757 c
915.1 1757 916.4 1760.5 915.5 1762 c
915.2 1762.5 914.2 1763 913.4 1763 c
912.6 1763 912 1763.9 912 1765 c
912 1766.1 912.6 1767 913.4 1767 c
914.8 1767 916 1771.1 916 1776 c
916 1777.5 916.7 1779.3 917.5 1780 c
918.4 1780.7 919 1782.9 919 1785.2 c
919 1788.3 919.4 1789.3 920.9 1789.7 c
922.8 1790.2 924 1793.7 924 1799 c
924 1800.5 924.7 1802.3 925.4 1803 c
926.2 1803.6 927 1806 927.2 1808.3 c
927.4 1811.4 928 1812.7 929.6 1813.4 c
931.4 1814.2 931.9 1815.5 932.4 1821.4 c
932.8 1825.2 933.5 1828.9 934.1 1829.6 c
934.6 1830.2 935 1831.2 934.9 1831.6 c
934.8 1832.1 934.8 1834.6 934.9 1837.2 c
935 1841.2 935.3 1841.9 937.2 1842.2 c
939.1 1842.4 939.6 1843.2 939.8 1846.2 c
940.1 1850.1 942 1851.6 942 1848 c
942 1846.6 942.7 1846 944.1 1846 c
946.5 1846 951 1841.7 951 1839.4 c
951 1838.7 951.7 1838 952.6 1838 c
954.2 1838 957.9 1834.3 958 1832.6 c
958 1831.4 963.3 1826.5 964.3 1826.8 c
964.7 1826.9 965.3 1826.2 965.7 1825.3 c
966.5 1823.1 971.2 1818.5 972.3 1818.8 c
972.7 1818.9 973.3 1818.2 973.7 1817.3 c
974.6 1814.7 979.3 1810.5 980.8 1810.8 c
981.4 1811 982 1810.3 982 1809.4 c
982 1807.4 986.5 1803 988.6 1803 c
989.3 1803 990 1802.3 990 1801.4 c
990 1799.4 994.5 1795 996.6 1795 c
997.3 1795 998 1794.3 998 1793.4 c
998 1791.4 1002.5 1787 1004.6 1787 c
1005.3 1787 1006 1786.3 1006 1785.4 c
1006 1783.2 1010.1 1779 1012.2 1779 c
1013.2 1779 1014 1778.3 1014 1777.4 c
1014 1775.4 1018.5 1771 1020.6 1771 c
1021.4 1771 1022 1770.1 1022 1768.9 c
1022 1767.7 1022.8 1766.6 1024 1766.3 c
1025.1 1766 1026 1765.1 1026 1764.4 c
1026 1763.6 1026.9 1763 1028 1763 c
1029.2 1763 1030 1762.3 1030 1761.4 c
1030 1759.6 1034.4 1755 1036.1 1755 c
1037.5 1755 1040.8 1751.4 1041.2 1749.4 c
1041.4 1748.3 1042.3 1747.4 1043.4 1747.2 c
1045.7 1746.7 1048.7 1743.7 1049.2 1741.3 c
1049.4 1740.3 1050.5 1739.4 1051.8 1739.2 c
1053 1739 1054 1738.2 1054 1737.4 c
1054 1736.6 1054.6 1736 1055.4 1736 c
1056.2 1736 1057 1735 1057.2 1733.8 c
1057.4 1732.3 1058.3 1731.4 1059.8 1731.2 c
1061 1731 1062 1730.3 1062 1729.5 c
1062 1728.8 1062.9 1728 1064.1 1727.7 c
1065.3 1727.4 1065.9 1726.7 1065.5 1726.1 c
1064.7 1724.7 1069.8 1720 1072.1 1720 c
1073.2 1720 1074 1719.3 1074 1718.5 c
1074 1716.6 1077.2 1713.4 1079.9 1712.5 c
1081.1 1712.2 1082 1711.2 1082 1710.4 c
1082 1708.6 1085.2 1705.4 1087.9 1704.5 c
1089.1 1704.2 1090 1703.2 1090 1702.4 c
1090 1700.6 1093.2 1697.4 1095.9 1696.5 c
1097.1 1696.2 1098 1695.2 1098 1694.4 c
1098 1693.6 1098.9 1692.1 1099.9 1691.1 c
1100.9 1690.1 1102.7 1688.9 1103.9 1688.5 c
1105.1 1688.2 1106 1687.2 1106 1686.4 c
1106 1684.6 1109.6 1681 1111.4 1681 c
1113.1 1681 1115.2 1678.5 1114.2 1677.6 c
1113.6 1677 1116.5 1674.6 1118 1674.5 c
1119.5 1674.4 1122.8 1671.2 1123.1 1669.5 c
1123.4 1668.4 1124.3 1667.4 1125.4 1667.2 c
1127.7 1666.7 1130.6 1663.8 1131.5 1661.1 c
1131.8 1659.9 1132.8 1659 1133.6 1659 c
1135.4 1659 1138.7 1655.7 1139.2 1653.4 c
1139.4 1652.3 1140.3 1651.4 1141.4 1651.2 c
1143.5 1650.8 1146.4 1648.1 1147.3 1645.7 c
1147.7 1644.7 1148.7 1643.7 1149.7 1643.3 c
1150.7 1642.9 1152.7 1641.4 1154.2 1639.8 c
1155.7 1638.3 1157.6 1637 1158.5 1637 c
1159.3 1637 1160 1636.2 1160 1635.2 c
1160 1634.2 1160.9 1632.7 1161.9 1631.8 c
1163.4 1630.5 1163.9 1628.3 1164.4 1621.3 c
1164.8 1616.5 1165.4 1611.4 1165.8 1610 c
1166.3 1608.6 1166.6 1602.3 1166.6 1595.9 c
1166.5 1586.3 1166.2 1583.9 1164.8 1582.3 c
1163 1580.3 1163.2 1577.8 1165.6 1572.3 c
1166.4 1570.6 1167 1568.7 1167 1568.1 c
1167 1567.5 1168.1 1566.5 1169.5 1566 c
1171.4 1565.3 1172 1564.3 1172 1562.1 c
1172 1560.6 1172.6 1558.7 1173.4 1558.1 c
1174.2 1557.5 1175.1 1554.4 1175.5 1551.4 c
1176 1547.4 1176.5 1546 1177.5 1546.4 c
1179.1 1547 1180 1545 1180 1541 c
1180 1539.5 1180.6 1537.7 1181.4 1537.1 c
1182.2 1536.5 1183.1 1533.9 1183.5 1531.5 c
1183.9 1528.8 1184.6 1527 1185.4 1527 c
1187 1527 1188 1523.9 1188 1519.3 c
1188 1517.6 1188.4 1515.9 1188.9 1515.6 c
1189.3 1515.3 1190.3 1512.3 1191.1 1509 c
1191.9 1505.5 1192.9 1503 1193.7 1503 c
1195.2 1503 1196 1500.3 1196.5 1493 c
1197.1 1484 1201.1 1475.3 1202.6 1479.6 c
1203 1480.6 1204.3 1482.8 1205.4 1484.3 c
1207.1 1486.6 1207.4 1488.3 1207.2 1494 c
1206.9 1500.5 1207 1501 1208.9 1501 c
1210.2 1501 1211.1 1501.8 1211.4 1503.2 c
1211.7 1504.5 1212.1 1506.6 1212.4 1508 c
1214.8 1519.8 1215.7 1522.5 1217.3 1522.8 c
1218.3 1523 1219.2 1524.5 1219.5 1526.8 c
1220.5 1532.8 1220.9 1533.5 1222.2 1532.2 c
1222.9 1531.5 1224.4 1531 1225.7 1531 c
1227.3 1531 1228 1530.4 1228 1529.1 c
1228 1528.1 1229.7 1526.1 1232 1524.6 c
1234.2 1523.2 1236 1521.4 1236 1520.6 c
1236 1519.9 1236.6 1518.7 1237.4 1518.1 c
1238.3 1517.3 1238.6 1515.1 1238.3 1510.2 c
1237.9 1502.8 1239.1 1498 1241.5 1498 c
1242.7 1498 1243 1496.6 1243.1 1491.8 c
1243.1 1488.3 1243.6 1482.8 1244.1 1479.5 c
1244.6 1476.2 1245.5 1469 1246.1 1463.5 c
1247 1456.1 1247.8 1453 1249.1 1451.7 c
1250.4 1450.5 1251 1448.5 1251 1445.2 c
1251 1442.6 1251.7 1439.2 1252.5 1437.6 c
1253.3 1436.1 1254 1432.7 1254 1430.1 c
1254 1423.8 1254.8 1421.3 1257 1420.7 c
1258.3 1420.4 1259 1418.9 1259.5 1415.4 c
1259.9 1412.7 1260.6 1410 1261 1409.5 c
1261.5 1408.9 1262.2 1405.7 1262.6 1402.2 c
1263.1 1397.1 1263.6 1396 1265.1 1396 c
1266.6 1396 1267 1395.2 1267 1392.1 c
1267 1389.9 1267.6 1387.7 1268.5 1387 c
1269.3 1386.3 1270 1384.1 1270 1382 c
1270 1379.9 1270.6 1377.7 1271.4 1377.1 c
1272.2 1376.4 1273.1 1374.1 1273.5 1371.9 c
1274 1369.1 1274.7 1368 1276 1368 c
1277.3 1368 1277.9 1367 1278.3 1364.2 c
1279 1359.4 1279.4 1357.8 1280.4 1356.1 c
1280.9 1355.3 1281.6 1353.3 1282 1351.6 c
1282.4 1349.9 1283.2 1348.6 1283.8 1348.7 c
1285.2 1349 1290 1338.8 1290 1335.5 c
1290 1333.8 1290.6 1333 1291.8 1333 c
1293 1333 1294.3 1331 1296 1326.7 c
1297.5 1323 1299.1 1320.5 1300 1320.5 c
1301 1320.5 1301.6 1319.3 1301.8 1317.2 c
1302 1315.4 1302.8 1313.6 1303.6 1313.3 c
1304.4 1313 1305 1312 1305 1311 c
1305 1307.8 1306.1 1306 1308.1 1306 c
1309.1 1306 1310 1305.5 1310 1304.8 c
1310 1301.9 1314.6 1294 1316.2 1294 c
1317.5 1294 1318 1293.2 1318 1291.1 c
1318 1289.5 1318.6 1287.7 1319.4 1287.1 c
1320.2 1286.4 1321.1 1284.9 1321.4 1283.6 c
1321.7 1282.3 1322.9 1281 1324 1280.7 c
1325.2 1280.4 1326.2 1279.1 1326.6 1277.3 c
1327.3 1273.8 1330.4 1269.9 1332.2 1270.2 c
1332.9 1270.4 1333.6 1269.5 1333.8 1268.2 c
1334 1266.9 1334.8 1265.6 1335.6 1265.3 c
1336.4 1265 1337 1264.2 1337 1263.4 c
1337 1262.6 1337.9 1262 1339 1262 c
1340.3 1262 1341 1261.3 1341 1260.1 c
1341 1259 1342.1 1256.9 1343.4 1255.3 c
1344.6 1253.8 1345.5 1251.9 1345.3 1251.2 c
1345 1250.6 1345.6 1250 1346.6 1250 c
1348.6 1250 1352.7 1245.8 1353.2 1243.3 c
1353.4 1242.3 1354.5 1241.4 1355.8 1241.2 c
1357 1241 1358 1240.2 1358 1239.4 c
1358 1238.6 1358.4 1238 1358.9 1238 c
1359.4 1238 1360 1237 1360.2 1235.8 c
1360.4 1234.5 1361.3 1233.4 1362.5 1233.1 c
1364.3 1232.8 1367.5 1229.4 1367.5 1227.8 c
1367.5 1226.6 1373.1 1222 1374.6 1222 c
1375.3 1222 1376 1221.3 1376 1220.5 c
1376 1219.7 1377.1 1217.9 1378.5 1216.5 c
1379.9 1215.1 1381.7 1214 1382.5 1214 c
1383.3 1214 1384 1213.3 1384 1212.4 c
1384 1210.4 1388.5 1206 1390.6 1206 c
1391.3 1206 1392 1205.1 1392 1204.1 c
1392 1203 1392.9 1201.8 1394 1201.5 c
1395.1 1201.2 1396 1200.2 1396 1199.4 c
1396 1198.6 1396.9 1198 1398 1198 c
1399.1 1198 1400 1197.6 1400 1197.1 c
1400 1196.6 1400.9 1195.9 1401.9 1195.5 c
1403 1195.2 1404 1193.9 1404.2 1192.7 c
1404.4 1191.5 1405 1190.5 1405.5 1190.5 c
1407.6 1190.4 1412 1186.7 1412 1184.9 c
1412 1183.7 1412.7 1183 1413.9 1183 c
1414.9 1183 1416.9 1182.1 1418.3 1181 c
1419.7 1179.9 1421.5 1179 1422.4 1179 c
1423.3 1179 1424 1178.2 1424 1177 c
1424 1175.9 1424.7 1175 1425.5 1175 c
1426.3 1175 1427.4 1174.1 1428 1173 c
1428.6 1171.9 1429.6 1171.3 1430.5 1171.6 c
1431.4 1172 1432.3 1171.5 1432.7 1170.4 c
1433.6 1168 1436 1166.1 1438.2 1166 c
1439.2 1166 1440 1165.5 1440 1165 c
1440 1164.5 1440.7 1164 1441.5 1164 c
1442.4 1164 1443.5 1162.9 1444 1161.5 c
1444.6 1159.8 1445.7 1159 1447.4 1159 c
1448.7 1159 1450.3 1158.4 1451 1157.6 c
1451.6 1156.8 1453.1 1156 1454.3 1155.8 c
1455.7 1155.6 1456.6 1154.7 1456.8 1153.2 c
1457 1152 1457.9 1150.9 1458.8 1150.8 c
1459.7 1150.8 1461.1 1150.6 1461.8 1150.6 c
1462.5 1150.5 1463.4 1150 1463.8 1149.4 c
1464.2 1148.8 1465.3 1148.1 1466.2 1147.7 c
1467.2 1147.4 1468 1146.4 1468 1145.6 c
1468 1144.8 1469.4 1144 1471.4 1143.6 c
1473.3 1143.2 1475.1 1142.3 1475.4 1141.5 c
1475.7 1140.7 1477.5 1139.8 1479.4 1139.4 c
1481.4 1139.1 1483 1138.2 1483 1137.5 c
1483 1136.7 1484.7 1135.6 1486.8 1135 c
1488.8 1134.3 1490.9 1133.4 1491.5 1132.9 c
1492 1132.4 1493.9 1132 1495.8 1132 c
1498.3 1132 1499.3 1131.5 1499.7 1130 c
1500 1128.7 1501.6 1127.6 1504.1 1127 c
1506.2 1126.4 1508.2 1125.5 1508.5 1125 c
1508.8 1124.4 1510.5 1124 1512.2 1124 c
1514.4 1124 1515.3 1123.4 1515.7 1122 c
1516 1120.8 1517.4 1119.8 1518.9 1119.4 c
1520.3 1119.2 1522.8 1118.3 1524.3 1117.5 c
1525.9 1116.7 1528.5 1116 1530.1 1116 c
1532 1116 1533.3 1115.4 1533.7 1114.2 c
1534.6 1111.9 1536 1111 1539.1 1111 c
1540.6 1111 1542 1110.3 1542.4 1109.5 c
1542.8 1108.4 1544.5 1108 1549 1108 c
1553.8 1108 1555 1107.7 1555 1106.4 c
1555 1105.6 1555.7 1104.2 1556.5 1103.4 c
1557.7 1102.2 1558 1098.9 1558 1087.3 c
1558 1073.9 1558.1 1072.8 1559.9 1072.3 c
1561 1072 1562 1071 1562.3 1069.9 c
1562.6 1068.9 1563.5 1068 1564.4 1068 c
1565.3 1068 1566 1067.4 1566 1066.6 c
1566 1065.8 1567 1065 1568.2 1064.8 c
1569.5 1064.6 1570.6 1063.7 1570.9 1062.5 c
1571.1 1061.4 1572.5 1059.4 1573.9 1058 c
1575.4 1056.6 1577 1054.7 1577.3 1053.8 c
1577.7 1052.7 1579 1052 1580.5 1052 c
1581.9 1052 1583 1051.6 1583 1051 c
1583 1050.5 1584.8 1049.7 1587 1049.4 c
1590.4 1048.8 1591 1048.4 1591 1046.4 c
1591 1045.1 1591.3 1044 1591.8 1044 c
1592.2 1044 1592.5 1020.3 1592.4 991.3 c
1592.3 938.6 l 1588.7 936.7 l
1586.4 935.5 1585 934.1 1585 932.9 c
1585 930.9 1582.8 928.3 1579.4 926.4 c
1577.8 925.5 1577.5 924.1 1577.5 917.9 c
1577.5 911.2 1577.7 910.5 1579.5 910.5 c
1580.8 910.5 1581.6 909.7 1581.8 908.2 c
1582 907 1582.7 906 1583.5 906 c
1584.2 906 1585 905.3 1585.4 904.5 c
1585.7 903.7 1586.9 903 1588 903 c
1589.3 903 1590.4 902 1591 900.5 c
1591.7 898.7 1592.7 898 1594.6 898 c
1598.9 898 1600.9 894.5 1601 887 c
1601.1 881.3 1603.7 872.7 1604.1 877 c
1604.3 879.8 1605.8 873.5 1605.9 869.2 c
1606 866.8 1606.6 863.4 1607.4 861.7 c
1608.2 859.9 1609.1 857.3 1609.4 855.9 c
1609.7 854.4 1610.9 853 1612 852.7 c
1613.3 852.4 1614 851.3 1614 849.8 c
1614 848.6 1614.7 846.6 1615.5 845.6 c
1616.3 844.5 1617 842.8 1617 841.8 c
1617 840.8 1618.1 839.5 1619.5 839 c
1621 838.4 1622.2 837 1622.6 835.3 c
1623.6 831.2 1626 827.9 1627.8 828.2 c
1628.7 828.4 1629.6 827.7 1629.8 826.7 c
1630.3 824.2 1634.4 820 1636.4 820 c
1637.3 820 1638 819.3 1638 818.6 c
1638 816.5 1642.4 812 1644.4 812 c
1645.3 812 1646 811.2 1646 810 c
1646 808.9 1646.5 808 1647 808 c
1648.3 808 1648.3 804.3 1647 803.5 c
1645.9 802.8 1646.7 798.3 1648.2 796.4 c
1648.7 795.7 1649 794.8 1648.9 794.4 c
1648.4 791.3 1649.2 788.8 1650.9 788.3 c
1652.2 788 1653.1 786.6 1653.5 783.9 c
1653.9 781.8 1654.6 780 1655 780 c
1655.5 780 1656 779 1656.2 777.8 c
1656.4 776.3 1657.3 775.4 1658.8 775.2 c
1661.5 774.8 1661.7 773.4 1659.1 772.7 c
1657.7 772.4 1657 771 1656.5 767.7 c
1655.5 761.2 1656.6 757.3 1659.6 756.6 c
1661 756.2 1662 755.2 1662 754.2 c
1662 753.2 1662.5 751.9 1663 751.4 c
1663.7 750.7 1663.9 739.7 1663.8 720.4 c
1663.5 690.5 l 1659 690.2 l
1656 690 1654.2 690.3 1653.5 691.3 c
1652.2 693 1640.7 694.4 1636.6 693.2 c
1632.8 692.2 1632.2 690.3 1635.2 689.1 c
1636.5 688.5 1636.8 688.1 1636 688 c
1635.2 688 1635.9 687.1 1637.8 685.9 c
1640.9 683.9 1642.7 683.5 1655.3 682.3 c
1659.1 682 1661.3 681.3 1661.6 680.4 c
1661.8 679.6 1662.3 678.2 1662.6 677.2 c
1663 676.3 1663.4 668 1663.5 658.9 c
1663.7 649.8 1664.1 640.4 1664.5 638.1 c
1665.2 634 1665.3 633.9 1668.8 634.2 c
1672.5 634.5 l 1672.5 654.2 l
1672.5 666 1672.9 674.3 1673.5 674.8 c
1675.4 676.5 1679.8 677.1 1680.3 675.6 c
1680.9 674.2 1693.5 672.8 1697.1 673.7 c
1699 674.2 1699.8 678 1698 678 c
1697.5 678 1697 678.8 1697 679.8 c
1697 681.6 1691.1 683.8 1684.5 684.4 c
1679.7 684.8 1673.6 687.1 1675 688 c
1675.8 688.5 1675.7 688.9 1674.6 689.3 c
1673.2 689.9 1673 693.6 1673 721 c
1673 751.3 1673 752 1675 752 c
1676.2 752 1677 752.7 1677 753.8 c
1677 754.7 1677.9 756.6 1679 758 c
1681.2 760.8 1681.6 766 1679.8 767.8 c
1678.3 769.3 1677.6 776 1679 776 c
1679.5 776 1680 777.1 1680 778.5 c
1680 779.9 1680.9 781.9 1681.9 782.9 c
1683 784 1684 786.4 1684.2 788.2 c
1684.4 790.7 1684.9 791.4 1686.2 791.2 c
1687.5 791 1688 791.6 1688 793.5 c
1688 794.9 1688.7 797.4 1689.5 799 c
1690.8 801.5 1690.8 802.3 1689.8 804 c
1688.7 805.8 1688.8 806.3 1690.1 807.3 c
1691 808 1692 809.4 1692.2 810.5 c
1692.4 811.6 1693.1 812.4 1693.8 812.3 c
1694.4 812.1 1695.4 812.9 1696 814 c
1696.6 815.1 1697.7 816 1698.5 816 c
1699.3 816 1700 816.9 1700 818 c
1700 819.3 1700.7 820 1701.9 820 c
1703 820 1704.2 820.9 1704.5 822 c
1704.8 823.1 1705.8 824 1706.6 824 c
1707.4 824 1708 825 1708 826.5 c
1708 828.3 1708.5 829 1709.9 829 c
1711.3 829 1712 829.9 1712.5 832.1 c
1712.9 833.8 1713.8 835.4 1714.6 835.7 c
1715.4 836 1716 836.8 1716 837.6 c
1716 838.4 1716.9 839 1718 839 c
1719.4 839 1720 839.7 1720 841.1 c
1720 842.2 1720.9 844.3 1722 845.7 c
1723.1 847.1 1724 849.3 1724 850.6 c
1724 852.3 1724.6 853 1726 853 c
1727.6 853 1728 853.7 1728 856.5 c
1728 858.6 1728.6 860.2 1729.6 860.8 c
1730.7 861.4 1731.4 863.7 1731.9 867.6 c
1732.3 871.9 1732.9 873.5 1734 873.5 c
1735.8 873.5 1737 881.1 1736.2 888.7 c
1735.8 893.2 1736 894.1 1737.6 894.7 c
1738.7 895 1739.7 895.6 1740 896 c
1740.3 896.3 1742.1 897.1 1744 897.6 c
1746.5 898.3 1747.6 899.2 1747.8 900.9 c
1748 902.3 1748.7 903 1749.6 902.6 c
1750.3 902.3 1751.5 902.9 1752.2 903.9 c
1752.9 904.8 1754.3 905.9 1755.2 906.3 c
1756.2 906.6 1757 907.6 1757 908.5 c
1757 909.3 1757.6 909.9 1758.2 909.7 c
1759.1 909.6 1759.6 911.4 1759.8 915.8 c
1760.1 921.5 1759.9 922.2 1758 922.7 c
1756.9 923 1756 923.8 1756 924.4 c
1756 925 1755.1 926.4 1753.9 927.4 c
1752.6 928.4 1752 929.9 1752.3 931 c
1752.6 932.1 1752.2 933.4 1751.4 934.1 c
1750.6 934.7 1750 934.9 1750 934.5 c
1750 934.1 1749.3 934.3 1748.5 935 c
1747.2 936.1 1747 943.2 1747 988.3 c
1747 1035.8 1746.9 1040.4 1745.3 1041.5 c
1743.8 1042.6 1743.8 1042.8 1745.8 1043.9 c
1747 1044.5 1748 1046 1748 1047 c
1748 1048.4 1748.7 1049 1750.3 1049 c
1751.5 1049 1753.4 1049.6 1754.5 1050.4 c
1755.6 1051.1 1757.9 1052.1 1759.6 1052.4 c
1761.6 1052.8 1763 1053.9 1763.3 1055.1 c
1763.6 1056.2 1764.7 1057 1765.8 1057 c
1768 1057 1769.2 1059.2 1768.4 1061.5 c
1767.6 1063.4 1772.3 1068 1775 1068 c
1778.1 1068 1780.1 1074.2 1780.5 1084.8 c
1780.7 1090 1780.5 1095.2 1780 1096.4 c
1778.7 1100 1781.8 1102.7 1788.4 1103.5 c
1792.5 1104 1794 1104.6 1793.6 1105.5 c
1793 1107 1795 1108 1798.8 1108 c
1800.3 1108 1802.4 1108.7 1803.4 1109.5 c
1804.5 1110.3 1806.5 1111 1807.9 1111 c
1811 1111 1812.4 1111.9 1813.3 1114.2 c
1813.8 1115.5 1815 1116 1817.9 1116 c
1820.1 1116 1822.1 1116.4 1822.5 1116.9 c
1822.8 1117.4 1825.5 1118.4 1828.5 1119.1 c
1831.9 1119.8 1834 1120.8 1834 1121.7 c
1834 1122.8 1836.5 1124.4 1839.2 1124.9 c
1841.2 1125.3 1846.5 1128.9 1846.3 1129.8 c
1846.2 1130.3 1847.6 1131.1 1849.5 1131.4 c
1851.4 1131.8 1854.2 1132.7 1855.7 1133.5 c
1857.2 1134.3 1859.1 1135 1859.8 1135 c
1860.5 1135 1861.5 1136.1 1862 1137.5 c
1862.7 1139.4 1863.7 1140 1865.9 1140 c
1867.5 1140 1869 1140.6 1869.4 1141.5 c
1869.7 1142.3 1870.9 1143 1872 1143 c
1873.1 1143 1874.4 1143.8 1874.7 1144.8 c
1875.6 1147 1877 1148 1879.8 1148 c
1881 1148 1882 1148.5 1882 1149 c
1882 1149.6 1883.1 1150.5 1884.5 1151 c
1885.9 1151.5 1887 1152.6 1887 1153.5 c
1887 1154.3 1888.2 1155.3 1889.8 1155.6 c
1893.3 1156.5 1898 1160 1898 1161.7 c
1898 1162.4 1898.8 1163 1899.8 1163 c
1900.9 1163 1902.5 1163.9 1903.5 1165 c
1904.5 1166.1 1906.4 1167 1907.7 1167 c
1909.3 1167 1910 1167.6 1910 1168.8 c
1910 1170 1911.7 1171.4 1915 1172.9 c
1918.5 1174.5 1920 1175.8 1920 1177.1 c
1920 1178.3 1920.9 1179.2 1922.6 1179.6 c
1925.5 1180.3 1930 1184.1 1930 1185.9 c
1930 1186.5 1930.6 1187 1931.4 1187 c
1932.2 1187 1934.2 1188.1 1935.8 1189.5 c
1937.5 1190.9 1939.3 1192 1939.9 1192 c
1940.5 1192 1941 1192.6 1941 1193.3 c
1941 1194.8 1945.1 1199 1946.6 1199 c
1948.2 1199 1952 1203.5 1952 1205.3 c
1952 1206.3 1952.8 1207.3 1953.8 1207.6 c
1957.9 1209 1960 1210.5 1960 1212.2 c
1960 1213.3 1961.1 1214.5 1962.5 1215 c
1963.9 1215.5 1965 1216.4 1965 1217 c
1965 1217.5 1965.6 1218 1966.4 1218 c
1967.2 1218 1968 1219 1968.2 1220.2 c
1968.4 1221.7 1969.3 1222.6 1970.8 1222.8 c
1972 1223 1973 1223.8 1973 1224.6 c
1973 1225.4 1973.6 1226 1974.4 1226 c
1975.2 1226 1976 1227 1976.2 1228.2 c
1976.4 1229.7 1977.3 1230.6 1978.8 1230.8 c
1980 1231 1981 1231.8 1981 1232.6 c
1981 1233.4 1981.7 1234 1982.5 1234 c
1983.3 1234 1984 1234.8 1984 1235.8 c
1984 1236.9 1984.9 1238.5 1986 1239.5 c
1987.1 1240.5 1988 1242.4 1988 1243.7 c
1988 1245 1988.6 1246 1989.5 1246 c
1991.3 1246 1995.7 1250.4 1996.2 1252.7 c
1996.4 1253.7 1997 1254.5 1997.5 1254.5 c
1998.7 1254.5 2003 1258.7 2002.9 1259.7 c
2002.6 1261.9 2004.5 1265 2006.1 1265 c
2007.9 1265 2008.4 1266 2008.1 1268.8 c
2008 1269.4 2008.6 1270 2009.4 1270 c
2010.2 1270 2011.1 1270.9 2011.5 1271.9 c
2011.8 1272.9 2013 1274 2014.1 1274.3 c
2015.2 1274.6 2016 1275.2 2015.8 1275.7 c
2015.4 1277.3 2017.1 1280.8 2018.5 1281.4 c
2019.3 1281.7 2020 1283 2020 1284.4 c
2020 1285.9 2020.7 1286.9 2022 1287.3 c
2023.5 1287.7 2024 1288.7 2024 1290.9 c
2024 1292.9 2024.5 1294 2025.4 1294 c
2026.6 1294 2028.6 1298.4 2028.2 1300.2 c
2028.1 1300.7 2028.7 1301 2029.5 1301 c
2030.3 1301 2031.5 1302 2032.1 1303.2 c
2032.8 1304.5 2033.9 1306.1 2034.7 1306.8 c
2035.4 1307.5 2036 1309.2 2036 1310.6 c
2036 1312.1 2036.6 1313 2037.5 1313 c
2038.4 1313 2039.5 1314.2 2040.2 1315.8 c
2042.8 1322.3 2045.5 1326.8 2046.1 1325.8 c
2046.5 1325.2 2047.1 1326.3 2047.5 1328.1 c
2047.9 1330 2048.6 1332 2049 1332.5 c
2049.4 1333 2050.3 1335.3 2051 1337.5 c
2052.7 1342.8 2053.1 1343.4 2054 1342 c
2054.4 1341.3 2055.3 1343 2056 1346.1 c
2056.7 1349.1 2057.7 1352 2058.2 1352.7 c
2058.7 1353.3 2059.4 1355 2059.8 1356.4 c
2060.2 1357.8 2060.9 1358.9 2061.4 1358.9 c
2062.8 1358.8 2064 1361.3 2064 1364.6 c
2064 1366.5 2064.6 1368 2065.5 1368.4 c
2066.4 1368.7 2067 1370.3 2067 1372.5 c
2067 1375.4 2067.5 1376.2 2069.5 1377 c
2071.6 1377.8 2072 1378.6 2072 1382.4 c
2072 1385 2072.6 1387.2 2073.5 1388 c
2074.3 1388.6 2074.9 1389.5 2074.8 1389.8 c
2074.4 1392.9 2075.3 1395.3 2076.9 1395.7 c
2078.5 1396.1 2079 1397.4 2079.6 1401.9 c
2080 1405 2080.9 1408.4 2081.6 1409.5 c
2082.4 1410.6 2083 1413.6 2083 1416.3 c
2083 1419.9 2083.4 1421.2 2084.8 1421.7 c
2087.5 1422.7 2088 1424.1 2088 1430.2 c
2088 1433.4 2088.4 1436 2088.9 1436 c
2089.5 1436 2090.2 1438.1 2090.5 1440.8 c
2090.9 1443.4 2091.8 1449 2092.6 1453.4 c
2093.4 1457.7 2094 1463 2094 1465.1 c
2094 1467.7 2094.7 1469.5 2096.2 1471 c
2098 1472.7 2098.4 1474.4 2098.8 1481.7 c
2099 1486.6 2099.7 1491.1 2100.2 1491.7 c
2100.8 1492.4 2101.5 1498.6 2101.8 1505.5 c
2102.2 1516.8 2102.5 1518 2104.1 1518 c
2105.4 1518 2106 1518.7 2106 1520.1 c
2106 1521.3 2106.8 1522.4 2108 1522.7 c
2109.1 1523 2110 1523.6 2110 1524.1 c
2110 1524.6 2111.1 1525.5 2112.5 1526 c
2114 1526.6 2115 1527.7 2115 1529 c
2115 1530.1 2115.5 1531 2116.1 1531 c
2116.6 1531 2117.6 1532.4 2118.2 1534.1 c
2118.8 1535.9 2119.8 1536.9 2120.5 1536.6 c
2122.1 1536 2123 1538.1 2123 1542 c
2123 1543.5 2123.6 1545 2124.4 1545.3 c
2125.2 1545.6 2126 1546.9 2126.2 1548.2 c
2126.4 1549.5 2127.1 1550.5 2127.9 1550.5 c
2129.7 1550.5 2130.8 1553.5 2130.9 1558.2 c
2131 1561.2 2130.6 1561.9 2128.8 1562.2 c
2127.7 1562.4 2126.6 1563.3 2126.4 1564.3 c
2126.3 1565.3 2125.5 1567.1 2124.7 1568.3 c
2123.9 1569.5 2122.9 1572 2122.6 1573.8 c
2122 1576.1 2121.3 1577 2119.8 1577 c
2118.7 1577 2117.6 1577.8 2117.3 1579 c
2116.5 1582.1 2115 1581.4 2115 1578 c
2115 1576.2 2115.6 1574.7 2116.5 1574.4 c
2118.1 1573.8 2118.7 1567 2117.2 1565.6 c
2116.8 1565.2 2116.5 1564.3 2116.5 1563.7 c
2116.5 1563 2115 1562.1 2113.2 1561.5 c
2111.5 1561 2110 1560.1 2110 1559.4 c
2110 1558.8 2109.1 1558 2108 1557.7 c
2106.7 1557.4 2106.2 1556.7 2106.6 1555.6 c
2107.1 1554.4 2106.6 1554 2104.6 1554 c
2103 1554 2102 1553.4 2102 1552.5 c
2102 1551.7 2101.1 1550.6 2100 1550 c
2098.9 1549.4 2098 1548.3 2098 1547.5 c
2098 1546.7 2097.2 1546 2096.2 1546 c
2095.1 1546 2093.5 1545.1 2092.5 1544 c
2091.5 1542.9 2090.1 1542 2089.3 1542 c
2088.6 1542 2088 1541.1 2088 1540 c
2088 1538.7 2087.3 1538 2086.2 1538 c
2085.1 1538 2083.3 1537.1 2082 1536 c
2080.7 1534.9 2078.8 1534 2077.8 1534 c
2076.7 1534 2074.7 1533.1 2073.3 1532 c
2071.9 1530.9 2069.8 1530 2068.8 1530 c
2067.4 1530 2067 1529.5 2067.3 1528.5 c
2067.8 1527.5 2066.9 1526.9 2064.2 1526.4 c
2059.7 1525.5 2056.1 1523.1 2056 1520.8 c
2056 1519.7 2054.8 1519 2052 1518.5 c
2049.8 1518.1 2048 1517.4 2048 1516.9 c
2048 1516.4 2047.1 1516 2045.9 1516 c
2043.1 1516 2040 1514.2 2040 1512.6 c
2040 1511.7 2038.4 1510.9 2036 1510.5 c
2033.8 1510.1 2032 1509.5 2032 1509 c
2032 1508.6 2030.4 1507.9 2028.4 1507.5 c
2026.1 1507.1 2024.6 1506.2 2024.3 1505.1 c
2023.9 1503.7 2022.4 1503.1 2017.9 1502.6 c
2014.7 1502.2 2011.8 1501.5 2011.5 1501 c
2011.1 1500.4 2009.6 1500 2008.1 1500 c
2003.9 1500 1998.8 1498 1999.4 1496.5 c
1999.7 1495.6 1997.8 1495 1992.7 1494.5 c
1988.8 1494.2 1984.7 1493.2 1983.6 1492.4 c
1982.5 1491.6 1980 1491 1978.2 1491 c
1975.7 1491 1974.7 1490.5 1974.3 1489.1 c
1973.9 1487.6 1972.5 1487.2 1967.3 1486.7 c
1963.7 1486.3 1960.2 1485.6 1959.6 1485.1 c
1958.9 1484.5 1954.3 1483.8 1949.2 1483.4 c
1942.6 1482.9 1939.4 1482.2 1937.9 1481 c
1936.7 1479.8 1933.3 1478.9 1928.7 1478.5 c
1924.7 1478.1 1921 1477.4 1920.5 1477 c
1920 1476.6 1915.8 1475.9 1911.2 1475.5 c
1905.4 1475 1903 1474.4 1903 1473.5 c
1903 1471.6 1900.9 1471.1 1888 1470.4 c
1881.7 1470.1 1875.8 1469.4 1874.8 1468.9 c
1873.9 1468.4 1869.3 1468 1864.6 1468 c
1855 1468 1853 1467.5 1853 1465 c
1853 1463.5 1851.3 1463.2 1836.3 1462.7 c
1826.4 1462.4 1819.4 1461.7 1819 1461.1 c
1818.7 1460.5 1816.6 1460.1 1814.4 1460.2 c
1807.2 1460.4 1779.5 1459.1 1777.7 1458.5 c
1776.8 1458.1 1776 1457.2 1776 1456.6 c
1776 1455.7 1774.1 1455.3 1770.1 1455.3 c
1765.2 1455.3 1764.1 1455.6 1763.7 1457.2 c
1763 1459.6 1760.9 1459.5 1760.3 1457.1 c
1759.9 1455.3 1758 1455.2 1727.2 1454.5 c
1679.8 1453.4 1583.8 1454.6 1582.5 1456.4 c
1580.9 1458.4 1577.4 1458.9 1560.4 1459.6 c
1551.6 1459.9 1543.6 1460.5 1542.5 1461 c
1541.4 1461.4 1533.8 1462.3 1525.7 1462.8 c
1514.2 1463.6 1510.6 1464.2 1509.7 1465.4 c
1508.7 1466.6 1505.5 1467.1 1494 1467.6 c
1485.3 1468 1479.2 1468.7 1478.8 1469.4 c
1478.4 1470 1474.1 1470.7 1469.1 1470.8 c
1461.6 1471.1 1460.1 1471.5 1459.7 1473 c
1459.3 1474.5 1457.8 1474.8 1450.4 1475.2 c
1445.5 1475.4 1440.8 1476 1440 1476.5 c
1439.2 1477 1438 1477.5 1437.5 1477.5 c
1423.2 1478.6 1418 1479.4 1418 1480.5 c
1418 1482.4 1415.9 1482.9 1405.2 1483.6 c
1399.8 1484 1394.6 1484.9 1393.5 1485.6 c
1392.4 1486.4 1389 1487 1385.9 1487 c
1381.1 1487 1380.2 1487.3 1379.7 1489 c
1379.3 1490.6 1378.3 1491 1375.3 1491 c
1373.2 1491 1369.9 1491.5 1368 1492.1 c
1366.1 1492.7 1361.3 1493.4 1357.5 1493.8 c
1351.2 1494.4 1350.5 1494.7 1350.2 1496.8 c
1349.9 1498.8 1349.3 1499 1344.3 1499 c
1340.6 1499 1338.1 1499.5 1336.9 1500.6 c
1335.4 1502 1332.4 1502.7 1327.8 1502.9 c
1326.7 1503 1326 1503.8 1326 1504.9 c
1326 1506.4 1325 1506.8 1320.3 1507.3 c
1317.2 1507.6 1314.4 1508.4 1314 1509 c
1313.6 1509.6 1311.4 1510.4 1309.1 1510.7 c
1306.7 1511 1305 1511.8 1305 1512.6 c
1305 1513.9 1303.9 1514.4 1298.2 1515.5 c
1296.5 1515.9 1295 1516.6 1295 1517.1 c
1295 1517.6 1294 1518 1292.8 1518 c
1288.7 1518 1286.1 1519.1 1286.7 1520.6 c
1287 1521.4 1286.4 1522.2 1285.4 1522.6 c
1284.3 1522.9 1282 1523.9 1280.1 1524.8 c
1278.2 1525.7 1276 1526.4 1275.2 1526.2 c
1274.5 1526 1273.6 1526.8 1273.3 1527.9 c
1273 1528.9 1271.5 1530.4 1269.9 1531 c
1268.3 1531.7 1267 1532.6 1267 1533.1 c
1267 1533.6 1266 1534 1264.7 1534 c
1263.5 1534 1261.7 1534.9 1260.7 1536 c
1259.8 1537.1 1258.1 1538 1257 1538 c
1255.9 1538 1255 1538.5 1255 1539.1 c
1255 1540.7 1250.5 1544.8 1248.3 1545.2 c
1247.3 1545.4 1246.4 1546.5 1246.2 1547.8 c
1246 1549 1245.3 1550 1244.5 1550 c
1243.8 1550 1243 1550.7 1242.6 1551.5 c
1242.3 1552.4 1240.8 1553 1239 1553 c
1237 1553 1236 1552.5 1236 1551.5 c
1236 1550.7 1236.4 1550 1236.9 1550 c
1237.4 1550 1238 1549 1238.2 1547.8 c
1238.4 1546.5 1239.3 1545.4 1240.3 1545.2 c
1242.8 1544.7 1246.6 1540.9 1246.2 1539.3 c
1246 1538.6 1246.8 1538 1248 1538 c
1249.1 1538 1250.8 1537.1 1251.7 1536 c
1252.7 1534.9 1254.4 1534 1255.7 1534 c
1256.9 1534 1258.3 1533.4 1258.7 1532.7 c
1259.1 1531.9 1260.3 1531.1 1261.2 1530.7 c
1262.2 1530.4 1263 1529.4 1263 1528.6 c
1263 1527.8 1264.3 1526.9 1266 1526.5 c
1267.6 1526.1 1269.3 1525.3 1269.7 1524.6 c
1270.2 1523.9 1271.3 1523.1 1272.2 1522.7 c
1273.2 1522.4 1274 1521.4 1274 1520.5 c
1274 1519.7 1274.8 1519 1275.8 1519 c
1276.7 1519 1278.7 1518.4 1280.2 1517.6 c
1281.7 1516.8 1284.3 1515.9 1286.1 1515.5 c
1287.9 1515.1 1289.4 1514 1289.7 1513 c
1290 1511.9 1291.5 1510.9 1293.8 1510.5 c
1295.8 1510.1 1297.9 1509.5 1298.5 1509.2 c
1299 1508.9 1300.1 1508.5 1301 1508.3 c
1307.9 1507.1 1309.3 1506.6 1309.7 1505 c
1310.2 1503.1 1312.8 1502 1317.1 1502 c
1318.6 1502 1320.3 1501.3 1321 1500.5 c
1321.8 1499.5 1324.1 1499 1327.6 1499 c
1332.4 1499 1333.2 1498.7 1333.9 1496.7 c
1334.6 1495 1335.7 1494.4 1338.4 1494.2 c
1340.4 1494 1343.1 1493.5 1344.3 1493.1 c
1345.6 1492.6 1349.2 1491.9 1352.4 1491.5 c
1356.8 1490.9 1358.4 1490.3 1358.7 1489 c
1359.3 1486.9 1361.9 1486 1367.5 1486 c
1369.8 1486 1372.1 1485.5 1372.6 1485 c
1373.2 1484.4 1376.9 1483.6 1380.8 1483.3 c
1386.3 1482.9 1387.9 1482.3 1388.3 1481 c
1388.6 1479.6 1390.5 1479.2 1398.1 1478.6 c
1403.2 1478.2 1407.9 1477.5 1408.6 1476.9 c
1409.2 1476.4 1413.8 1475.7 1418.9 1475.3 c
1424.9 1474.9 1428 1474.3 1428 1473.5 c
1428 1471.9 1437.2 1470 1444.2 1470.2 c
1447.6 1470.3 1450.5 1469.9 1451.2 1469.2 c
1451.9 1468.5 1454.4 1468 1457 1468 c
1464 1468 1469 1466.9 1469 1465.4 c
1469 1464.6 1469.3 1464 1469.8 1464 c
1471 1463.9 1496.9 1461 1505 1460 c
1509.1 1459.5 1515.5 1459.1 1519.1 1459.1 c
1524.8 1459 1525.8 1458.7 1526.3 1457.1 c
1526.9 1454.8 1530.7 1454.3 1553 1453.6 c
1561.5 1453.4 1569.2 1452.9 1570 1452.6 c
1572 1451.8 1599.6 1451.2 1634.2 1451.1 c
1658.2 1451 1662 1450.8 1662 1449.5 c
1662 1448.3 1663.6 1448 1670.1 1448 c
1676.9 1448 1678.1 1448.2 1677.6 1449.5 c
1677.2 1450.5 1677.7 1451 1679 1451 c
1680.3 1451 1680.8 1450.5 1680.4 1449.5 c
1679.9 1448.3 1680.7 1448 1683.9 1448 c
1686.9 1448 1688 1448.4 1688 1449.5 c
1688 1450.8 1691.4 1451 1712.8 1451 c
1747.3 1451.1 1786.3 1452.1 1787.5 1453 c
1788 1453.4 1796.6 1454 1806.5 1454.3 c
1825.4 1454.9 1828.5 1455.4 1827.6 1457.6 c
1827.2 1458.7 1829.1 1459 1837.8 1459 c
1843.9 1459 1851.3 1459.6 1855 1460.5 c
1858.6 1461.3 1866.8 1462.3 1873.4 1462.6 c
1883.9 1463.1 1885.3 1463.4 1885.7 1465.1 c
1886.2 1467 1890 1467.7 1897.7 1467.1 c
1899.5 1467 1902.2 1467.6 1903.8 1468.4 c
1905.6 1469.3 1909.9 1470 1914.6 1470.1 c
1923.7 1470.2 1929 1471.5 1929 1473.6 c
1929 1474.6 1930.4 1475 1934.2 1475.1 c
1937.1 1475.1 1941.5 1475.5 1944 1476 c
1946.5 1476.4 1951.4 1477.3 1955 1477.9 c
1965 1479.6 1966 1479.9 1966 1481.5 c
1966 1482.6 1967.1 1483 1969.8 1483 c
1971.9 1483 1975.6 1483.6 1978.1 1484.4 c
1980.5 1485.2 1984.6 1486.1 1987.3 1486.5 c
1991.1 1487 1992 1487.5 1992 1489.1 c
1992 1490.6 1992.7 1491 1995.5 1491 c
1997.5 1491 2000.5 1491.6 2002.3 1492.3 c
2004.1 1493.1 2005.7 1493.7 2006 1493.7 c
2012.4 1494.1 2016.9 1495.4 2017.3 1497.1 c
2017.7 1498.5 2018.6 1499 2020.7 1498.8 c
2022.2 1498.7 2024.9 1499.3 2026.5 1500.2 c
2028.2 1501.1 2030.7 1502.1 2032.1 1502.4 c
2033.6 1502.7 2035 1503.8 2035.3 1505 c
2035.7 1506.4 2036.6 1507 2038.8 1507 c
2040.4 1507 2042.3 1507.7 2043 1508.5 c
2043.7 1509.3 2045.6 1510 2047.1 1510 c
2049.3 1510 2050.3 1510.6 2051 1512.5 c
2051.6 1514.2 2052.7 1515 2054.4 1515 c
2055.7 1515 2057.3 1515.7 2058 1516.5 c
2058.7 1517.3 2060.3 1518 2061.6 1518 c
2063 1518 2064.6 1519 2065.6 1520.5 c
2066.5 1522 2068.2 1523 2069.5 1523 c
2070.8 1523 2072 1523.6 2072.3 1524.4 c
2072.6 1525.2 2074.4 1526 2076.2 1526.2 c
2078.6 1526.4 2079.6 1527 2079.8 1528.5 c
2080.1 1530.4 2084 1533 2086.6 1533 c
2087.2 1533 2088.9 1534.1 2090.4 1535.5 c
2091.9 1536.9 2093.5 1538 2094.1 1538 c
2094.6 1538 2095 1538.8 2094.8 1539.8 c
2094.6 1541 2095.3 1541.6 2097.3 1541.8 c
2098.8 1542 2100.6 1543 2101.3 1544.1 c
2101.9 1545.1 2103.3 1546 2104.2 1546 c
2105.3 1546 2106 1546.8 2106 1548 c
2106 1549.1 2106.7 1550 2107.5 1550 c
2108.3 1550 2109.4 1550.9 2110 1552 c
2110.6 1553.1 2111.4 1553.9 2111.8 1553.9 c
2114 1553.5 2115 1554.2 2115 1556 c
2115 1557.1 2115.6 1558 2116.2 1558 c
2116.9 1558 2118.5 1558.3 2119.8 1558.6 c
2121.8 1559.2 2122 1558.9 2122 1554.6 c
2122 1550.7 2121.7 1550 2120 1550 c
2118.6 1550 2118 1549.3 2118 1547.7 c
2118 1546.4 2117.3 1544.5 2116.5 1543.4 c
2115.7 1542.4 2115 1540.5 2115 1539.3 c
2115 1536.1 2114 1534 2112.4 1534 c
2110.6 1534 2107.3 1530.7 2106.8 1528.4 c
2106.6 1527.3 2105.7 1526.4 2104.6 1526.2 c
2102.3 1525.7 2099.3 1522.7 2098.8 1520.4 c
2098.6 1519.3 2097.7 1518.4 2096.6 1518.2 c
2094.3 1517.7 2091 1514.4 2091 1512.6 c
2091 1511.8 2090.1 1510.8 2089 1510.5 c
2087.9 1510.2 2087 1509.5 2087 1509.1 c
2087 1508.6 2085.6 1508 2084 1507.6 c
2082 1507.2 2080.6 1506.2 2080 1504.5 c
2079.5 1503.1 2078.3 1502 2077.3 1502 c
2076.3 1502 2074.6 1501.3 2073.6 1500.5 c
2072.5 1499.7 2070.8 1499 2069.7 1499 c
2068.7 1499 2067.6 1498.1 2067.3 1497.1 c
2067 1495.9 2065.6 1494.8 2063.7 1494.4 c
2062 1494.1 2059.3 1492.9 2057.7 1491.9 c
2056 1490.9 2054.2 1490.4 2053.8 1490.7 c
2053.3 1491 2052.6 1490.3 2052.3 1489.2 c
2052.1 1488.1 2051.1 1486.9 2050.2 1486.6 c
2049.2 1486.3 2047.8 1485.6 2047 1485.1 c
2046.2 1484.6 2044.2 1483.8 2042.6 1483.5 c
2040.9 1483.1 2039.6 1482.1 2039.2 1480.8 c
2038.7 1478.7 2038.6 1478.7 2037.9 1480.6 c
2037.2 1482.2 2037.1 1482.3 2037.1 1480.8 c
2037 1479.7 2036.2 1479 2035.1 1479 c
2034.1 1479 2032.7 1478.3 2032 1477.5 c
2031.3 1476.7 2029.9 1476 2028.8 1476 c
2026.1 1476 2023 1474.2 2023 1472.6 c
2023 1471.9 2022.4 1471.3 2021.8 1471.2 c
2016.6 1470.5 2003 1466.3 2003 1465.4 c
2003 1463.9 2000.6 1463 1996.5 1463 c
1994.6 1463 1992.9 1462.6 1992.6 1462.1 c
1992.2 1461.6 1990.1 1460.9 1987.7 1460.5 c
1981.1 1459.5 1980 1459 1980 1457.1 c
1980 1455.6 1978.9 1455.2 1974.4 1454.7 c
1971.3 1454.4 1968.2 1453.6 1967.7 1453.1 c
1967.1 1452.5 1965 1452 1963 1452 c
1955.8 1452 1952 1450.9 1952 1448.8 c
1952 1447.7 1951.5 1447 1950.8 1447.3 c
1950.1 1447.5 1949.5 1449.2 1949.5 1451.1 c
1949.5 1454.8 1947.9 1455.7 1943.4 1454.6 c
1941.4 1454.1 1941 1453.4 1941.2 1450.7 c
1941.5 1447.7 1941.2 1447.5 1938.2 1447.2 c
1936.4 1447 1934.6 1446.2 1934.3 1445.4 c
1933.9 1444.4 1932.1 1444 1928.1 1444 c
1920.8 1444 1918 1443.2 1918 1441 c
1918 1439.5 1916.6 1439.2 1907.3 1438.7 c
1901.5 1438.4 1896.2 1437.6 1895.6 1437 c
1895.1 1436.5 1891.2 1436 1886.9 1436 c
1875.2 1436 1870 1435.1 1870 1433 c
1870 1431.4 1868.7 1431.2 1858.5 1430.9 c
1851.2 1430.6 1846.6 1430 1845.8 1429.2 c
1845 1428.4 1841 1428 1833.2 1428 c
1822.7 1428 1821.8 1427.8 1821.3 1426 c
1820.6 1423.5 1818.5 1423.2 1798 1422.7 c
1788.9 1422.5 1780.5 1421.8 1779.5 1421.3 c
1776.9 1419.9 1729.4 1419.5 1728.6 1420.9 c
1727.8 1422.1 1733.9 1423 1740.6 1422.8 c
1746.1 1422.7 1748 1423.3 1748 1425.6 c
1748 1426.7 1746.3 1427 1740.2 1427.1 c
1736 1427.1 1700.6 1427.3 1661.6 1427.4 c
1604.1 1427.7 1590.6 1428 1589.9 1429.1 c
1589.5 1429.8 1587.9 1430.5 1586.3 1430.6 c
1584.8 1430.8 1579.6 1431.2 1574.8 1431.5 c
1568.5 1432 1566 1432.6 1566 1433.5 c
1566 1435.1 1561 1435.6 1541.1 1435.9 c
1532.2 1436 1524.8 1436.6 1523.6 1437.2 c
1522.5 1437.8 1515 1438.5 1507 1438.8 c
1494.3 1439.2 1492.3 1439.4 1491 1441.1 c
1489.7 1442.7 1487.6 1443.1 1478 1443.7 c
1471 1444 1465.7 1444.8 1464.5 1445.6 c
1463.3 1446.5 1459.8 1447 1455.3 1447 c
1448.9 1447 1448 1447.2 1448 1448.9 c
1448 1450.5 1446.8 1450.8 1438.3 1451.4 c
1432.9 1451.8 1428.1 1452.5 1427.6 1453 c
1427 1453.6 1425 1454 1423 1454 c
1414.6 1454 1408.7 1455.3 1408.2 1457.2 c
1407.9 1458.6 1406.8 1459 1402.9 1459 c
1400.1 1459 1396.4 1459.6 1394.6 1460.4 c
1392.8 1461.1 1388.1 1462.1 1384.3 1462.5 c
1378.6 1463 1377.1 1463.6 1376.7 1465 c
1376.3 1466.4 1374.8 1467 1370.4 1467.6 c
1367.1 1468 1364.3 1468.4 1364 1468.5 c
1363.7 1468.5 1362.5 1469.2 1361.2 1469.9 c
1359.9 1470.6 1358.2 1470.9 1357.4 1470.6 c
1354.9 1469.6 1350.2 1471.1 1349.7 1473.1 c
1349.3 1474.5 1348.3 1475 1345.8 1475 c
1343.9 1475 1342 1475.3 1341.6 1475.8 c
1341.2 1476.2 1340.5 1476.5 1340.2 1476.6 c
1339.8 1476.6 1338.2 1477.2 1336.7 1477.8 c
1335.1 1478.5 1332.8 1479 1331.4 1479 c
1329.7 1479 1329 1479.5 1329 1481 c
1329 1482.6 1328.3 1483 1325.8 1483 c
1324 1483 1321.2 1483.7 1319.6 1484.5 c
1315.8 1486.5 1312.6 1486.5 1313.4 1484.4 c
1313.7 1483.5 1314 1482 1314 1481 c
1314 1479.7 1315 1479.1 1317.8 1478.7 c
1322.7 1478 1324.1 1477.6 1326.7 1476.2 c
1327.9 1475.5 1330.7 1475 1332.9 1475 c
1336.3 1475 1337 1474.7 1337 1473 c
1337 1471.5 1337.7 1471 1339.8 1471 c
1341.3 1471 1343.6 1470.3 1344.9 1469.4 c
1346.9 1468 1349.7 1467.5 1358.2 1467 c
1358.7 1467 1359 1466.2 1359 1465.1 c
1359 1463 1361.6 1462 1367.2 1462 c
1369.2 1462 1371.1 1461.6 1371.5 1461 c
1371.8 1460.5 1374.7 1459.8 1378 1459.4 c
1382.8 1458.9 1384 1458.4 1384 1457 c
1384 1455.6 1385.3 1455.2 1391.6 1454.6 c
1395.9 1454.3 1399.8 1453.6 1400.4 1453.1 c
1401 1452.6 1406.5 1451.9 1412.7 1451.5 c
1422.4 1450.8 1423.9 1450.5 1424.3 1448.9 c
1424.7 1447.3 1425.8 1447 1432.1 1447 c
1437.2 1447 1439.8 1446.5 1441 1445.5 c
1442.1 1444.5 1445.2 1443.8 1449.6 1443.6 c
1459.2 1443.1 1459 1443.2 1458.4 1441.5 c
1457.7 1439.7 1459.8 1439.2 1472.8 1438.7 c
1478.4 1438.4 1483.6 1437.7 1484.3 1437.2 c
1485 1436.6 1493.8 1436 1504 1435.8 c
1521.7 1435.3 1522.5 1435.2 1522.8 1433.3 c
1523.1 1431.4 1524 1431.2 1539.1 1430.8 c
1549.4 1430.5 1555.5 1429.9 1556.2 1429.2 c
1557 1428.4 1561.6 1428 1569.6 1428 c
1583.1 1428 1585 1427.6 1585 1425 c
1585 1422.5 1589.1 1422.2 1615.5 1422.5 c
1642.7 1422.7 1654 1421.5 1654 1418.3 c
1654 1417 1651.7 1416.8 1635.8 1417.2 c
1625.2 1417.5 1616.3 1418.2 1614.7 1418.8 c
1612.9 1419.6 1605.6 1420 1595.2 1420 c
1586 1420 1573 1420.7 1566.4 1421.5 c
1559.8 1422.3 1549.9 1423 1544.4 1423 c
1531.8 1423.1 1526 1423.9 1526 1425.5 c
1526 1427.4 1522.6 1428 1512 1428 c
1506.6 1428 1501.9 1428.5 1501.4 1429 c
1500.8 1429.6 1495.4 1430.3 1489.4 1430.6 c
1475.9 1431.2 1473.9 1431.6 1474.6 1433.4 c
1475.3 1435.3 1472 1436 1461.9 1436 c
1456.2 1436 1452.3 1436.5 1450.4 1437.5 c
1448.6 1438.4 1444.7 1439 1440.2 1439 c
1433.8 1439 1433 1439.2 1433 1440.9 c
1433 1443.4 1432 1443.7 1421.6 1443.9 c
1415.5 1444.1 1412.3 1444.6 1411.3 1445.6 c
1410.3 1446.5 1407.6 1447 1403 1447 c
1396.8 1447 1396.1 1447.2 1395.8 1449.1 c
1395.5 1451 1394.7 1451.2 1387.1 1451.6 c
1382.5 1451.8 1378.2 1452.4 1377.5 1453 c
1376.8 1453.6 1373.9 1454.3 1371.2 1454.7 c
1367 1455.2 1366.1 1455.6 1365.8 1457.4 c
1365.5 1459.3 1364.9 1459.5 1358.7 1459.5 c
1353.2 1459.5 1351.7 1459.9 1350.9 1461.2 c
1350.2 1462.4 1348.7 1463 1346.1 1463 c
1343.1 1463 1342.1 1463.4 1341.7 1465 c
1341.2 1467 1338.9 1467.6 1333.1 1467.2 c
1331.8 1467.1 1329.6 1468 1328.2 1469 c
1326.9 1470.1 1324.7 1471 1323.4 1471 c
1321.7 1471 1321 1471.6 1321 1472.9 c
1321 1474.3 1320.1 1475 1317.9 1475.5 c
1316.2 1475.9 1313.7 1476.8 1312.2 1477.6 c
1310.7 1478.4 1308.5 1479 1307.2 1479 c
1305.7 1479 1305 1479.6 1305 1480.9 c
1305 1482.3 1304.1 1483 1301.9 1483.5 c
1300.2 1483.9 1297.7 1484.8 1296.2 1485.6 c
1294.7 1486.4 1292.8 1487 1291.9 1487 c
1291 1487 1290 1487.9 1289.7 1488.9 c
1289.4 1490 1287.9 1491.1 1285.9 1491.5 c
1284.1 1491.9 1282 1492.9 1281.2 1493.6 c
1280.5 1494.4 1278.5 1495 1276.9 1495 c
1274.6 1495 1274 1495.4 1274 1497.1 c
1274 1498.3 1273.2 1499.4 1272 1499.7 c
1270.9 1500 1270 1500.6 1270 1501.1 c
1270 1501.6 1268.2 1502.3 1266 1502.6 c
1263.6 1503 1262 1503.8 1262 1504.6 c
1262 1506.5 1258.4 1510 1256.5 1510 c
1255.6 1510 1254.5 1511.1 1254 1512.5 c
1253.3 1514.3 1252.3 1515 1250.4 1515 c
1247.7 1515 1245.6 1516.8 1244 1520.6 c
1243.6 1521.8 1241.4 1523.6 1239.3 1524.7 c
1236.9 1525.9 1235.5 1527.4 1235.5 1528.6 c
1235.5 1529.8 1234.7 1530.6 1233.2 1530.8 c
1232 1531 1231 1531.5 1231 1532 c
1231 1532.5 1229.2 1533.9 1227 1535 c
1222.4 1537.3 1221.3 1541.7 1225 1542.7 c
1226.3 1543 1227.2 1544.4 1227.6 1546.6 c
1227.9 1548.4 1228.8 1550.4 1229.6 1551.1 c
1230.4 1551.7 1231 1553.8 1231 1555.6 c
1231 1558.3 1231.4 1559 1232.9 1559 c
1234.5 1559 1234.9 1560 1235.5 1566.2 c
1235.9 1570.2 1236.6 1573.7 1237.1 1574 c
1237.6 1574.3 1237.4 1577.3 1236.8 1580.7 c
1235.4 1588.2 1236 1590 1240 1590 c
1242.8 1590 1243 1589.7 1243 1586.5 c
1243 1584.7 1243.6 1582.7 1244.4 1582.3 c
1245.2 1581.9 1245.9 1580.6 1246.2 1579.5 c
1246.4 1578.4 1247.4 1577.4 1248.5 1577.2 c
1249.6 1576.9 1250.9 1576.2 1251.3 1575.4 c
1251.7 1574.6 1252.8 1574 1253.5 1574 c
1254.3 1574 1255 1573.1 1255 1572 c
1255 1570.7 1255.7 1570 1257 1570 c
1258 1570 1259.3 1569.3 1259.8 1568.4 c
1260.3 1567.5 1262.2 1566.5 1264.1 1566.1 c
1266.2 1565.6 1267.4 1564.8 1267.3 1563.9 c
1267 1562.3 1272.1 1558.9 1276 1558 c
1277.4 1557.6 1278.4 1556.8 1278.2 1556 c
1277.8 1554.3 1279.8 1553 1282.8 1553 c
1284 1553 1285.3 1552.3 1285.6 1551.5 c
1286 1550.6 1287.5 1550 1289.6 1550 c
1292.4 1550 1293.2 1549.5 1294 1547.5 c
1294.7 1545.6 1295.7 1545 1297.9 1545 c
1299.6 1545 1301.3 1544.4 1301.7 1543.6 c
1302.1 1542.9 1304.3 1541.8 1306.5 1541.2 c
1309.3 1540.5 1309.8 1540.2 1308.1 1540.1 c
1306 1540 1305.8 1538.6 1307.8 1538.4 c
1311.7 1538.1 1317.9 1536.5 1319.5 1535.4 c
1320.6 1534.6 1322.6 1534 1324 1534 c
1325.5 1534 1327.5 1533.3 1328.6 1532.5 c
1329.6 1531.7 1332 1531 1333.8 1531 c
1336.3 1531 1337.3 1530.5 1337.7 1529.1 c
1338.2 1527.1 1343.5 1525.5 1346.3 1526.6 c
1347.1 1526.9 1349.2 1526.4 1351 1525.5 c
1352.7 1524.6 1357.3 1523.6 1361.1 1523.3 c
1366.8 1522.8 1368 1522.4 1368 1521 c
1368 1518.8 1370.8 1518 1378.8 1518 c
1382.2 1518 1385 1517.6 1385 1517.1 c
1385 1516.2 1396 1514.6 1399.7 1514.9 c
1401 1515 1402.3 1514.3 1402.9 1513.2 c
1403.7 1511.7 1405.5 1511.1 1411.2 1510.5 c
1415.2 1510.2 1419 1509.4 1419.7 1508.8 c
1420.3 1508.3 1425.5 1507.6 1431.2 1507.2 c
1439.4 1506.6 1441.5 1506.2 1441.5 1505 c
1441.5 1502.6 1443.8 1502.1 1455 1502.1 c
1460.9 1502 1466.1 1501.5 1466.6 1501 c
1467.2 1500.4 1472.7 1499.6 1478.9 1499.1 c
1487.9 1498.5 1490.4 1498 1491.2 1496.7 c
1491.8 1495.6 1493.4 1495 1495.9 1495 c
1498 1495 1501.5 1494.3 1503.5 1493.4 c
1506.2 1492.3 1512.1 1491.7 1524 1491.3 c
1539.7 1490.7 1540.7 1490.6 1541.6 1488.6 c
1542.5 1486.6 1543.2 1486.5 1563.3 1486.3 c
1578 1486.2 1584.6 1485.8 1585.6 1484.9 c
1587.5 1483.3 1732.2 1483.3 1737.2 1484.9 c
1739.9 1485.7 1758.1 1487.2 1761.5 1486.9 c
1766.3 1486.4 1800 1486 1801.6 1486.4 c
1802.8 1486.7 1804 1487.8 1804.2 1488.8 c
1804.7 1490.5 1806.3 1490.8 1819.6 1491.4 c
1827.8 1491.7 1838.3 1492.5 1843 1493 c
1847.7 1493.5 1855.2 1494.3 1859.8 1494.8 c
1865.3 1495.4 1868.5 1496.2 1869.3 1497.3 c
1870.2 1498.4 1872.8 1498.9 1879.4 1499.2 c
1885.4 1499.4 1888.5 1499.9 1888.8 1500.8 c
1889 1501.6 1891.8 1502 1898 1502 c
1908 1502 1910 1502.5 1910 1505 c
1910 1506.4 1911.7 1506.9 1921.2 1507.8 c
1942.2 1509.9 1948.8 1511.1 1949.3 1513.2 c
1949.7 1514.6 1950.8 1515 1954.8 1515 c
1958.3 1515 1960 1515.4 1960.4 1516.5 c
1960.8 1517.6 1962.7 1518 1968.2 1518 c
1976.7 1518 1980 1518.7 1980 1520.5 c
1980 1522.2 1982.3 1523 1987.5 1523 c
1990.1 1523 1992.2 1523.6 1993 1524.5 c
1993.7 1525.3 1995.5 1526 1997 1526 c
2000.8 1526 2003 1526.9 2003 1528.5 c
2003 1530.3 2005.3 1531 2010.8 1531 c
2015.4 1531.1 2020 1533.5 2020 1535.8 c
2020 1536.3 2021.8 1537 2024 1537.4 c
2027.1 1537.9 2028 1538.4 2027.8 1539.8 c
2027.6 1541.1 2028.3 1541.6 2031 1541.8 c
2032.9 1542 2035.3 1542.9 2036.2 1543.7 c
2037.2 1544.6 2038 1545 2038 1544.7 c
2038 1544.4 2039.4 1544.6 2041 1545.1 c
2042.7 1545.7 2044 1546.8 2044 1547.5 c
2044 1548.2 2045.4 1549.2 2047.2 1549.5 c
2049 1549.9 2051.1 1550.6 2052 1551 c
2052.8 1551.5 2054.9 1552.4 2056.7 1553 c
2058.4 1553.6 2060 1554.9 2060.3 1555.9 c
2060.5 1556.8 2061.7 1557.6 2063 1557.7 c
2064.2 1557.8 2066 1558.5 2066.9 1559.3 c
2067.8 1560.1 2069.7 1561 2071.1 1561.4 c
2072.6 1561.7 2074 1562.9 2074.3 1564 c
2074.6 1565.4 2075.6 1566 2077.4 1566 c
2078.9 1566 2080.3 1566.7 2080.6 1567.5 c
2080.9 1568.3 2082.7 1569.2 2084.6 1569.6 c
2086.6 1570 2088 1570.8 2088 1571.6 c
2088 1572.4 2089.1 1573.6 2090.5 1574.2 c
2091.9 1574.8 2093.5 1576.6 2094.2 1578.2 c
2094.9 1579.7 2095.9 1581 2096.4 1581 c
2098.1 1581 2102 1585.6 2102 1587.7 c
2102 1589.2 2102.7 1590 2104.2 1590.2 c
2106.5 1590.5 l 2106.5 1662.5 l
2106.5 1702.1 2106.9 1735.1 2107.3 1735.8 c
2107.9 1736.6 2108.7 1736.7 2109.9 1736 c
2110.9 1735.5 2112 1735.4 2112.4 1735.7 c
2112.8 1736.1 2113.3 1735.4 2113.7 1734.2 c
2114.1 1732.6 2115.2 1731.8 2118 1731.4 c
2121.7 1730.8 l 2122.4 1718.7 l
2123.2 1703.4 2123.2 1632.7 2122.4 1627.8 c
2121.9 1625.2 2121.2 1624 2120.1 1624 c
2118.2 1624 2115.6 1620.4 2116.5 1619 c
2116.9 1618.4 2116.7 1618 2116.2 1618 c
2115.6 1618 2114.9 1616.9 2114.6 1615.5 c
2114.2 1613.9 2113.3 1613 2111.9 1613 c
2108.8 1613 2109.6 1606.6 2112.8 1606.2 c
2114.4 1605.9 2115 1605.2 2115 1603.4 c
2115 1602 2115.6 1601 2116.4 1601 c
2117.2 1601 2118 1600.4 2118.3 1599.6 c
2118.6 1598.8 2120.4 1598 2122.2 1597.8 c
2125.5 1597.5 l 2125.8 1591.1 l
2126.1 1585.8 2126.4 1584.7 2128.1 1584.3 c
2129.6 1583.9 2130 1582.8 2130.1 1579.1 c
2130.3 1571.5 2130.7 1569.8 2132.1 1568.9 c
2133 1568.4 2133.5 1566.3 2133.5 1563.3 c
2133.5 1559.3 2133.9 1558.3 2135.6 1557.6 c
2137.5 1556.8 2137.9 1555.6 2138.2 1549.7 c
2138.4 1545.8 2139.1 1542.6 2139.8 1542.1 c
2140.5 1541.7 2141.4 1538 2141.8 1533.9 c
2142.3 1528.3 2142.9 1526.5 2144 1526.5 c
2145 1526.5 2145.7 1525.1 2146 1521.9 c
2146.3 1519.3 2147.1 1516.6 2147.8 1515.8 c
2148.4 1515 2149.3 1511.2 2149.7 1507.4 c
2150.3 1502.3 2150.9 1500.5 2152 1500.5 c
2153.1 1500.5 2153.7 1498.8 2154.2 1494 c
2154.6 1490.4 2155.4 1486.6 2155.9 1485.5 c
2156.5 1484.4 2157.3 1481.5 2157.8 1479 c
2158.4 1475.8 2159 1474.6 2160.2 1474.8 c
2161.4 1475 2161.8 1473.6 2162.3 1468.4 c
2162.7 1464.8 2163.4 1461.3 2163.8 1460.6 c
2165.2 1458.9 2165.8 1453.2 2165 1448.9 c
2164.6 1446.7 2164.7 1444.7 2165.1 1444.4 c
2165.6 1444.1 2166 1442.8 2166 1441.6 c
2166 1439.8 2166.7 1439.1 2169.1 1438.6 c
2172.6 1437.9 2175.4 1439.5 2174.6 1441.7 c
2174.3 1442.4 2174.5 1443 2175 1443 c
2175.6 1443 2176 1442.2 2176 1441.2 c
2176.1 1440.3 2176.8 1441.1 2177.6 1443 c
2178.7 1445.5 2178.9 1448.2 2178.5 1452.5 c
2178.1 1455.8 2178.3 1460.3 2178.9 1462.5 c
2179.5 1464.7 2180.5 1469 2181.3 1472 c
2182.1 1475.5 2183.2 1477.5 2184.1 1477.5 c
2185.1 1477.5 2185.6 1479.1 2185.8 1483.5 c
2186 1486.8 2186.7 1490.2 2187.5 1491 c
2188.3 1491.9 2189.2 1494.6 2189.6 1497 c
2190 1499.5 2190.6 1502 2191.1 1502.5 c
2191.5 1503.1 2192.2 1506.6 2192.6 1510.3 c
2193.1 1514.9 2193.7 1517 2194.6 1517 c
2196.7 1517 2198 1520.4 2198 1525.9 c
2198 1528.7 2198.5 1531 2199.2 1531.2 c
2199.8 1531.4 2200.6 1534.5 2200.9 1538.1 c
2201.3 1542.8 2201.9 1544.5 2203 1544.5 c
2204.1 1544.5 2204.7 1546.2 2205.2 1550.4 c
2205.6 1553.6 2206.4 1556.8 2207 1557.5 c
2207.5 1558.1 2208.3 1560.9 2208.6 1563.6 c
2209 1566.3 2209.9 1569 2210.7 1569.6 c
2212.2 1570.9 2215.8 1586.1 2216.7 1595.2 c
2217.1 1600 2217.6 1601 2219.1 1601 c
2220.3 1601 2221 1601.7 2221 1603 c
2221 1604.3 2222 1605.4 2223.8 1606.1 c
2225.3 1606.7 2226.6 1607 2226.6 1606.8 c
2227.1 1605.8 2231 1610.6 2230.6 1611.7 c
2230.3 1612.4 2230.5 1613.2 2231.1 1613.6 c
2233.6 1615.1 2229.1 1625 2226 1625 c
2224.9 1625 2223.5 1626.4 2222.6 1628.2 c
2221.2 1630.9 2221 1637.8 2221 1680.5 c
2221 1707.6 2221.3 1731.2 2221.6 1732.9 c
2222.1 1735.5 2222.7 1736 2225.1 1736 c
2226.6 1736 2228.3 1736.6 2228.7 1737.3 c
2229.1 1738.1 2230.3 1738.9 2231.2 1739.3 c
2232.2 1739.6 2233 1740.9 2233 1742 c
2233 1743.4 2233.7 1744 2235.4 1744 c
2238.5 1744 2240.1 1746 2240.7 1751 c
2241.1 1754 2241.7 1755 2243.1 1755 c
2244.2 1755 2245 1755.6 2245 1756.4 c
2245 1757.2 2245.6 1758 2246.4 1758.3 c
2247.1 1758.6 2248 1760.2 2248.3 1761.9 c
2248.7 1763.7 2249.6 1765 2250.4 1765 c
2252.4 1765 2254.3 1768.6 2253.5 1770.9 c
2253.2 1771.9 2253.6 1773.3 2254.5 1774 c
2255.3 1774.7 2256 1776.1 2256 1777.1 c
2256 1778.4 2256.7 1779 2258.4 1779 c
2259.7 1779 2261.3 1779.7 2262 1780.5 c
2262.7 1781.3 2264.6 1782 2266.2 1782 c
2268.3 1782 2269.3 1782.6 2269.7 1784 c
2270 1785 2271.5 1786.5 2273.1 1787.2 c
2275.9 1788.4 2276 1788.8 2276 1795.2 c
2276 1799.6 2275.6 1802 2274.9 1802 c
2272.7 1802 2269 1807.1 2269 1810.1 c
2269 1812.3 2268.4 1813.3 2266.5 1814 c
2265 1814.6 2264 1815.7 2264 1816.9 c
2264 1818 2263.2 1819.4 2262.2 1820 c
2261 1820.8 2260.9 1821.3 2261.8 1821.6 c
2262.7 1822 2263 1827.7 2263 1845.3 c
2263 1858.1 2263.3 1888.5 2263.7 1912.8 c
2264.3 1957.2 l 2266.6 1958 l
2267.9 1958.5 2271.4 1961.3 2274.4 1964.1 c
2279.1 1968.5 2280 1969.9 2280 1972.8 c
2280 1977 2277.9 1976.7 2276.6 1972.2 c
2276.1 1970.4 2275.1 1969 2274.4 1969 c
2273.7 1969 2272.6 1968.2 2272.1 1967.1 c
2270.9 1964.9 2265.8 1963.7 2264.7 1965.3 c
2264.3 1966 2264 1983.6 2264 2004.5 c
2264.1 2061 2264.4 2054.9 2261.4 2056.1 c
2257.9 2057.4 2252.4 2055.6 2251.7 2053 c
2251.4 2051.9 2250.4 2051 2249.5 2051 c
2248.6 2051 2246.6 2050.4 2245.2 2049.6 c
2243.7 2048.8 2240.4 2047.8 2237.9 2047.5 c
2234.4 2047.1 2233.1 2046.4 2232.7 2045 c
2232.4 2043.8 2230.9 2042.9 2228.6 2042.5 c
2226.6 2042.1 2224.7 2041.4 2224.4 2040.9 c
2224.1 2040.4 2222.3 2040 2220.4 2040 c
2218 2040 2216.7 2039.5 2216.3 2038.2 c
2215.4 2035.8 2214 2035 2210.4 2035 c
2208.7 2035 2206.7 2034.3 2206 2033.5 c
2205.3 2032.7 2203.3 2032 2201.4 2032 c
2198.8 2032 2198.1 2031.6 2197.8 2029.8 c
2197.6 2028.1 2196.7 2027.4 2194.8 2027.2 c
2193.2 2027 2192 2026.5 2192 2026 c
2192 2025.5 2191.1 2024.8 2189.9 2024.5 c
2188.8 2024.1 2187.5 2022.7 2187 2021.4 c
2186.4 2019.9 2185.2 2019 2184 2019 c
2182.8 2019 2181.2 2018.3 2180.4 2017.5 c
2179.5 2016.7 2177.8 2016 2176.4 2016 c
2174.7 2016 2174 2015.4 2174 2014.1 c
2174 2013 2173.1 2011.8 2172 2011.5 c
2170.9 2011.2 2170 2010.5 2170 2010 c
2170 2009.6 2168.2 2008.9 2166 2008.5 c
2162.9 2008 2162 2007.4 2162 2005.8 c
2162 2004.7 2161.5 2004 2160.8 2004.3 c
2159.2 2004.8 2154 2002.3 2154 2001 c
2154 2000.4 2152.7 2000 2151 2000 c
2148.7 2000 2148 1999.6 2148 1998 c
2148 1996.5 2147.1 1995.8 2145 1995.4 c
2143.4 1995 2141.5 1994.1 2140.9 1993.4 c
2140.3 1992.6 2138.5 1992 2136.9 1992 c
2134.7 1992 2134 1991.5 2134 1990 c
2134 1988.9 2133.3 1988 2132.5 1988 c
2131.6 1988 2130.7 1987.4 2130.4 1986.6 c
2130.1 1985.8 2128.3 1984.9 2126.4 1984.6 c
2123.9 1984.1 2123 1983.4 2123 1982 c
2123 1980.5 2122.3 1980 2120.5 1980 c
2119.1 1980 2117.7 1979.4 2117.4 1978.6 c
2117.1 1977.8 2115.4 1976.8 2113.7 1976.4 c
2111.9 1976.1 2109.4 1974.9 2108.1 1973.9 c
2106.8 1972.8 2104.9 1972 2103.9 1972 c
2103 1972 2102 1971.3 2101.8 1970.4 c
2101.6 1969.5 2099.7 1967.8 2097.5 1966.6 c
2095 1965.2 2093.5 1963.6 2093.5 1962.4 c
2093.5 1961.2 2092.7 1960.4 2091.3 1960.2 c
2090.1 1960 2088.6 1959.2 2088 1958.4 c
2087.3 1957.6 2086.1 1957 2085.4 1957 c
2084.6 1957 2083.5 1955.9 2083 1954.5 c
2082.2 1952.4 2081.6 1952.1 2079.1 1952.6 c
2077.5 1953 2074.8 1952.6 2072.9 1951.7 c
2071 1950.9 2068.2 1949.8 2066.5 1949.2 c
2064.7 1948.6 2063.6 1947.7 2063.6 1946.6 c
2063.7 1945.5 2063 1945 2061.1 1945 c
2059.6 1945 2057.5 1944.4 2056.4 1943.6 c
2055.3 1942.8 2053.1 1942 2051.5 1941.8 c
2049.6 1941.6 2048.1 1940.7 2047.6 1939.4 c
2046.9 1937.8 2045.4 1937.1 2041.9 1936.7 c
2039.2 1936.4 2035.8 1935.4 2034.1 1934.6 c
2032.5 1933.7 2030.2 1933 2029 1933 c
2027.7 1933 2027 1932.3 2027 1931.1 c
2027 1929.7 2026.1 1929 2023.9 1928.5 c
2022.2 1928.1 2019.7 1927.2 2018.2 1926.4 c
2016.7 1925.6 2014.5 1925 2013.3 1925 c
2012.1 1925 2010.6 1924.2 2010.1 1923.1 c
2009.5 1922.1 2007.8 1921 2006.3 1920.7 c
2000.4 1919.6 1992.5 1916.2 1992.2 1914.8 c
1992 1913.8 1990.3 1913 1987.9 1912.6 c
1985.8 1912.3 1984 1911.5 1984 1911 c
1984 1910.4 1982.6 1910 1980.9 1910 c
1977.2 1910 1974 1908.4 1974 1906.5 c
1974 1905.7 1972.8 1905 1971.2 1904.8 c
1968.1 1904.5 1967.5 1901.7 1970.3 1901.2 c
1973.6 1900.5 1987 1905.3 1987 1907.1 c
1987 1908.3 1988.2 1908.9 1991.2 1909.3 c
1993.6 1909.6 1995.6 1910.4 1995.8 1910.9 c
1996 1911.5 1997.5 1912 1999.1 1912 c
2002.2 1912 2006 1913.7 2007.3 1915.7 c
2007.7 1916.3 2009.5 1917.2 2011.3 1917.5 c
2013 1917.9 2015.2 1918.8 2016 1919.5 c
2016.8 1920.3 2018.8 1920.7 2020.3 1920.6 c
2022.5 1920.3 2023.3 1920.8 2024 1922.6 c
2024.8 1924.7 2027 1925.6 2030.2 1925.2 c
2030.5 1925.1 2031.4 1925.7 2032 1926.5 c
2032.7 1927.3 2034.3 1928 2035.7 1928 c
2038.9 1928 2042 1929.7 2042 1931.5 c
2042 1932.4 2043 1933 2044.6 1933 c
2046 1933 2048.4 1933.6 2049.8 1934.4 c
2051.3 1935.2 2053.7 1936.1 2055.1 1936.4 c
2056.6 1936.7 2058 1937.8 2058.3 1939 c
2058.6 1940.3 2059.6 1941 2061.2 1941 c
2062.5 1941 2064.4 1941.6 2065.5 1942.4 c
2066.6 1943.1 2069.2 1944 2071.2 1944.4 c
2074 1944.9 2075 1945.6 2075 1946.9 c
2075 1948.4 2076.1 1948.9 2080.6 1949.5 c
2083.7 1949.9 2086.4 1949.9 2086.7 1949.7 c
2086.9 1949.4 2087.1 1934.2 2087.1 1915.8 c
2087 1813 2087.1 1818 2085.6 1818.6 c
2084.1 1819.2 2083.8 1817.9 2082.5 1804.5 c
2082.2 1801.3 2081.5 1798.3 2081 1798 c
2080.6 1797.7 2080 1795.7 2079.8 1793.5 c
2079.6 1790.7 2079.1 1789.6 2078.1 1789.8 c
2076.3 1790.2 2075 1788.2 2075 1784.9 c
2075 1783.4 2074.3 1782 2073.5 1781.6 c
2071.3 1780.8 2071.5 1775.1 2073.8 1774.3 c
2074.7 1773.9 2075.7 1773.4 2076 1773.1 c
2076.3 1772.8 2077.4 1772 2078.5 1771.4 c
2079.7 1770.7 2080.3 1769.5 2080.1 1768.4 c
2079.2 1763.6 2080 1577.7 2081 1576.6 c
2082.3 1575 2081.3 1574 2078.3 1574 c
2076.7 1574 2076 1573.4 2076 1572 c
2076 1570.9 2075.3 1570 2074.5 1570 c
2073.7 1570 2072.5 1569.1 2071.8 1568 c
2071 1566.8 2069.4 1566 2067.7 1566 c
2065.7 1566 2064.7 1565.4 2064.3 1564 c
2064 1562.7 2062.9 1562 2061.4 1562 c
2060.1 1562 2058.1 1561.1 2057 1560 c
2055.9 1558.9 2053.7 1558 2052 1558 c
2049.7 1558 2049 1557.5 2049 1556.1 c
2049 1554.7 2048 1554.1 2045.1 1553.6 c
2043 1553.3 2041 1552.3 2040.6 1551.5 c
2040.3 1550.5 2038.7 1550 2036.4 1550 c
2033.7 1550 2032.7 1549.5 2032.3 1548.1 c
2032 1546.8 2030.6 1546 2028 1545.6 c
2025.9 1545.3 2024 1544.6 2023.8 1544.1 c
2023.7 1543.6 2021.9 1542.9 2019.9 1542.5 c
2016.8 1541.9 2016.2 1542.1 2015.7 1543.9 c
2015.4 1545.1 2014.5 1546 2013.7 1546 c
2012.7 1546 2011.9 1547.9 2011.1 1552 c
2010.4 1555.3 2009.5 1558 2008.9 1558 c
2008.4 1558 2008 1554.4 2008 1550 c
2008 1542.7 2008.2 1542 2009.9 1542 c
2011 1542 2012.1 1541.6 2012.5 1541 c
2012.8 1540.5 2013.7 1540.3 2014.5 1540.7 c
2015.3 1541 2016 1540.7 2016 1540.1 c
2016 1539.5 2015.1 1539 2013.9 1539 c
2012.7 1539 2011.6 1538.2 2011.3 1537.1 c
2011 1535.8 2009.6 1535.1 2006.2 1534.7 c
2003.6 1534.4 1999.5 1533.5 1997 1532.7 c
1994.5 1531.9 1990.8 1530.9 1988.8 1530.6 c
1986.5 1530.2 1985 1529.3 1985 1528.5 c
1985 1527.6 1983.3 1526.9 1980.2 1526.5 c
1977.6 1526.2 1974.4 1525.3 1973 1524.6 c
1971.6 1524 1969.4 1523.6 1968.1 1523.8 c
1965.9 1524.1 1965.8 1524.5 1966.5 1528.8 c
1966.9 1531.4 1967.5 1537.1 1967.9 1541.5 c
1968.4 1548.7 1968.7 1549.5 1970.7 1549.8 c
1971.9 1550 1973.4 1550.8 1974 1551.6 c
1974.7 1552.4 1977 1553 1979.1 1553 c
1982.3 1553 1983.2 1553.4 1983.9 1555.4 c
1984.7 1557.5 1985.6 1557.8 1991.9 1558.2 c
1995.8 1558.5 1999.7 1559.3 2000.6 1560.1 c
2002.4 1561.5 2003.5 1560.5 2004.6 1556.2 c
2005.2 1553.9 2005.2 1553.9 2006.9 1556.7 c
2008.3 1559.1 2008.5 1564 2008.5 1594.4 c
2008.5 1619.5 2008.8 1629.4 2009.6 1629.7 c
2010.3 1629.9 2011 1628.6 2011.4 1626.7 c
2011.8 1624.4 2012.7 1623 2014 1622.7 c
2015.5 1622.3 2016 1621.3 2016 1618.6 c
2016 1616.6 2016.6 1614.8 2017.4 1614.3 c
2018.2 1613.9 2019 1612.4 2019.2 1611 c
2019.4 1609.6 2020.2 1608.5 2021 1608.5 c
2022.8 1608.5 2026.4 1605.2 2027.3 1602.9 c
2028.3 1599.9 2040 1599.7 2040 1602.7 c
2040 1604.3 2044.7 1608.5 2046.5 1608.5 c
2047 1608.5 2047.7 1609.6 2047.8 1611 c
2048 1612.4 2048.8 1613.9 2049.6 1614.3 c
2050.4 1614.7 2051 1616.4 2051 1618.1 c
2051 1620.3 2051.6 1621.3 2053.4 1621.9 c
2055.5 1622.7 2055.8 1623.6 2056.2 1629.9 c
2056.5 1633.8 2057.2 1637.6 2057.9 1638.3 c
2058.7 1639.4 2058.9 1661.4 2058.8 1721.5 c
2058.5 1795.5 2058.3 1803.4 2056.9 1804.3 c
2054.9 1805.5 2043 1802.1 2043 1800.4 c
2043 1798.9 2040.6 1798 2036.5 1798 c
2034.7 1798 2032.7 1797.3 2032 1796.5 c
2030.7 1794.9 2028.1 1794.6 2023.1 1795.6 c
2019.7 1796.3 2018.8 1798 2021.9 1798 c
2023.2 1798 2024 1798.8 2024.2 1800.2 c
2024.4 1801.9 2025.5 1802.7 2028.2 1803.4 c
2030.3 1803.9 2032 1804.7 2032 1805.2 c
2032 1805.6 2033.8 1806 2036 1806 c
2039 1806 2040.2 1806.5 2040.7 1807.8 c
2041.6 1810.1 2043 1811 2046.1 1811 c
2047.6 1811 2049.3 1811.7 2050 1812.4 c
2050.6 1813.2 2053 1814 2055.3 1814.2 c
2058.1 1814.4 2059.5 1815 2059.5 1815.9 c
2059.5 1816.7 2061 1817.8 2063 1818.3 c
2064.9 1818.8 2067 1819.6 2067.7 1820.2 c
2068.3 1820.7 2071.4 1821.4 2074.4 1821.7 c
2078.8 1822.2 2080 1822.6 2080 1824 c
2080 1826.1 2077.5 1828.4 2076.1 1827.5 c
2075.5 1827.2 2073.2 1826.6 2070.9 1826.2 c
2068.7 1825.8 2066.9 1825.1 2067 1824.6 c
2067.3 1823.1 2064.6 1822 2060.4 1822 c
2057.6 1822 2056 1821.5 2055.6 1820.5 c
2055.3 1819.7 2054 1819 2052.7 1819 c
2047.7 1819 2044.2 1817.8 2043.7 1815.9 c
2043.3 1814.6 2042.3 1814 2040.2 1814 c
2038.5 1814 2035.9 1813.3 2034.3 1812.5 c
2032.8 1811.7 2030.2 1810.8 2028.7 1810.5 c
2026.7 1810.1 2026 1809.5 2026.4 1808.5 c
2026.7 1807.6 2026.4 1807 2025.5 1807 c
2023.9 1807 2023.9 1807.1 2023.7 1820 c
2023 1854.9 2022.6 1862.4 2022 1856 c
2021.5 1851 2021.3 1850.4 2021.2 1853.6 c
2021.1 1855.9 2020.7 1860.5 2020.4 1863.9 c
2019.8 1869.1 2019.9 1870 2021.4 1870 c
2022.3 1870 2023 1870.7 2023 1871.6 c
2023 1872.4 2022.6 1872.9 2022.1 1872.6 c
2021.1 1871.9 2020 1874.3 2020 1877.1 c
2020 1878.1 2020.6 1879 2021.4 1879 c
2022.2 1879 2023.6 1880 2024.4 1881.2 c
2026.5 1884.1 2024.8 1886 2020.4 1886 c
2017.6 1886 2016.8 1885.5 2016 1883.5 c
2015 1881 l 1990.6 1881 l
1966.2 1881 l 1965.6 1885.5 l
1965.2 1888 1965 1905.8 1965.1 1925 c
1965.2 1945 1964.9 1960.5 1964.4 1960.9 c
1963.9 1961.4 1962.6 1962 1961.5 1962.3 c
1959.7 1962.7 1959.7 1962.8 1961.7 1962.9 c
1963 1962.9 1964.7 1964.1 1965.6 1965.5 c
1966.7 1967.2 1968.1 1968 1970.1 1968 c
1972.3 1968 1973.3 1968.6 1974 1970.5 c
1974.7 1972.4 1975.7 1973 1977.9 1973 c
1979.4 1973 1981.3 1973.7 1982 1974.5 c
1982.7 1975.3 1984.3 1976 1985.5 1976 c
1986.8 1976 1988.1 1976.7 1988.4 1977.6 c
1988.8 1978.5 1989.3 1979 1989.6 1978.7 c
1990.9 1977.5 1996 1980.2 1996 1982.2 c
1996 1983.3 1996.8 1984.4 1998 1984.7 c
1999.8 1985.2 2000.1 1985.8 2000.4 1990 c
2000.5 1991 2001.8 1991.6 2004.5 1991.8 c
2006.7 1992 2009.2 1992.7 2010 1993.4 c
2010.8 1994.2 2013.2 1995 2015.2 1995.4 c
2018.1 1995.9 2019 1996.6 2019 1998 c
2019 1999.5 2019.7 2000 2021.8 2000 c
2023.4 2000 2025.5 2000.7 2026.6 2001.5 c
2027.6 2002.3 2029.5 2003 2030.7 2003 c
2033.9 2003 2036 2004 2036 2005.6 c
2036 2006.3 2037.6 2007.2 2039.8 2007.6 c
2041.8 2008 2044 2008.6 2044.5 2009 c
2045 2009.5 2045.7 2009.8 2046 2009.8 c
2046.3 2009.9 2047.8 2010.3 2049.3 2010.9 c
2050.9 2011.5 2053 2012 2054.1 2012 c
2055.3 2012 2056 2012.7 2056 2014 c
2056 2015.6 2056.7 2016 2059.4 2016 c
2061.2 2016 2063.3 2016.7 2064 2017.5 c
2064.7 2018.3 2066.4 2019 2067.9 2019 c
2071 2019 2072.4 2019.9 2073.3 2022.2 c
2073.7 2023.4 2075 2024 2077.3 2024 c
2079.2 2024 2081.3 2024.7 2082 2025.5 c
2082.7 2026.3 2084.4 2027 2085.9 2027 c
2089 2027 2090.4 2027.9 2091.3 2030.2 c
2091.7 2031.4 2093 2032 2095.3 2032 c
2097.2 2032 2099.3 2032.7 2100 2033.5 c
2100.7 2034.3 2102.4 2035 2103.9 2035 c
2107 2035 2109.5 2036.4 2109.5 2038.2 c
2109.5 2039 2111 2039.6 2113.2 2039.8 c
2115.2 2040 2117.4 2040.8 2118 2041.6 c
2118.7 2042.4 2120.6 2043 2122.2 2043 c
2124.2 2043 2125.3 2043.6 2125.9 2045.1 c
2126.4 2046.6 2127.7 2047.4 2130 2047.7 c
2131.9 2047.9 2133.6 2048.4 2133.9 2048.9 c
2134.3 2049.4 2136 2050.1 2137.9 2050.5 c
2139.9 2050.9 2141.4 2051.9 2141.7 2053.1 c
2142.1 2054.4 2143.1 2055 2145 2055 c
2146.6 2055 2148.5 2055.6 2149.2 2056.4 c
2150 2057.1 2153.2 2058.3 2156.2 2059 c
2160.2 2059.9 2162 2060.8 2162.3 2062.1 c
2162.7 2063.4 2163.7 2064 2165.8 2064 c
2167.4 2064 2170.1 2064.7 2171.6 2065.5 c
2173.2 2066.3 2176 2067 2177.8 2067 c
2180.3 2067 2181.3 2067.5 2181.7 2068.9 c
2182 2070.1 2183.4 2071 2185.5 2071.4 c
2187.3 2071.8 2189.3 2072.7 2190 2073.5 c
2190.7 2074.3 2192.6 2075 2194.2 2075 c
2196.4 2075 2197.3 2075.6 2197.7 2077 c
2198 2078.2 2199.4 2079.3 2200.9 2079.6 c
2202.3 2079.9 2204.7 2080.8 2206.2 2081.6 c
2207.6 2082.4 2209.8 2083 2211 2083 c
2212.3 2083 2213.4 2083.8 2213.7 2085 c
2214 2086.1 2214.3 2087 2214.4 2087 c
2214.4 2087.1 2216.3 2087.3 2218.5 2087.6 c
2220.7 2087.9 2223.2 2088.8 2224.1 2089.6 c
2224.9 2090.4 2227 2091 2228.7 2091 c
2230.5 2091 2232 2091.6 2232.3 2092.4 c
2232.6 2093.2 2234.5 2094 2236.7 2094.2 c
2239.2 2094.4 2240.5 2095 2240.5 2096 c
2240.5 2096.8 2242 2097.7 2244.5 2098.2 c
2246.6 2098.7 2248.7 2099.6 2249.1 2100.2 c
2249.5 2100.8 2252.1 2101.5 2254.9 2101.8 c
2259 2102.2 2260 2102.6 2260 2104.1 c
2260 2105.5 2261 2106.1 2264 2106.6 c
2266.2 2107 2268.5 2107.9 2269.1 2108.6 c
2269.7 2109.4 2271.7 2110 2273.5 2110 c
2275.8 2110 2276.9 2110.5 2277.3 2111.9 c
2277.6 2113.2 2279 2113.9 2282 2114.3 c
2284.4 2114.6 2286.7 2115.6 2287.2 2116.4 c
2287.8 2117.4 2289.5 2118 2291.5 2118 c
2294.3 2118 2295 2118.4 2295 2119.9 c
2295 2121.5 2295.9 2122 2299.4 2122.5 c
2301.9 2122.9 2304.1 2123.8 2304.4 2124.6 c
2304.7 2125.4 2306.4 2126 2308.5 2126 c
2311.3 2126 2312 2126.4 2312 2128 c
2312 2129.6 2312.7 2130 2315.7 2130 c
2317.7 2130 2320.1 2130.7 2321.1 2131.6 c
2322.9 2133.2 2324.8 2133.8 2328.8 2133.9 c
2330.3 2134 2331 2134.6 2331 2135.9 c
2331 2137.3 2332 2137.9 2335 2138.4 c
2337.2 2138.7 2339 2139.4 2339 2139.9 c
2339 2140.3 2340.9 2141.1 2343.2 2141.6 c
2346.5 2142.3 2347.4 2143 2347.2 2144.3 c
2347 2145.6 2347.7 2146 2350.4 2146 c
2352.3 2146 2354.3 2146.6 2354.7 2147.4 c
2355.1 2148.1 2358.2 2149.1 2361.5 2149.6 c
2365.7 2150.2 2367.5 2150.9 2367.5 2152 c
2367.5 2152.8 2369.1 2153.9 2371 2154.5 c
2372.9 2155.1 2375.5 2156.1 2376.7 2156.8 c
2377.9 2157.4 2379.8 2158 2381 2158 c
2382.4 2158 2383 2158.5 2382.8 2159.8 c
2382.6 2161.1 2383.3 2161.6 2386.5 2161.8 c
2388.7 2162 2391 2162.7 2391.5 2163.4 c
2392.5 2164.7 2398.6 2166.6 2400.2 2166.2 c
2400.7 2166.1 2401 2166.4 2401 2166.9 c
2401 2167.4 2400.2 2168 2399.2 2168.2 c
2398.3 2168.5 2400.2 2169.2 2403.4 2169.9 c
2406.7 2170.6 2410 2171.8 2410.8 2172.6 c
2411.5 2173.4 2413.5 2174 2415.1 2174 c
2417.3 2174 2418 2174.5 2418 2176 c
2418 2177.6 2418.7 2178 2421.8 2178 c
2423.9 2178 2426.2 2178.6 2426.8 2179.2 c
2427.5 2179.9 2430 2180.9 2432.3 2181.5 c
2434.9 2182.1 2436.5 2183.1 2436.5 2184 c
2436.5 2184.9 2437.8 2185.7 2440 2186 c
2441.9 2186.4 2444.4 2187.1 2445.5 2187.7 c
2446.6 2188.3 2448.8 2189.2 2450.5 2189.7 c
2452.1 2190.1 2453.6 2191.3 2453.8 2192.3 c
2454.1 2193.8 2453.3 2194 2447.7 2194 c
2442.3 2194 2441.2 2193.7 2441.4 2192.4 c
2441.5 2190.7 2440.8 2190.4 2433.8 2189.3 c
2431.5 2189 2430 2188.2 2430 2187.4 c
2430 2186.4 2428.7 2186 2426 2186 c
2422.7 2186 2422 2185.7 2422 2184 c
2422 2182.5 2421.1 2181.9 2418 2181.4 c
2415.8 2181 2413.5 2180.1 2412.9 2179.4 c
2412.3 2178.6 2410 2178 2407.9 2178 c
2404.7 2178 2404 2177.6 2404 2176.1 c
2404 2174.2 2402.2 2173 2399 2173 c
2398.1 2173 2396.7 2172.4 2396 2171.6 c
2395.4 2170.8 2393.2 2170 2391.2 2169.8 c
2388.7 2169.6 2387.5 2169 2387.5 2168 c
2387.5 2166.9 2386.2 2166.4 2382.8 2166.2 c
2379.4 2166 2378 2165.5 2378 2164.5 c
2378 2163.7 2376.8 2162.8 2375.2 2162.4 c
2370.6 2161.4 2370 2161.1 2370.2 2159.9 c
2370.4 2159.2 2368.6 2158.2 2366.4 2157.6 c
2364.1 2157 2361.5 2155.9 2360.7 2155.2 c
2359.8 2154.4 2358.1 2154 2356.8 2154.2 c
2354.8 2154.5 2354.5 2155.1 2354.2 2159.8 c
2353.9 2164.9 2354 2165 2356.9 2165.6 c
2359 2166.1 2360 2166.8 2360 2168.1 c
2360 2169.6 2360.7 2170 2363.5 2170 c
2365.7 2170 2367.3 2170.6 2367.6 2171.5 c
2368 2172.4 2369.5 2173 2371.5 2173 c
2373.5 2173 2375 2172.4 2375.4 2171.5 c
2375.7 2170.7 2376.7 2170 2377.6 2170 c
2378.9 2170 2379.1 2170.7 2378.5 2173.9 c
2377.9 2177.6 2378 2177.8 2382 2179.9 c
2384.2 2181 2387.2 2182 2388.6 2182 c
2390.5 2182 2391.1 2182.4 2390.7 2183.4 c
2390.1 2184.9 2391.9 2186 2395 2186 c
2395.9 2186 2397.3 2186.7 2398 2187.5 c
2398.7 2188.3 2400.1 2189 2401.2 2189 c
2404.3 2189 2407 2190.9 2406.4 2192.5 c
2405.9 2193.6 2404.2 2194 2399.9 2194 c
2394.7 2194 2394 2193.8 2394 2192 c
2394 2190.5 2393.1 2189.9 2390 2189.4 c
2387.8 2189 2385.5 2188.1 2384.9 2187.4 c
2384.3 2186.6 2382.5 2186 2380.9 2186 c
2378.7 2186 2378 2185.5 2378 2184 c
2378 2182.4 2377.3 2182 2374.6 2182 c
2372 2182 2371 2181.5 2370.5 2180 c
2370 2178.4 2369 2178 2365.9 2178 c
2362.7 2178 2362 2177.7 2362 2176 c
2362 2174.4 2361.3 2174 2358.5 2174 c
2356.5 2174 2354.8 2173.4 2354.2 2172.5 c
2353.5 2171.1 2353.1 2171.1 2350.2 2172.6 c
2346 2174.6 2345.8 2178 2349.8 2178 c
2351.3 2178 2353.3 2178.9 2354.3 2180 c
2355.2 2181.1 2356.9 2182 2358 2182 c
2359.3 2182 2360 2182.7 2360 2183.9 c
2360 2186.2 2363.5 2187.3 2367.9 2186.4 c
2371 2185.8 2371 2185.8 2371 2189.9 c
2371 2194 l 2366.4 2194 l
2362.8 2194 2361.9 2193.7 2362.3 2192.6 c
2363.1 2190.6 2360.5 2188.6 2358 2189.3 c
2356.7 2189.6 2355.6 2189.2 2355 2188 c
2354.4 2186.8 2352.6 2186 2350.2 2185.8 c
2348.1 2185.6 2346.5 2185 2346.5 2184.2 c
2346.5 2183.6 2346.1 2182.9 2345.6 2182.8 c
2344.1 2182.4 2343 2188.1 2344.1 2190.2 c
2344.6 2191.2 2344.8 2192.5 2344.5 2193 c
2344.1 2193.6 2337.8 2194 2329.4 2194 c
2315.7 2194 2315 2193.9 2315 2192 c
2315 2190.8 2314.3 2190 2313.2 2189.9 c
2309.5 2189.8 2306.8 2188.9 2305.4 2187.5 c
2304.5 2186.7 2302.5 2186 2300.9 2186 c
2298.7 2186 2298 2185.5 2298 2184 c
2298 2182.4 2297.1 2181.9 2293.1 2181.4 c
2290.3 2181 2287.9 2180.2 2287.6 2179.4 c
2287.3 2178.5 2285.5 2178 2283 2178 c
2279.7 2178 2279 2177.7 2279 2176.1 c
2279 2174.5 2278.1 2174 2274.5 2173.5 c
2272.1 2173.1 2269.5 2172.2 2268.9 2171.4 c
2268.3 2170.6 2266.2 2170 2264.4 2170 c
2261.7 2170 2261 2169.6 2261 2168 c
2261 2166.5 2260.3 2166 2258.2 2166 c
2256.7 2166 2254.4 2165.3 2253.2 2164.4 c
2252 2163.6 2248.5 2162.6 2245.5 2162.3 c
2241.3 2161.8 2240 2161.4 2240.2 2160.2 c
2240.4 2159.1 2239.3 2158.3 2236.5 2157.7 c
2234.3 2157.1 2232.2 2156.3 2231.9 2155.7 c
2231.5 2155.2 2229.5 2154.4 2227.4 2154.1 c
2224.9 2153.7 2223.5 2152.9 2223.5 2152 c
2223.5 2151 2222.3 2150.4 2219.8 2150.2 c
2217.8 2150 2215.6 2149.2 2215 2148.4 c
2214.3 2147.6 2212.8 2147 2211.6 2147 c
2207.8 2147 2205.2 2145.8 2204.7 2144.1 c
2204.4 2142.8 2202.8 2142.1 2198.9 2141.6 c
2196 2141.2 2193.2 2140.4 2192.9 2139.8 c
2192.5 2139.2 2191.5 2139 2190.6 2139.3 c
2189.2 2139.9 2189 2143.1 2189 2167 c
2189 2190.3 2188.8 2194 2187.5 2194 c
2186.2 2194 2186 2189.8 2186 2162.2 c
2186 2144.8 2185.7 2129.5 2185.4 2128.2 c
2184.8 2126.3 2184.1 2126 2179.5 2126 c
2175 2126 2174.2 2125.7 2173.7 2123.9 c
2173.2 2122.2 2172.5 2121.9 2169.3 2122.2 c
2165.5 2122.5 l 2165.2 2158.2 l
2165 2194 l 2161.5 2194 l
2158 2194 l 2157.8 2156.2 l
2157.5 2118.5 l 2153.6 2118.5 l
2149.8 2118.5 l 2149.9 2156.2 l
2150.1 2193.7 2150.1 2194 2148.1 2194 c
2146 2194 2146 2193.7 2146 2156 c
2146 2119 2145.9 2118 2144 2118 c
2143 2118 2141.7 2117.3 2141.2 2116.4 c
2140.7 2115.4 2138.5 2114.6 2135.7 2114.3 c
2132.4 2113.9 2131 2113.3 2130.7 2111.9 c
2130.3 2110.5 2129.3 2110 2126.6 2110 c
2124.4 2110 2122.7 2109.4 2122.4 2108.6 c
2122.1 2107.7 2119.6 2106.9 2115.9 2106.5 c
2111.1 2105.9 2110 2105.5 2110 2104 c
2110 2102.7 2108.9 2102 2106 2101.5 c
2103.8 2101.1 2102 2100.5 2102 2100 c
2102 2099.5 2100.2 2098.9 2098.1 2098.5 c
2095.4 2098.1 2094 2097.2 2093.7 2095.9 c
2093.3 2094.6 2092.3 2094 2090.3 2094 c
2088.8 2093.9 2085.7 2093.1 2083.5 2092 c
2081.3 2090.9 2078.7 2090.1 2077.8 2090 c
2076.8 2090 2076 2089.6 2076 2089.1 c
2076 2088.6 2074 2087.9 2071.6 2087.6 c
2068.4 2087.1 2067.1 2086.4 2066.7 2085 c
2066.3 2083.5 2065.3 2083 2062.8 2083 c
2060.9 2083 2058.5 2082.3 2057.4 2081.5 c
2056.4 2080.7 2054 2080 2052.2 2080 c
2049.7 2080 2048.7 2079.5 2048 2077.5 c
2047.3 2075.6 2046.3 2075 2044 2075 c
2042.2 2075 2040.7 2074.4 2040.4 2073.5 c
2040 2072.7 2038.6 2072 2037 2072 c
2031.7 2072 2028.2 2070.8 2027.7 2068.9 c
2027.3 2067.5 2026.3 2067 2023.7 2067 c
2021.8 2067 2019.7 2066.3 2019 2065.5 c
2018.3 2064.7 2016.4 2064 2014.8 2064 c
2013 2064 2011.7 2063.4 2011.3 2062.2 c
2010.4 2059.8 2009 2059 2005.4 2059 c
2003.7 2059 2001.7 2058.3 2001 2057.5 c
2000.3 2056.7 1998.2 2056 1996.3 2056 c
1993.7 2056 1992.7 2055.5 1992.3 2054.1 c
1992 2052.9 1990.6 2052 1988.3 2051.5 c
1986.3 2051.2 1983.7 2050.2 1982.4 2049.4 c
1981.1 2048.5 1979.1 2048 1977.8 2048.2 c
1975.5 2048.5 l 1975.5 2087 l
1975.4 2108.2 1975.3 2140.9 1975.2 2159.8 c
1975 2194 l 1971.4 2194 l
1967.7 2194 l 1968.4 2113.5 l
1969.1 2034.6 1969 2033 1967.1 2031.9 c
1966.1 2031.2 1965.4 2030 1965.7 2029.3 c
1966 2028.5 1965.4 2028 1963.9 2028 c
1962.6 2028 1960.2 2027.3 1958.6 2026.5 c
1957 2025.6 1953.4 2024.6 1950.6 2024.2 c
1947.1 2023.7 1945.5 2023 1945.5 2022 c
1945.5 2021.1 1943.9 2020.2 1941.2 2019.6 c
1938.8 2019.1 1937 2018.1 1937 2017.4 c
1937 2016.4 1935.7 2016 1933 2016 c
1929 2016 l 1929 2105 l
1929 2194 l 1926.9 2194 l
1924.8 2194 l 1925 2162.2 l
1925.2 2144.8 1925.2 2104.7 1925.2 2073.2 c
1925 2016 l 1918.1 2016 l
1914.2 2016 1910.8 2016.4 1910.5 2017 c
1910.2 2017.5 1909.7 2052.5 1909.4 2094.7 c
1909.1 2137 1908.7 2172.1 1908.5 2172.8 c
1905.8 2180.8 1904.9 2156.2 1904.9 2079.5 c
1904.9 2046 1904.6 2016.9 1904.2 2015 c
1903.6 2012.3 1902.9 2011.4 1901 2011.2 c
1899.7 2011 1897.7 2010.2 1896.6 2009.4 c
1895.5 2008.6 1893.3 2008 1891.8 2008 c
1889.7 2008 1889 2007.5 1889 2006.1 c
1889 2004.2 1885.7 2002.9 1883.2 2003.8 c
1882.3 2004.1 1882 2025.6 1882 2099.1 c
1882 2194 l 1878.5 2194 l
1875 2194 l 1874.8 2098.8 l
1874.5 2003.5 l 1861.1 2003.3 l
1843.9 2003.1 1835.5 2004 1835.5 2006 c
1835.5 2007.2 1833.4 2007.6 1824.3 2008 c
1818.2 2008.3 1812.8 2008.9 1812.3 2009.3 c
1811.9 2009.8 1811.6 2029.8 1811.8 2053.8 c
1811.9 2077.9 1811.8 2119.2 1811.4 2145.8 c
1810.8 2194 l 1808.4 2194 l
1806 2194 l 1805.8 2105.8 l
1805.5 2017.5 l 1802.6 2017.2 l
1801 2017 1798.7 2017.3 1797.6 2017.9 c
1796.4 2018.4 1787.8 2019.1 1778.5 2019.4 c
1769.2 2019.6 1760.2 2020.3 1758.5 2020.8 c
1755.6 2021.8 1755.6 2021.8 1758 2022 c
1765.1 2022.6 1750.5 2023.9 1734.6 2024.1 c
1721.3 2024.2 1716 2024.7 1713.8 2025.8 c
1711.7 2026.8 1706.7 2027.3 1696 2027.4 c
1681.4 2027.6 1678.1 2028.2 1681 2030 c
1683 2031.3 1683.9 2031.2 1664.5 2032.1 c
1655.2 2032.5 1644.3 2033.3 1640.5 2033.9 c
1636.7 2034.5 1627.9 2035.3 1621 2035.7 c
1612.4 2036.3 1608.6 2036.9 1608.7 2037.7 c
1608.9 2038.4 1605.2 2039 1597.2 2039.4 c
1582.9 2040.2 1579.3 2040.5 1561.2 2042.1 c
1547 2043.4 l 1547 2118.7 l
1547 2194 l 1543.5 2194 l
1540 2194 l 1540 2118.7 l
1540 2077.2 1539.7 2037.8 1539.3 2031 c
1538.8 2020.7 1538.9 2018.8 1540.1 2019.2 c
1541.1 2019.5 1541.7 2021.9 1542 2027 c
1542.5 2033.9 1542.7 2034.5 1545 2035 c
1546.4 2035.3 1547.5 2036.3 1547.5 2037.2 c
1547.5 2039.8 1549 2040.6 1549.6 2038.3 c
1550.2 2036.1 1552.8 2035.8 1582.8 2034.4 c
1590.6 2034 1597.3 2033.3 1597.6 2032.8 c
1597.9 2032.4 1605.3 2032 1614.2 2032 c
1629 2032 1630.2 2031.9 1630.7 2030.1 c
1631.2 2028 1637.8 2027 1651.9 2027 c
1656.7 2027 1661.1 2026.5 1661.6 2026 c
1662.2 2025.4 1672.4 2024.5 1685.1 2024 c
1697.4 2023.5 1707.6 2023.1 1707.8 2023 c
1707.9 2023 1708 2022.3 1708 2021.5 c
1708 2020.4 1709.1 2020 1711.8 2020 c
1721.7 2019.9 1738.9 2018.7 1742.5 2017.7 c
1744.7 2017.1 1753.9 2016.5 1762.9 2016.3 c
1778.1 2015.9 1779.2 2015.8 1779.7 2014 c
1780.2 2012.3 1781.1 2012 1787 2012 c
1790.7 2012 1796.4 2011.7 1799.8 2011.4 c
1805.9 2010.7 l 1806.2 2007.1 l
1806.5 2003.5 l 1815 2002.3 l
1819.7 2001.6 1831.5 2000.6 1841.3 2000.1 c
1851 1999.7 1859.3 1999 1859.7 1998.6 c
1860 1998.3 1859 1998 1857.4 1997.9 c
1850.9 1997.8 1858.6 1996.1 1866.3 1996.1 c
1874 1996 l 1875.7 1992.6 l
1877.2 1989.4 1877.2 1989 1875.6 1987.5 c
1874.7 1986.6 1874 1985.4 1874 1984.9 c
1874 1983.5 1871.3 1983.8 1869.8 1985.4 c
1868.8 1986.3 1863.8 1987 1853.7 1987.6 c
1845.6 1988.1 1839 1988.9 1839.1 1989.4 c
1839.3 1991.3 1836 1992 1825.6 1992 c
1811.9 1992 1807.1 1993.3 1806.3 1997.2 c
1805.5 2001.1 1804.4 2000.7 1803.3 1996.2 c
1802.7 1993.5 1801.9 1992.4 1800.2 1992.2 c
1798.8 1992 1798 1991.2 1798 1989.9 c
1798 1988.1 1797.5 1988 1794.2 1988.6 c
1789.5 1989.5 1788.9 1990 1792.6 1990.1 c
1800.3 1990.4 1784.7 1991.8 1766 1992.5 c
1753.9 1992.9 1745 1993.6 1744.2 1994.3 c
1743.4 1994.9 1735.5 1995.5 1724.4 1995.8 c
1714.3 1996.1 1706 1996.7 1706 1997.1 c
1706 1997.6 1706.6 1998 1707.2 1998.1 c
1710.5 1998.4 1702.9 1999.8 1697.8 1999.9 c
1692.4 2000 1692.1 1999.9 1690.6 1996.8 c
1689.7 1995.1 1689 1993.3 1689 1992.8 c
1689 1992.4 1693 1992 1697.9 1992 c
1708.5 1992 1713 1991.2 1713 1989.4 c
1713 1988.3 1710.6 1988 1701.2 1988.1 c
1694.8 1988.2 1688.4 1988.6 1687 1989 c
1685.3 1989.5 1685.1 1989.8 1686.2 1989.9 c
1687.2 1990 1688 1990.4 1688 1990.8 c
1688 1991.3 1679.4 1991.8 1668.8 1991.9 c
1658.2 1992 1647.6 1992.6 1645.1 1993.2 c
1639.1 1994.5 1624 1995.8 1612 1995.9 c
1606.8 1996 1601.8 1996.5 1601 1997 c
1599.7 1997.9 1599.7 1998 1601 1998.1 c
1601.8 1998.2 1600.2 1998.8 1597.5 1999.4 c
1594.8 2000.1 1592.5 2001 1592.5 2001.6 c
1592.5 2003.3 1613.5 2003.2 1618.6 2001.5 c
1621.6 2000.5 1626.9 2000 1635 2000 c
1647.6 2000 1650 1999.6 1650 1997.4 c
1650 1996.6 1650.9 1996 1652.1 1996 c
1653.6 1996 1654 1996.5 1653.6 1997.5 c
1653.2 1998.5 1653.7 1999 1655 1999 c
1656.1 1999 1656.9 1998.5 1656.7 1997.8 c
1656.2 1995 1687.6 1993.9 1688.7 1996.7 c
1689.7 1999.2 1687.8 1999.9 1676.5 2000.9 c
1670.5 2001.4 1662.6 2002.4 1659 2003 c
1655.5 2003.5 1648.5 2003.8 1643.5 2003.6 c
1634.2 2003.1 1631.7 2003.6 1632.2 2006.1 c
1632.4 2007.2 1629.6 2007.5 1616.1 2007.8 c
1605.5 2008 1599.1 2008.5 1598.3 2009.2 c
1597.5 2009.8 1593.4 2010.5 1589.2 2010.6 c
1572.7 2011.1 1552.1 2012.6 1551.4 2013.3 c
1551 2013.7 1551.7 2014 1553 2014 c
1554.3 2014 1555.1 2014.3 1554.7 2014.6 c
1554.4 2014.9 1551.9 2015.2 1549.2 2015.2 c
1546.2 2015.1 1542.7 2015.9 1540.4 2017.1 c
1535.4 2019.6 1535.3 2019.6 1534.5 2015.8 c
1533.3 2010.2 1530.4 2008 1524.2 2008 c
1519.7 2008 1518.7 2007.7 1518.3 2006.1 c
1517.8 2004.1 1515.3 2003 1511.2 2003 c
1509.9 2003 1508.2 2002.3 1507.4 2001.5 c
1505.8 1999.9 1499.9 1999.6 1496.5 2000.9 c
1494.8 2001.6 1494.8 2001.7 1497.3 2002.4 c
1498.9 2002.8 1500.5 2004.1 1501 2005.5 c
1501.8 2007.5 1502.6 2008 1505.5 2008 c
1507.6 2008 1509.3 2008.6 1509.6 2009.4 c
1509.9 2010.1 1511.8 2011 1513.9 2011.4 c
1516.6 2011.8 1517.9 2012.6 1518.3 2014 c
1518.7 2015.7 1519.6 2016 1524.3 2016 c
1529.4 2016 1532.1 2017.2 1530.6 2018.7 c
1530.3 2019.1 1527.1 2019.4 1523.6 2019.4 c
1518.8 2019.5 1516.7 2019.1 1515.3 2017.8 c
1514 2016.6 1511.7 2016 1508.2 2016 c
1503.7 2016 1503.1 2015.7 1502.8 2013.8 c
1502.6 2011.9 1501.9 2011.5 1499 2011.5 c
1495.5 2011.5 l 1495.5 2017.5 l
1495.5 2023.5 l 1501 2023.8 l
1504.2 2024 1507.2 2024.8 1508.2 2025.7 c
1509.2 2026.6 1511 2027.4 1512.2 2027.5 c
1513.5 2027.6 1514.8 2027.8 1515.2 2027.9 c
1515.7 2027.9 1516 2028.9 1516 2030 c
1516 2031.6 1516.7 2032 1519.3 2032 c
1523.3 2032 1524.4 2032.8 1522.9 2034.6 c
1521.6 2036.2 1517.4 2035.5 1515 2033.4 c
1514.2 2032.7 1511 2032 1508 2031.8 c
1503.2 2031.5 1502.5 2031.2 1502.2 2029.2 c
1501.9 2027.4 1501.2 2027 1498.4 2027 c
1496.4 2027 1495 2027.5 1495 2028.2 c
1495 2028.9 1494.9 2066.5 1495 2111.8 c
1495 2193.2 1495 2194 1493 2194 c
1491 2194 1491 2193.1 1491 2110.6 c
1491 2027.1 l 1469.8 2027.3 l
1450.8 2027.5 1448.5 2027.7 1448.2 2029.2 c
1447.9 2031 1444.1 2031.8 1434.3 2032.3 c
1429.3 2032.5 1429.1 2032.6 1428.5 2035.9 c
1428.2 2037.7 1427.9 2051.4 1428 2066.4 c
1428.5 2156.4 1428 2194 1426.5 2194 c
1425.2 2194 1425 2187.8 1425 2144.2 c
1425 2116.9 1424.8 2080.8 1424.5 2064 c
1424.2 2047.2 1424.4 2031.9 1424.8 2030 c
1425.6 2026.5 l 1432 2026.4 l
1435.6 2026.3 1439.8 2025.8 1441.3 2025.1 c
1443 2024.5 1450.6 2024 1459.8 2023.9 c
1468.4 2023.8 1476.6 2023.4 1478 2023 c
1479.4 2022.6 1479.9 2022.2 1479.2 2022.1 c
1476.6 2021.9 1478.2 2020 1481 2020 c
1482.7 2020 1485.6 2019.3 1487.5 2018.6 c
1490.4 2017.4 1491 2016.6 1491 2014.2 c
1491 2010.6 1488.5 2010 1479.3 2011.1 c
1476.1 2011.5 1468.8 2011.9 1463.2 2011.9 c
1453.7 2012 1452.8 2012.2 1452.3 2014 c
1451.8 2015.9 1450.9 2016 1440 2016 c
1428.9 2016 1428.2 2016.1 1427.7 2018.1 c
1426.8 2021.5 1420.9 2020.4 1419.7 2016.5 c
1418 2010.7 1415.9 2007 1414.5 2007 c
1413.7 2007 1413 2006.4 1413 2005.7 c
1413 2004.9 1412.1 2003.5 1411 2002.5 c
1409.8 2001.4 1409 1999.4 1409 1997.6 c
1409 1992 1408.2 1991.6 1397.2 1992.2 c
1391.7 1992.6 1386.3 1993.3 1385.2 1993.9 c
1384.1 1994.5 1375.7 1995.3 1366.6 1995.6 c
1352.2 1996.2 1350 1996.5 1350.2 1997.9 c
1350.5 1999.3 1348.4 1999.6 1334.7 2000.1 c
1325 2000.5 1318.4 2001.2 1317.7 2001.9 c
1317.1 2002.5 1313.7 2003 1310.1 2003 c
1306.4 2003 1298.5 2003.3 1292.3 2003.7 c
1282.6 2004.2 1281.1 2004.5 1280.7 2006.1 c
1280.2 2007.8 1279 2008 1269.8 2008.2 c
1253.7 2008.5 1253.2 2008.6 1251.5 2010 c
1250.3 2011 1245.6 2011.5 1235.4 2011.8 c
1224.1 2012.2 1221 2012.5 1221.4 2013.5 c
1222.1 2015.5 1220.7 2015.7 1206.1 2015.9 c
1198.7 2016 1191.9 2016.5 1191 2017 c
1190.2 2017.4 1187.5 2017.5 1185 2017 c
1181.7 2016.4 1180.3 2016.5 1179.5 2017.6 c
1178.5 2018.9 1170.7 2019.8 1159.6 2019.9 c
1155.8 2020 1154.9 2020.3 1155.4 2021.5 c
1155.7 2022.3 1155.8 2023.1 1155.7 2023.1 c
1155.6 2023.2 1148.3 2023.6 1139.5 2024 c
1130.7 2024.4 1120.7 2025.4 1117.2 2026.2 c
1113.4 2027.1 1107.9 2027.5 1103.2 2027.3 c
1094.3 2026.8 1083.4 2028.1 1083.9 2029.5 c
1084.4 2031.3 1080.5 2031.9 1067.9 2031.9 c
1057.9 2032 1055 2032.3 1054 2033.5 c
1053.1 2034.6 1050.3 2035 1042.6 2035.1 c
1029.9 2035.2 1021.4 2036.2 1021.8 2037.5 c
1022.2 2038.8 1014.6 2039.8 1002.8 2039.9 c
997.5 2040 989.8 2040.4 985.8 2040.9 c
972.3 2042.6 967.5 2043 966.3 2042.2 c
964.7 2041.2 965.8 2036.3 967.9 2035.5 c
968.8 2035.1 976.8 2034.9 985.6 2034.9 c
998.8 2035 1001.9 2034.8 1002.3 2033.6 c
1002.8 2032.5 1006.2 2032.2 1020.7 2032.1 c
1040 2032 1049 2031.2 1046.9 2029.9 c
1044.3 2028.3 1047.2 2027.6 1058.9 2027 c
1065.4 2026.7 1071.4 2025.9 1072.1 2025.3 c
1073 2024.6 1079.5 2023.9 1088.5 2023.6 c
1096.8 2023.3 1104.6 2023 1106 2023 c
1108.5 2022.9 l 1106.1 2021.9 l
1104.8 2021.4 1103.9 2020.8 1104.1 2020.5 c
1104.3 2020.3 1113.3 2019.8 1124 2019.5 c
1138 2019 1144.1 2018.4 1145.7 2017.4 c
1147.3 2016.4 1151.6 2016 1161.5 2016 c
1174 2016 1175 2015.9 1175 2014.1 c
1175 2011.9 1179 2011 1189 2011 c
1192.6 2011 1199.3 2010.3 1204 2009.5 c
1208.7 2008.7 1216.3 2007.9 1221 2007.9 c
1229.1 2007.8 1238.6 2006.4 1233.2 2006.1 c
1232 2006.1 1231 2005.6 1231 2005.2 c
1231 2004.2 1248.7 2003 1263.2 2003 c
1270.7 2003 1273.1 2002.7 1273.7 2001.5 c
1274.4 2000.4 1277.5 2000 1288.5 1999.8 c
1300.2 1999.5 1302.5 1999.2 1302.5 1998 c
1302.5 1996.8 1305.3 1996.3 1318 1995.5 c
1326.5 1995 1334.1 1994.1 1334.8 1993.7 c
1335.5 1993.2 1342.3 1992.6 1349.8 1992.4 c
1366.2 1991.8 1372.2 1991.2 1371.5 1990 c
1370.5 1988.3 1372.9 1988 1390.1 1987.5 c
1404.5 1987.1 1407.6 1986.8 1407.8 1985.5 c
1408 1984.7 1408.7 1984 1409.3 1984 c
1410 1984 1411 1982.4 1411.6 1980.4 c
1412.8 1976.8 l 1409.6 1977.4 l
1400.9 1979 1392.8 1979.9 1386.1 1980 c
1380.1 1980 1378.9 1980.3 1379.3 1981.5 c
1380.2 1983.7 1379.4 1983.8 1367 1984.1 c
1360.7 1984.2 1352.8 1984.9 1349.5 1985.7 c
1346.2 1986.6 1338.1 1987.4 1331.5 1987.7 c
1319.4 1988.1 1318.5 1988.3 1318.5 1990.3 c
1318.5 1991.1 1313.4 1991.7 1301.5 1992.2 c
1292.2 1992.6 1282.9 1993.4 1281 1993.9 c
1279.1 1994.5 1271 1995.2 1263 1995.6 c
1255 1996 1247.6 1996.6 1246.5 1997.1 c
1244.5 1997.9 l 1246.5 1998 l
1248.2 1998 1248.2 1998.2 1247 1999 c
1246.2 1999.5 1240.3 2000 1234 2000 c
1225.1 2000 1221.9 2000.4 1220.2 2001.6 c
1218.5 2002.7 1214.4 2003.3 1204.2 2003.7 c
1196.7 2004 1189.8 2004.6 1189 2005.1 c
1187.9 2005.7 1188.1 2005.9 1189.9 2006 c
1191.2 2006 1192.1 2006.2 1191.9 2006.5 c
1191.6 2006.7 1183.6 2007.4 1174.1 2007.9 c
1164.6 2008.5 1156.2 2009.4 1155.5 2010 c
1154.2 2011.1 1143.7 2011.9 1128.8 2012 c
1122 2012 1120 2012.3 1120 2013.4 c
1120 2015.4 1116.7 2016 1104.3 2016 c
1094.4 2016 1093 2016.2 1092.1 2017.9 c
1091.2 2019.5 1090.1 2019.7 1081.9 2019.3 c
1071 2018.7 1064 2019.6 1064 2021.4 c
1064 2022.9 1055 2024 1041.5 2024 c
1036.5 2024 1028.7 2024.7 1024 2025.5 c
1016.5 2026.9 1006.7 2027.7 994.8 2027.9 c
992.3 2028 991 2028.5 991 2029.4 c
991 2031.4 986.4 2032 972.4 2032 c
960 2032 l 958.9 2034.7 l
957.6 2038.1 958.4 2040 961 2040 c
963.1 2040 963.6 2041 962.1 2042.5 c
960.9 2043.7 960.2 2069.7 959.4 2140.2 c
958.9 2192.5 958.8 2194 956.9 2194 c
955 2194 955 2192.7 955 2140.5 c
955 2093.6 954.8 2087 953.5 2087 c
952.7 2087 952 2086.3 952 2085.5 c
952 2084.7 952.6 2084 953.4 2084 c
955.8 2084 956.1 2081.2 955.9 2058.4 c
955.8 2036.5 955.7 2036.1 953.6 2035.8 c
951.8 2035.5 951.4 2034.6 951 2030.1 c
950.2 2022.6 951.1 2016.5 953 2016.5 c
954.1 2016.5 954.6 2018 955 2021.7 c
955.6 2027.9 956 2028.3 959.4 2027.4 c
961.6 2026.9 962 2026.3 962 2022.9 c
962 2019.7 962.4 2019 963.9 2019 c
965.9 2019 967 2016.5 967 2011.8 c
967 2010 967.5 2009 968.5 2009 c
969.6 2009 970 2007.7 970.1 2004 c
970.2 2001.2 970.3 1998.4 970.4 1997.8 c
970.5 1996.8 975.4 1996.2 988.5 1995.5 c
999.2 1994.9 1007.4 1994 1008.7 1993.2 c
1010.1 1992.4 1015.4 1992 1024.4 1992 c
1035.9 1992 1038 1991.8 1038 1990.5 c
1038 1988.1 1041.6 1987.4 1055 1987.1 c
1061.8 1987 1067.9 1986.5 1068.5 1986 c
1069 1985.6 1075.6 1984.9 1083 1984.5 c
1096.4 1983.8 1107.7 1982.3 1101.7 1982.1 c
1100.1 1982 1099.1 1981.6 1099.4 1981.1 c
1099.7 1980.6 1107 1979.9 1115.6 1979.5 c
1124.2 1979.1 1132.7 1978.3 1134.4 1977.8 c
1136.1 1977.2 1143.3 1976.4 1150.5 1975.9 c
1205.2 1972.3 1204 1972.4 1204 1970.6 c
1204 1969.7 1207.1 1969.1 1215.2 1968.6 c
1221.3 1968.2 1226.8 1967.5 1227.4 1967.1 c
1228 1966.6 1230.3 1965.9 1232.5 1965.5 c
1241 1964.1 1242 1963.8 1242 1962.4 c
1242 1961.3 1243.6 1961 1248.9 1961 c
1252.7 1961 1258.9 1960.4 1262.7 1959.6 c
1266.4 1958.8 1277.3 1957.9 1286.9 1957.5 c
1302.2 1956.8 1304.3 1956.5 1304.7 1955 c
1305.3 1952.8 1309.6 1952 1320.6 1952 c
1325.6 1952 1329.1 1951.5 1329.8 1950.8 c
1330.6 1950 1335.2 1949.4 1342.5 1949.1 c
1352.6 1948.8 1354 1948.6 1354 1947 c
1354 1945.5 1355.7 1945.2 1370.1 1944.7 c
1378.9 1944.4 1386.7 1943.7 1387.3 1943.1 c
1388 1942.6 1391.2 1942.2 1394.6 1942.1 c
1397.9 1942.1 1401.1 1942 1401.6 1941.9 c
1404.3 1941.4 1416.2 1942.1 1415.6 1942.7 c
1415.2 1943.1 1414.3 1943.5 1413.7 1943.5 c
1408.9 1943.7 1404.1 1945.4 1403.7 1947 c
1403.3 1948.6 1401.7 1948.9 1390.4 1949.3 c
1383.3 1949.6 1374.8 1950.3 1371.5 1950.9 c
1368.2 1951.4 1358.7 1952.2 1350.3 1952.6 c
1337.2 1953.2 1335.1 1953.5 1334.7 1955 c
1334.2 1957.1 1329.6 1957.9 1316.2 1958.2 c
1311.1 1958.3 1306.7 1958.7 1306.4 1959.2 c
1306.1 1959.6 1302.8 1960 1299.1 1960 c
1290.1 1960 1286.3 1960.8 1285.7 1962.9 c
1285.4 1964.3 1283.8 1964.6 1276.9 1964.8 c
1272.3 1965 1264.7 1965.8 1260.1 1966.6 c
1255.5 1967.4 1248.2 1968 1244 1968 c
1236.2 1968 l 1235.6 1971 l
1235.3 1972.7 1234.7 1975.3 1234.4 1977 c
1233.7 1980.6 1232 1981 1232 1977.6 c
1232 1973.6 1229.7 1972.6 1222.2 1973.4 c
1218.5 1973.8 1215.1 1974.5 1214.6 1975.1 c
1214 1975.6 1208.4 1976 1202.1 1976 c
1194.1 1976 1189.7 1976.4 1187.8 1977.4 c
1185.9 1978.4 1179.1 1979 1164.8 1979.5 c
1153.6 1979.9 1143.6 1980.6 1142.5 1981.1 c
1140.8 1981.8 1140.9 1981.9 1143.4 1981.9 c
1150.6 1982.1 1144 1983.2 1129.9 1984.1 c
1121.4 1984.7 1113.9 1985.7 1113.2 1986.3 c
1112.4 1986.9 1105.8 1987.6 1097.9 1987.8 c
1085.1 1988.2 1084 1988.4 1084 1990.1 c
1084 1991.9 1083 1992 1070.2 1992 c
1060.2 1992 1055.9 1992.4 1054.5 1993.4 c
1053.1 1994.3 1047.2 1995 1035 1995.5 c
1017.2 1996.2 1014.7 1996.6 1017.1 1998.1 c
1018.2 1998.8 1018 1999 1016.5 1999 c
1010.2 1999 991.4 2001.3 990.6 2002.1 c
990 2002.6 986.8 2003 983.4 2003 c
975.6 2003 974 2003.6 974 2006.6 c
974 2008.3 973.4 2009 972.1 2009 c
970.5 2009 970.2 2010.1 969.7 2016.7 c
969.4 2021 969.5 2024.9 970 2025.5 c
970.6 2026.2 972.9 2026.3 977.2 2025.7 c
980.7 2025.3 989.4 2024.6 996.5 2024.2 c
1007.1 2023.6 1009.5 2023.2 1009.5 2022 c
1009.5 2020.1 1015.9 2019.2 1033 2018.7 c
1039.9 2018.5 1046.5 2017.8 1047.7 2017.2 c
1048.9 2016.5 1054.5 2016 1060.7 2015.9 c
1072.1 2015.8 1076.2 2015.2 1076 2013.5 c
1075.9 2012.4 1085.6 2011.3 1098.1 2011.1 c
1102.8 2011.1 1107 2010.6 1107.6 2010 c
1108.1 2009.5 1115 2008.6 1122.9 2008 c
1130.8 2007.5 1137.5 2006.8 1137.8 2006.5 c
1138.1 2006.2 1137.7 2006 1137 2006 c
1136.1 2006 1136 2005.7 1136.6 2005.1 c
1137.1 2004.6 1142.5 2003.9 1148.5 2003.5 c
1166.6 2002.4 1171.3 2002 1176 2001 c
1178.5 2000.5 1185.6 2000.1 1191.8 2000 c
1202 2000 1203.2 1999.8 1203.7 1998.1 c
1204.1 1996.5 1205.6 1996.2 1216.3 1995.6 c
1223 1995.3 1230.3 1994.3 1232.5 1993.5 c
1235.1 1992.6 1240.7 1992.1 1248.5 1992 c
1261.9 1992 1268.9 1991.2 1266.9 1989.9 c
1264.2 1988.3 1267.4 1987.8 1284.7 1987.3 c
1294.5 1987 1304.3 1986.3 1306.5 1985.7 c
1308.7 1985.2 1316.1 1984.4 1323 1984.1 c
1333.2 1983.6 1335.5 1983.2 1335.5 1982 c
1335.5 1980.8 1337.6 1980.4 1346.2 1979.9 c
1352.1 1979.6 1357.5 1978.8 1358.2 1978.2 c
1358.9 1977.6 1366 1976.9 1374 1976.5 c
1382 1976.2 1392.5 1975.3 1397.5 1974.5 c
1408.3 1972.9 1415.7 1972.7 1416.6 1974.1 c
1417.6 1975.8 1422.1 1977.1 1423.4 1976.1 c
1425.2 1974.6 1425.6 1934.7 1423.8 1933.4 c
1422.2 1932.1 1405.4 1933.4 1403.6 1934.9 c
1403 1935.4 1393.3 1936.2 1382.2 1936.6 c
1363.9 1937.2 1362 1937.5 1362 1939.1 c
1362 1940.6 1360.5 1940.9 1350.2 1941.5 c
1343.8 1941.8 1337.5 1942.5 1336.2 1943.1 c
1334.9 1943.6 1330.6 1944 1326.6 1944 c
1312.7 1944 1304.3 1945.1 1304.4 1946.9 c
1304.5 1948.2 1302.9 1948.6 1295.5 1949.2 c
1290.5 1949.5 1279.1 1950.5 1270.1 1951.4 c
1261 1952.3 1251 1953 1247.8 1953 c
1243.4 1953 1242 1953.4 1242 1954.4 c
1242 1956.1 1237.8 1956.8 1223.4 1957.4 c
1217.8 1957.6 1212.6 1958.1 1211.9 1958.6 c
1211.2 1959 1207 1959.5 1202.6 1959.7 c
1191.6 1960.2 1188 1960.9 1188 1962.3 c
1188 1963.6 1165.7 1966 1154.7 1966 c
1152 1966 1149.1 1966.4 1148.1 1966.9 c
1147.1 1967.5 1142.4 1968 1137.7 1968.1 c
1126.5 1968.3 1124.3 1968.8 1123.7 1971.1 c
1123.2 1972.8 1122.1 1973 1111.8 1973 c
1103 1973 1099.9 1973.4 1098.1 1974.6 c
1096.5 1975.8 1094.5 1976.1 1091.4 1975.7 c
1085.8 1975.1 1066.8 1976.5 1059.7 1978 c
1056.9 1978.6 1048.2 1979.4 1040.5 1979.8 c
1029 1980.4 1026.5 1980.8 1026.5 1982 c
1026.5 1983.2 1023.9 1983.6 1011.3 1984.1 c
1001 1984.5 995.5 1985.2 994.5 1986 c
993.4 1986.9 989 1987.5 981.7 1987.7 c
975.5 1987.9 969.4 1988.3 968 1988.6 c
965.7 1989.2 965.6 1989.3 967.5 1990 c
968.9 1990.5 967.7 1990.9 963.7 1991.1 c
960.4 1991.3 957.3 1991.2 956.7 1990.8 c
955.9 1990.3 956 1990 957 1989.9 c
958 1989.9 957.8 1989.6 956.5 1989 c
953.6 1987.7 952 1987.8 952 1989.3 c
952 1990 951 1991 949.8 1991.5 c
947.8 1992.4 947.5 1993.1 947.8 1997 c
948 1999.5 948.8 2003.4 949.6 2005.8 c
951.2 2010.6 951.4 2015.6 950.1 2016.4 c
949 2017.1 948 2014.6 948 2011 c
948 2008.8 947.5 2008.1 945.8 2007.8 c
944.5 2007.6 943.6 2006.9 943.8 2006.1 c
943.9 2005.4 943.7 2004.3 943.2 2003.6 c
941.7 2001.7 941 1993.5 940.4 1972.5 c
940.2 1961.5 939.7 1948.8 939.4 1944.3 c
938.9 1936.4 938.7 1936.1 936.2 1935.8 c
932.5 1935.4 932.3 1933.3 936 1933.2 c
937.8 1933.2 939.3 1933.7 939.7 1934.5 c
940 1935.3 941.7 1936.2 943.6 1936.6 c
947 1937.2 l 947 1958.6 l
947 1976.4 946.8 1980 945.6 1980 c
944.8 1980 943.9 1979.4 943.7 1978.8 c
943.4 1978.1 943.1 1978.7 943.1 1980.2 c
943 1982.4 943.5 1983 945 1983 c
946.3 1983 947.2 1983.9 947.6 1985.5 c
947.9 1986.9 948.8 1988 949.6 1988 c
950.7 1988 951 1986.3 951 1981.2 c
951 1966 952.3 1950 953.5 1950 c
955 1950 956.6 1936.2 955.2 1934.8 c
954.7 1934.3 951.8 1933.6 948.8 1933.3 c
944.5 1932.9 943.3 1932.4 943.4 1931.1 c
943.5 1929.8 942.2 1929.4 937.5 1929 c
934.2 1928.7 930.4 1927.9 929.1 1927.1 c
926.5 1925.7 920 1926.4 920 1928.2 c
920 1928.7 920.7 1929 921.5 1928.6 c
922.3 1928.3 923 1928.5 923 1929 c
923 1929.6 922.3 1930 921.5 1930 c
920.7 1930 920 1930.7 920 1931.5 c
920 1932.3 920.7 1933 921.5 1933 c
923.6 1933 923.6 1939.6 921.5 1940.4 c
919.3 1941.2 919.2 2016 921.4 2016 c
923.1 2016 924 2030 923.8 2050.5 c
923.5 2072.7 923.5 2074.3 924 2078.4 c
924.5 2082 924.3 2082.4 922 2083 c
919.3 2083.6 919.4 2083.1 919.8 2096 c
920 2100.6 920.4 2102 921.5 2102 c
922.8 2102 923 2104 923 2114 c
923 2123.5 922.7 2126 921.6 2126 c
919.7 2126 919 2130.6 919 2144 c
919 2157.4 919.7 2162 921.6 2162 c
922.4 2162 923 2162.9 923 2164 c
923 2165.1 922.4 2166 921.6 2166 c
919.7 2166 919 2170.5 919 2183.1 c
919 2192.1 918.7 2194 917.5 2194 c
916.2 2194 916 2186.8 915.8 2137.2 c
915.5 2080.5 l 912.5 2080.4 l
910.9 2080.3 909 2080.6 908.5 2081 c
907.3 2081.9 891.6 2083 875.8 2083.2 c
865.2 2083.3 864 2083.5 864 2085.1 c
864 2086.1 863.3 2087.3 862.5 2087.7 c
861.2 2088.5 861 2095.4 860.9 2141.3 c
860.9 2194 l 857.9 2194 l
854.9 2194 l 855.2 2137 l
855.5 2080 l 845.2 2080 l
839.2 2080 834 2080.5 832.7 2081.2 c
831.4 2081.8 823.8 2082.6 814.7 2082.9 c
802.6 2083.4 798.7 2083.8 798 2084.9 c
796.9 2086.8 789 2087.8 775.2 2087.9 c
768.7 2088 763 2088.5 761.7 2089.2 c
760.4 2089.9 753 2090.5 743.2 2090.7 c
731.9 2090.9 725.7 2091.5 723.4 2092.5 c
721 2093.5 715.3 2094 704.9 2094.1 c
692 2094.3 689.8 2094.6 689 2096 c
688 2097.9 681.7 2098.9 668 2099.1 c
663.3 2099.2 658.7 2099.8 657.6 2100.4 c
656.2 2101.2 655.6 2101.2 655.3 2100.2 c
654.5 2098.2 651.4 2098.8 650.3 2101.3 c
648.7 2104.7 649.9 2109 652.6 2110 c
654.2 2110.7 655 2111.7 655 2113.4 c
655 2114.8 655.7 2116.6 656.6 2117.4 c
658.2 2119.1 658.2 2122.5 656.5 2122.5 c
655.9 2122.5 655.4 2121.5 655.2 2120.3 c
655 2118.9 654.1 2118 652.7 2117.8 c
651.1 2117.6 650.4 2116.7 650.2 2114.5 c
650 2112.8 649.4 2111.1 648.9 2110.6 c
648.4 2110 648 2108.3 648 2106.7 c
648 2105 647.3 2103.2 646.4 2102.6 c
644.9 2101.5 644.2 2093.9 644 2077.2 c
644 2075.3 643.5 2075 640.1 2075 c
636.8 2075 636.1 2075.4 635.8 2077.2 c
635.6 2078.7 634.7 2079.6 633.3 2079.8 c
631.6 2080 630.9 2081 630.4 2083.6 c
630.1 2085.5 629.4 2087 629 2087 c
628.6 2087 628 2087.9 627.7 2088.9 c
627.5 2090 626.2 2091 624.9 2091.2 c
622.2 2091.5 622.3 2091.3 623.5 2109.2 c
624.2 2117.6 625.4 2120.5 626.3 2115.8 c
626.5 2114.5 626.7 2120.9 626.7 2130 c
626.7 2139.1 626.5 2145.5 626.3 2144.2 c
625.2 2138.8 624.2 2143 623.6 2154.8 c
623.3 2161.8 622.6 2169.5 622 2172 c
621.5 2174.5 620.8 2180.4 620.5 2185.2 c
619.8 2193.7 619.7 2194 617.4 2194 c
615 2194 615 2193.9 615 2184.6 c
615 2172.1 615.9 2165.7 617.6 2166.4 c
618.3 2166.7 619.1 2166.6 619.4 2166.2 c
619.6 2165.8 620 2148.8 620.1 2128.5 c
620.3 2091.5 l 616.6 2090.9 l
614.6 2090.6 612.4 2089.8 611.7 2089.1 c
611.1 2088.5 608 2088 604.9 2088 c
597.9 2088 596 2087.3 596 2084.9 c
596 2083.2 595.2 2083 589.2 2083 c
585.5 2083 582 2083.4 581.4 2083.9 c
580.9 2084.5 580.8 2091.1 581.2 2100.7 c
582.9 2139.5 583.3 2176.1 582 2178.5 c
580.8 2180.7 581 2185.2 582.5 2191.2 c
583.2 2193.9 583.1 2194 579.6 2194 c
576 2194 l 576 2139.2 l
576 2106.7 575.6 2083.9 575 2083 c
572.8 2079.6 572 2084.2 571.5 2102.4 c
571 2121.5 570 2129.3 570 2114.2 c
570 2109.4 569.6 2106 569 2106 c
568.3 2106 568 2121.3 568 2150 c
568 2188.3 567.8 2194 566.5 2194 c
565.2 2194 565 2186.9 564.8 2138.8 c
564.5 2083.5 l 552.6 2083.2 l
541.2 2082.9 540.7 2083 538.6 2085.3 c
536.7 2087.3 535.5 2087.7 532 2087.4 c
529.6 2087.3 526.4 2087.4 524.9 2087.7 c
522.1 2088.2 l 522.3 2104.4 l
522.4 2113.2 522.4 2137 522.2 2157.2 c
522 2194 l 519.5 2194 l
517 2194 l 517 2144.6 l
517 2108.5 516.7 2094.9 515.9 2094.4 c
514.4 2093.5 501.6 2093.9 497 2095 c
495.1 2095.4 494.3 2095.8 495.2 2095.9 c
496.2 2096 497 2096.4 497 2097 c
497 2097.6 492.9 2098 486.8 2098.1 c
481.1 2098.1 470.4 2098.8 463 2099.7 c
455.6 2100.5 442.6 2101.4 434.2 2101.6 c
420.4 2102.1 419 2102.3 419 2103.9 c
419 2105.4 417.8 2105.8 411.6 2106.4 c
407.6 2106.8 402.4 2106.8 400.1 2106.4 c
396.7 2105.9 395.3 2106.1 393 2107.9 c
390.4 2109.7 388.7 2110 379.3 2110 c
365.8 2110 361 2110.7 361.7 2112.6 c
362.1 2113.7 360.7 2114 354.9 2114.1 c
343.2 2114.2 333.7 2115 332.3 2116.1 c
331.6 2116.7 330.7 2116.9 330.1 2116.6 c
328.2 2115.4 328 2119.9 328 2156.6 c
328 2193.3 328 2194 326 2194 c
324.1 2194 324 2193.2 323.8 2154.8 c
323.5 2115.6 l 320.6 2114.9 l
319 2114.4 317.3 2114.3 316.8 2114.6 c
316.4 2114.9 316 2132.9 316 2154.6 c
316 2194 l 313.6 2194 l
312.2 2194 310.8 2193.4 310.3 2192.8 c
h
570.3 2186 m
570.3 2181.3 570.5 2179.4 570.7 2181.8 c
570.9 2184.1 570.9 2187.9 570.7 2190.2 c
570.5 2192.6 570.3 2190.7 570.3 2186 c
h
658.2 2159.8 m
658.5 2125.5 l 662.1 2125.7 l
665 2125.9 665.9 2125.5 666.3 2124 c
666.6 2122.8 667.7 2122 669 2122 c
670.6 2122 671.1 2121.5 670.8 2119.8 c
670.3 2116.1 673.3 2117.1 674.2 2120.8 c
674.9 2123.5 675.5 2124 676.8 2123.4 c
677.7 2123 685.5 2122.4 694.2 2122.2 c
708.6 2121.9 709.9 2121.7 710.3 2119.9 c
710.8 2118.2 711.8 2118 722 2118 c
729.9 2118 734.1 2117.6 736.3 2116.5 c
738.5 2115.5 744.8 2114.8 755.5 2114.3 c
768.7 2113.6 771.5 2113.2 771.5 2112 c
771.5 2110.7 774.4 2110.4 789 2109.9 c
798.6 2109.6 809.6 2108.7 813.5 2108 c
817.4 2107.3 827.5 2106.6 836 2106.6 c
849.2 2106.5 851.5 2106.7 851.5 2108 c
851.5 2109.2 849.1 2109.6 838.3 2110 c
831.1 2110.3 824.8 2110.8 824.4 2111.2 c
824 2111.7 824.2 2112 824.9 2112 c
825.6 2112 825.9 2112.4 825.6 2112.9 c
825.1 2113.6 797.7 2115.6 789.5 2115.4 c
787.9 2115.4 786.2 2115.9 785.8 2116.4 c
785.4 2117 778.5 2117.7 769.8 2118 c
756.5 2118.4 754.5 2118.7 754.8 2120.1 c
755 2121.5 752.9 2121.8 738.6 2122.3 c
729.5 2122.6 721.2 2123.4 720 2124 c
718.8 2124.6 709.9 2125.4 699 2125.7 c
680 2126.3 l 679.8 2128.9 l
679.8 2130.3 679.6 2136.4 679.6 2142.5 c
679.5 2148.6 679.4 2162.6 679.2 2173.8 c
679 2194 l 676.5 2194 l
674 2194 l 674 2162.5 l
674 2131 l 671.5 2130.4 l
670.1 2130.1 667.9 2130.1 666.5 2130.4 c
664 2131 l 664 2162.5 l
664 2194 l 661 2194 l
657.9 2194 l 658.2 2159.8 l
h
982.8 2129.4 m
982.5 2058.3 982.1 2063 988.4 2063 c
990.1 2063 990.8 2062.6 990.4 2061.6 c
989.8 2059.9 997.9 2059 1013.4 2059 c
1020.3 2059 1025 2058.6 1025.7 2057.9 c
1026.4 2057.2 1033.9 2056.4 1044.2 2055.9 c
1053.7 2055.5 1061.8 2055.1 1062.2 2055.1 c
1062.6 2055 1062.7 2054.4 1062.4 2053.6 c
1061.9 2052.2 1076.4 2050.8 1093.5 2050.6 c
1096.8 2050.5 1099.8 2050.1 1100.2 2049.5 c
1100.6 2048.9 1109.1 2048.3 1120.2 2048 c
1137.9 2047.5 1139.5 2047.4 1139.2 2045.8 c
1139 2044.8 1139.3 2044 1139.7 2043.9 c
1140.1 2043.9 1146.1 2043.4 1153 2043 c
1159.9 2042.5 1167.8 2041.7 1170.5 2041.1 c
1173.2 2040.6 1181.6 2040.1 1189 2040 c
1202.4 2039.9 1206.2 2039.3 1206.1 2037.5 c
1205.9 2036.3 1216.1 2035.5 1239.8 2034.6 c
1249.3 2034.3 1258 2033.6 1259 2033 c
1260 2032.5 1266.6 2032 1273.7 2032 c
1285.9 2032 1289.6 2031.3 1288.8 2029.4 c
1288.3 2028 1295.1 2027.1 1306.2 2027.2 c
1313.1 2027.2 1317.5 2026.8 1318.4 2026.1 c
1319.6 2025.1 1329 2024.4 1358.2 2023 c
1358.6 2023 1358.7 2022.4 1358.4 2021.7 c
1358 2020.7 1361.9 2020.1 1376.2 2019.2 c
1386.3 2018.6 1397.7 2017.5 1401.7 2016.9 c
1405.6 2016.3 1409.6 2016 1410.4 2016.3 c
1411.8 2016.9 1412 2026.1 1412 2105.5 c
1412 2178.8 1411.8 2194 1410.7 2194 c
1408.8 2194 1408 2161.4 1408 2082.8 c
1408 2020 l 1404.4 2020 l
1401.7 2020 1400.9 2020.3 1401.3 2021.4 c
1401.7 2022.3 1401.2 2023.1 1400.2 2023.4 c
1398.6 2023.8 1382.2 2024.3 1372.5 2024.1 c
1370.3 2024.1 1367.6 2024.4 1366.5 2024.9 c
1365.4 2025.4 1363.3 2026.3 1361.7 2026.9 c
1359.9 2027.6 1354.9 2027.8 1347 2027.3 c
1335.1 2026.7 l 1334.1 2029.2 l
1333.1 2031.8 l 1319.3 2031.9 l
1310.2 2032 1304.1 2032.6 1301.5 2033.5 c
1299.3 2034.3 1293.7 2034.9 1288.9 2035 c
1273.9 2035 1262 2036.2 1262 2037.5 c
1262 2039.4 1251.3 2040.3 1224 2040.4 c
1218.2 2040.5 1213.2 2040.9 1212.8 2041.5 c
1212.4 2042.1 1205.7 2042.6 1197.4 2042.8 c
1184 2043.1 1182.7 2043.3 1182.3 2045.1 c
1182 2046.1 1181.7 2047.1 1181.6 2047.2 c
1181.6 2047.3 1175 2047.6 1167 2048 c
1152.4 2048.7 1149.6 2049 1148.4 2050.3 c
1148 2050.7 1142.2 2051 1135.6 2051 c
1121.3 2051 1116 2051.7 1116 2053.6 c
1116 2054.6 1114.6 2055 1111.2 2055.1 c
1108.6 2055.1 1104 2055.3 1101 2055.5 c
1098 2055.6 1090.8 2055.9 1085 2056 c
1079.3 2056 1074 2056.6 1073.3 2057.1 c
1072.7 2057.7 1064.4 2058.4 1055.1 2058.7 c
1039.8 2059.2 1038 2059.5 1038 2061 c
1038 2063.2 1034 2063.8 1018.6 2064 c
1012.6 2064 1006.9 2064.5 1005.9 2065.1 c
1004.9 2065.6 1001.5 2066.2 998.3 2066.4 c
995.1 2066.6 991 2067.1 989.2 2067.5 c
986 2068.2 l 986 2074.9 l
986 2083.9 987.9 2086.7 988.1 2078 c
988.3 2071.5 l 989.1 2078.8 l
989.6 2082.8 989.6 2095.1 989.1 2106.3 c
988.3 2126.5 l 988.1 2112 l
988 2102.2 987.7 2098 987 2099 c
986.4 2099.9 986 2118.8 986 2147.2 c
986 2187.9 985.8 2194 984.5 2194 c
983.2 2194 983 2185.8 982.8 2129.4 c
h
1054 2191.1 m
1054 2189.5 1054.6 2187.5 1055.3 2186.8 c
1056.1 2186.1 1057 2183.8 1057.4 2181.7 c
1057.9 2179.1 1058.6 2178 1059.9 2178 c
1061.4 2178 1061.8 2176.9 1062.3 2172.3 c
1062.6 2169.2 1063.3 2166.4 1063.8 2166.1 c
1064.6 2165.6 1065.9 2162.6 1066.5 2160 c
1067.2 2157.2 1069.7 2154 1071.2 2154 c
1072.4 2154 1073 2153.3 1073 2151.6 c
1073 2150.2 1073.7 2148.5 1074.5 2147.6 c
1075.3 2146.8 1076 2145.2 1076 2144.1 c
1076 2142.7 1076.8 2141.8 1078.5 2141.4 c
1079.9 2141.1 1081 2140.2 1081 2139.4 c
1081 2138.6 1081.5 2138 1082.1 2138 c
1082.7 2138 1083 2137.4 1082.7 2136.7 c
1082.2 2135.3 1084.6 2132.1 1087.5 2130.4 c
1088.6 2129.8 1089.5 2128.9 1089.5 2128.4 c
1089.6 2126.3 1093.4 2122 1095.1 2122 c
1096.2 2122 1097 2121.3 1097 2120.6 c
1097 2118.5 1101.4 2114 1103.4 2114 c
1104.3 2114 1105 2113.2 1105 2112 c
1105 2110.9 1105.7 2110 1106.5 2110 c
1107.3 2110 1108 2109.5 1108 2108.9 c
1108 2108.4 1109.3 2107.4 1111 2106.9 c
1112.9 2106.2 1114 2105.1 1114 2104 c
1114 2102.8 1115 2101.9 1117 2101.5 c
1118.7 2101.1 1120 2100.5 1120 2100 c
1120 2099.5 1120.9 2098.8 1122 2098.5 c
1123.1 2098.2 1124 2097 1124 2095.9 c
1124 2094.6 1124.7 2094 1126.4 2094 c
1127.7 2094 1129.3 2093.3 1130 2092.5 c
1130.7 2091.7 1132.2 2091 1133.4 2091 c
1134.6 2091 1136.3 2090.1 1137.3 2089 c
1138.3 2087.8 1140.2 2087 1142 2087 c
1143.9 2087 1145 2086.5 1145 2085.6 c
1145 2083.8 1145.8 2083.3 1149.1 2082.6 c
1150.4 2082.4 1152.8 2081.5 1154.5 2080.6 c
1156.1 2079.8 1158.4 2079.3 1159.7 2079.6 c
1161.5 2080.1 1162.2 2079.7 1163 2077.6 c
1163.8 2075.5 1164.6 2075 1167.5 2075 c
1169.5 2075 1172.1 2074.3 1173.3 2073.5 c
1174.5 2072.7 1179 2071.9 1183.5 2071.6 c
1193 2071.1 1192 2071.3 1192 2069.7 c
1192 2068.6 1195.6 2068.2 1208 2067.6 c
1224.5 2066.9 1229 2067.3 1229 2069.5 c
1229 2071.4 1231.4 2072 1239 2072 c
1244 2072 1245.9 2072.4 1246.3 2073.4 c
1246.7 2074.4 1248.8 2075 1252.7 2075.2 c
1257.1 2075.4 1258.5 2075.9 1258.5 2077 c
1258.5 2079.1 1260 2080 1263.8 2080 c
1265.5 2080 1267 2080.4 1267 2080.9 c
1267 2081.4 1268.4 2082.1 1270.1 2082.5 c
1272 2082.9 1273.4 2084 1273.7 2085.1 c
1274 2086.1 1275 2087 1276 2087 c
1276.9 2087 1278.9 2087.9 1280.3 2089 c
1281.7 2090.1 1283.5 2091 1284.4 2091 c
1285.3 2091 1286 2091.5 1286 2092 c
1286 2092.6 1287.1 2093.5 1288.5 2094 c
1289.9 2094.5 1291 2095.5 1291 2096.2 c
1291 2097.1 1291.3 2097 1292 2096 c
1292.8 2094.7 1293 2094.7 1293 2096.2 c
1293 2097.1 1293.9 2098.1 1294.9 2098.5 c
1296 2098.8 1297.1 2099.7 1297.4 2100.5 c
1297.7 2101.3 1298.9 2102 1300 2102 c
1301.3 2102 1302 2102.7 1302 2103.9 c
1302 2105 1302.9 2106.2 1304 2106.5 c
1305.1 2106.8 1306 2107.8 1306 2108.6 c
1306 2109.4 1306.9 2110 1308 2110 c
1309.1 2110 1310 2110.7 1310 2111.5 c
1310 2113.3 1314.7 2118 1316.5 2118 c
1317.3 2118 1318 2118.9 1318 2120 c
1318 2121.1 1318.7 2122.3 1319.5 2122.6 c
1320.3 2123 1321 2123.8 1321 2124.6 c
1321 2125.9 1322.2 2126.4 1324.2 2126.1 c
1324.7 2126.1 1325 2126.4 1325 2127 c
1325 2127.5 1324.3 2128 1323.4 2128 c
1322.6 2128 1322.2 2128.5 1322.5 2129 c
1322.9 2129.6 1323.6 2129.8 1324.1 2129.5 c
1324.6 2129.1 1325.4 2130 1326 2131.4 c
1326.5 2132.8 1327.3 2134 1327.8 2134 c
1328.2 2134 1329 2135.5 1329.5 2137.2 c
1330.1 2139 1331.2 2140.5 1332 2140.5 c
1332.8 2140.5 1333.7 2141.6 1333.8 2143 c
1334 2144.4 1334.8 2145.8 1335.6 2146.3 c
1336.3 2146.7 1337.2 2148.6 1337.6 2150.4 c
1337.9 2152.5 1338.9 2154 1340 2154.3 c
1341.2 2154.6 1342.1 2156.1 1342.5 2158.4 c
1342.9 2160.4 1343.6 2162.2 1344 2162.5 c
1344.5 2162.8 1345.1 2164.8 1345.5 2167.1 c
1346 2169.8 1346.6 2171 1347.5 2170.6 c
1349.2 2170 1350 2172.1 1350 2177.5 c
1350 2179.9 1350.5 2182.2 1351 2182.5 c
1351.6 2182.9 1351.8 2183.5 1351.5 2184 c
1351.2 2184.5 1351.4 2185.1 1352 2185.5 c
1352.5 2185.8 1353 2187.9 1353 2190.1 c
1353 2193.3 1352.7 2194 1351 2194 c
1349.4 2194 1349 2193.3 1349 2190.4 c
1349 2188.3 1348.6 2187.1 1348 2187.5 c
1346.7 2188.3 1345.3 2184.7 1344.5 2178.8 c
1344.2 2176.1 1343.5 2174 1342.9 2174 c
1342.4 2174 1342 2172.2 1342 2169.9 c
1342 2166.7 1341.6 2165.7 1340.1 2165.3 c
1338.9 2165 1337.8 2163.6 1337.4 2161.6 c
1337.1 2159.9 1336.1 2157.6 1335.4 2156.5 c
1334.6 2155.4 1334 2153.5 1334 2152.2 c
1334 2151 1333.2 2149.7 1332.2 2149.3 c
1330 2148.5 1329 2147 1329 2144.4 c
1329 2143.2 1328.4 2142 1327.6 2141.7 c
1326.9 2141.4 1325.9 2139.5 1325.6 2137.6 c
1325.2 2135.6 1324.5 2134.2 1324.1 2134.4 c
1323.1 2135.1 1318.7 2130.1 1317.9 2127.5 c
1317.6 2126.4 1316.8 2125.6 1316.2 2125.7 c
1314.7 2126.1 1310.3 2121.6 1309.8 2119.3 c
1309.6 2118.3 1308.9 2117.6 1308.2 2117.7 c
1306.7 2118 1302 2113.3 1302.3 2111.8 c
1302.4 2111.1 1301.7 2110.4 1300.7 2110.2 c
1298.3 2109.7 1294.5 2105.9 1294.5 2104 c
1294.5 2103.2 1293.5 2102.4 1292.2 2102.2 c
1290.9 2102 1289.6 2101.2 1289.3 2100.4 c
1289 2099.7 1287.3 2098.8 1285.4 2098.4 c
1283 2098 1282 2097.2 1282 2095.9 c
1282 2094.8 1281.3 2094 1280.5 2094 c
1279.6 2094 1278.7 2093.3 1278.4 2092.5 c
1278 2091.7 1276.9 2091 1275.9 2091 c
1274.8 2091 1272.3 2090.1 1270.3 2089 c
1268.2 2087.9 1265.7 2087 1264.8 2087 c
1263.7 2087 1263 2086.2 1263 2085 c
1263 2083.4 1262.3 2083 1259.2 2083 c
1257.1 2083 1254.5 2082.3 1253.4 2081.5 c
1252.4 2080.7 1250.3 2080 1248.8 2080 c
1244.9 2080 1243 2079 1243 2077 c
1243 2075.5 1241.4 2075.2 1228.2 2074.7 c
1220.1 2074.4 1206 2074.4 1196.8 2074.7 c
1181.8 2075.2 1180 2075.5 1180 2077 c
1180 2078.4 1178.7 2078.9 1173.8 2079.4 c
1170.4 2079.8 1166.7 2080.8 1165.6 2081.6 c
1164.5 2082.4 1161.9 2083 1159.8 2083 c
1156.7 2083 1156 2083.4 1156 2084.9 c
1156 2086.9 1154.2 2088 1150.7 2088 c
1149.5 2088 1147.6 2088.7 1146.6 2089.5 c
1145.5 2090.3 1143.6 2091 1142.4 2091 c
1141.2 2091 1140 2091.7 1139.6 2092.5 c
1139.3 2093.4 1137.8 2094 1136 2094 c
1133.7 2094 1132.7 2094.6 1132.1 2096.4 c
1131.2 2098.5 1128.9 2100.2 1126.5 2100.5 c
1124.3 2100.7 1121 2103.2 1121 2104.6 c
1121 2105.4 1120.2 2106.4 1119.2 2106.7 c
1117 2107.5 1113.5 2111 1112.7 2113.2 c
1112.4 2114.2 1111.5 2115 1110.8 2115 c
1109.3 2115 1105.5 2118.9 1105.5 2120.5 c
1105.5 2121 1104.5 2121.9 1103.3 2122.6 c
1100.1 2124.1 1097 2127 1097.3 2128.2 c
1097.4 2128.7 1096.6 2129.7 1095.6 2130.3 c
1092.4 2132.3 1090 2134.9 1090 2136.5 c
1090 2138 1086.6 2140.3 1085.7 2139.4 c
1085.4 2139.1 1084.8 2140.4 1084.5 2142.3 c
1084.1 2144.3 1083.2 2146.1 1082.4 2146.4 c
1081.6 2146.7 1081 2147.6 1081 2148.5 c
1081 2149.3 1080.1 2150 1079 2150 c
1077.5 2150 1077 2150.7 1077 2152.5 c
1077 2153.9 1076.1 2155.8 1075 2156.7 c
1073.9 2157.7 1073 2159.5 1073 2160.7 c
1073 2162.3 1072.4 2163 1071 2163 c
1069.6 2163 1068.9 2163.9 1068.5 2166.8 c
1068.2 2168.8 1067.5 2171.3 1066.9 2172.2 c
1066.4 2173.2 1066 2174.8 1066 2175.9 c
1066 2177 1065.2 2178.6 1064.3 2179.6 c
1063.4 2180.5 1062.4 2183.1 1062.1 2185.4 c
1061.7 2188.1 1061 2189.5 1060 2189.5 c
1059.2 2189.5 1058.4 2190.5 1058.2 2191.8 c
1057.7 2195.4 1054 2194.8 1054 2191.1 c
h
1073 2192.3 m
1073 2191.4 1073.8 2189.8 1074.7 2188.8 c
1075.6 2187.7 1076.4 2185.7 1076.5 2184.2 c
1076.5 2182.2 1077.1 2181.4 1078.8 2181.2 c
1080.6 2180.9 1081 2180.2 1081 2176.9 c
1081 2173.7 1080.7 2173 1079 2173 c
1077.7 2173 1077 2173.7 1077 2175 c
1077 2176 1076.1 2177.4 1075 2178 c
1073.6 2178.8 1073 2180.1 1073 2182.5 c
1073 2185.6 1072.7 2186 1070.5 2186 c
1068.7 2186 1068 2186.5 1068 2188 c
1068 2189.1 1067.5 2190 1067 2190 c
1066.5 2190 1066 2188.2 1066 2186 c
1066 2183.8 1066.4 2182 1066.9 2182 c
1067.4 2182 1068 2181.1 1068.3 2180 c
1068.6 2178.8 1069.7 2178 1070.8 2178 c
1072.3 2178 1072.9 2177.1 1073.5 2174.4 c
1074 2171.6 1074.8 2170.5 1077.1 2169.7 c
1078.7 2169.1 1080 2168 1080 2167.2 c
1080 2166.5 1080.7 2165.7 1081.6 2165.3 c
1082.8 2164.8 1083 2163.8 1082.5 2159.9 c
1081.9 2155.8 1082.1 2155 1083.4 2155 c
1084.3 2155 1085 2155.4 1085 2156 c
1085 2157.6 1087.7 2157.2 1088.4 2155.5 c
1088.7 2154.7 1089.7 2154 1090.6 2154 c
1091.9 2154 1092.2 2153.3 1091.7 2150.5 c
1091.4 2148.6 1091.5 2147 1092.1 2147 c
1092.6 2147 1093 2145.9 1093 2144.5 c
1093 2142.7 1093.5 2142 1094.9 2142 c
1096 2142 1097.2 2141.1 1097.5 2140 c
1097.8 2138.9 1098.6 2138 1099.1 2138 c
1099.6 2138 1100 2137.1 1100 2136 c
1100 2134.8 1100.7 2134 1101.7 2134 c
1103.7 2134 1109 2129.2 1109 2127.3 c
1109 2126.6 1110.1 2126 1111.4 2126 c
1112.7 2126 1114.3 2125.4 1114.9 2124.6 c
1115.6 2123.8 1117.2 2122.9 1118.5 2122.6 c
1120.1 2122.2 1121 2121.3 1121 2120 c
1121 2118.9 1121.7 2118 1122.5 2118 c
1123.4 2118 1124.3 2117.3 1124.6 2116.5 c
1125 2115.7 1125.6 2115.2 1126 2115.5 c
1126.5 2115.8 1127.1 2115.6 1127.5 2115 c
1127.8 2114.5 1129 2114 1130.1 2114 c
1131.3 2114 1132 2113.3 1132 2112 c
1132 2110.8 1132.7 2110 1133.6 2110 c
1134.5 2110 1136.3 2109.1 1137.7 2108 c
1139.1 2106.9 1141.1 2106 1142.1 2106 c
1143.3 2106 1144 2105.3 1144 2104.1 c
1144 2102.7 1145 2102 1147.7 2101.5 c
1149.8 2101.1 1151.8 2100.3 1152.1 2099.8 c
1152.5 2099.2 1154.5 2098.4 1156.6 2098.1 c
1159.1 2097.7 1160.5 2096.9 1160.5 2096 c
1160.5 2095.2 1161.4 2094.4 1162.5 2094.2 c
1163.6 2094 1166.2 2093.2 1168.3 2092.4 c
1170.3 2091.6 1173.6 2091 1175.6 2091 c
1177.5 2091 1180.1 2090.4 1181.3 2089.6 c
1184.8 2087.4 1194.1 2086.9 1214 2088 c
1234 2089 1245 2090.6 1246.3 2092.7 c
1246.7 2093.4 1248.4 2094 1250 2094 c
1254 2094 1256 2094.9 1255.4 2096.5 c
1255 2097.4 1256 2098.1 1258.5 2098.6 c
1260.5 2098.9 1262.4 2099.9 1262.7 2100.6 c
1263 2101.4 1264.7 2102 1266.6 2102 c
1269.1 2102 1270 2102.4 1270 2103.6 c
1270 2105.1 1274.4 2109.3 1276.2 2109.6 c
1276.7 2109.7 1277.5 2109.8 1278 2109.9 c
1278.5 2109.9 1279 2110.8 1279 2111.9 c
1279 2113.6 1282.1 2115.4 1284.3 2115.1 c
1284.7 2115 1285.3 2115.7 1285.6 2116.5 c
1286 2117.3 1286.8 2118 1287.5 2118 c
1288.3 2118 1289 2119 1289.2 2120.2 c
1289.4 2121.7 1290.2 2122.5 1291.5 2122.5 c
1292.6 2122.5 1293.6 2123.3 1293.8 2124.3 c
1294 2125.2 1294.8 2126 1295.5 2126 c
1296.3 2126 1297 2127 1297.2 2128.2 c
1297.4 2129.7 1298.3 2130.6 1299.8 2130.8 c
1301 2131 1302 2131.8 1302 2132.6 c
1302 2133.4 1302.6 2134 1303.4 2134 c
1304.2 2134 1305 2135 1305.2 2136.2 c
1305.4 2137.7 1306.3 2138.6 1307.8 2138.8 c
1309 2139 1310 2139.7 1310 2140.5 c
1310 2141.2 1310.7 2142 1311.5 2142.4 c
1312.3 2142.7 1313 2143.3 1312.9 2143.7 c
1312.6 2145.7 1314.4 2148.9 1316.1 2149.3 c
1317.4 2149.6 1318 2150.7 1318 2152.4 c
1318 2153.9 1318.7 2155.3 1319.5 2155.6 c
1320.3 2156 1321 2157.2 1321 2158.4 c
1321 2161 1322 2162.5 1324.2 2163.3 c
1325.5 2163.7 1326 2165 1326 2167.4 c
1326 2169.3 1326.8 2171.6 1327.7 2172.5 c
1328.7 2173.5 1329.5 2176.4 1329.8 2179.6 c
1330.1 2183.2 1330.7 2185 1331.6 2185 c
1333.3 2185 1333.7 2185.7 1334.5 2190.3 c
1335.2 2193.9 1335.2 2194 1332.1 2194 c
1329.5 2194 1329 2193.6 1329 2191.7 c
1329 2190.4 1328.3 2188.5 1327.5 2187.4 c
1326.7 2186.4 1326 2184.5 1326 2183.3 c
1326 2180.1 1325 2178 1323.4 2178 c
1322.6 2178 1322 2177.4 1322 2176.6 c
1322 2175.8 1321.5 2173.9 1320.9 2172.3 c
1320 2169.8 1319.7 2169.7 1318.7 2171.1 c
1318 2172 1316.6 2172.9 1315.5 2173.1 c
1313.7 2173.5 1313.5 2174.4 1313.5 2181.3 c
1313.5 2187.7 1313.2 2189.3 1311.8 2190.1 c
1310.8 2190.7 1310 2191.8 1310 2192.5 c
1310 2193.6 1308.8 2194 1306 2194 c
1302.4 2194 1302 2193.8 1302 2191.5 c
1302 2189.7 1301.5 2189 1300 2189 c
1298.9 2189 1297.7 2188.3 1297.4 2187.5 c
1296.6 2185.6 1294.4 2185.5 1293.7 2187.4 c
1293.4 2188.1 1291.8 2189 1290.1 2189.3 c
1287.9 2189.8 1287 2190.5 1287 2192 c
1287 2193.8 1286.4 2194 1278.5 2194 c
1272.8 2194 1270 2193.6 1270 2192.9 c
1270 2191 1275.3 2186.6 1277.9 2186.4 c
1279.2 2186.2 1280.7 2185.7 1281.2 2185.2 c
1282.4 2184 1281 2178 1279.4 2178 c
1276.5 2178 1277.6 2164.7 1280.6 2162.5 c
1282 2161.5 1282.2 2160.3 1281.7 2156.2 c
1281 2149.9 1278.4 2147 1273.6 2147 c
1268 2147 1267 2146.2 1267 2141.9 c
1267 2138.7 1266.6 2138 1265.1 2138 c
1263.6 2138 1263 2139 1262.5 2141.9 c
1262.1 2144.1 1261.2 2146.1 1260.4 2146.4 c
1259.6 2146.7 1259 2147.6 1259 2148.5 c
1259 2149.3 1258.2 2150 1257.1 2150 c
1255.7 2150 1255.1 2151 1254.6 2153.9 c
1254.3 2156.1 1253.3 2158 1252.4 2158.4 c
1251.6 2158.7 1251.1 2159.4 1251.5 2160 c
1252.4 2161.4 1250.2 2165 1248.5 2165 c
1247.6 2165 1247 2165.9 1247 2167.3 c
1247 2168.5 1246.4 2170.4 1245.6 2171.5 c
1244.9 2172.6 1244 2175.1 1243.6 2177.1 c
1243.2 2179.6 1242.3 2180.9 1241 2181.3 c
1239.7 2181.6 1239 2182.7 1239 2184.2 c
1239 2185.5 1238.3 2187.5 1237.5 2188.6 c
1236.7 2189.6 1236 2191.3 1236 2192.2 c
1236 2195 1228 2194.8 1228 2192 c
1228 2190.9 1228.4 2190 1228.8 2190 c
1229.3 2190 1230.2 2188.9 1230.8 2187.5 c
1231.4 2186.1 1232.6 2185 1233.5 2185 c
1234.5 2185 1235 2184 1235 2182.1 c
1235 2180.5 1235.6 2178.7 1236.4 2178.1 c
1237.2 2177.5 1238.1 2174.5 1238.5 2171.5 c
1239 2167 1239.5 2166 1241.1 2166 c
1242.1 2166 1243 2165.4 1243 2164.6 c
1243 2163.9 1243.6 2162.7 1244.4 2162 c
1245.2 2161.4 1245.7 2160.3 1245.4 2159.5 c
1245.1 2158.8 1245.3 2157.9 1245.9 2157.5 c
1246.5 2157.2 1247 2155.6 1247 2154 c
1247 2151.8 1247.8 2150.7 1250.4 2149 c
1252.7 2147.6 1254 2146 1254.2 2144.2 c
1254.4 2142.3 1255.2 2141.4 1256.6 2141.2 c
1258.4 2140.9 1258.9 2140 1259.3 2135.7 c
1259.6 2132.8 1260 2129.6 1260.2 2128.5 c
1260.4 2126.9 1259.9 2126.4 1257.2 2126.2 c
1254.6 2125.9 1254 2126.2 1254 2127.8 c
1254 2128.9 1253.3 2130 1252.5 2130.4 c
1251.5 2130.7 1251 2132.3 1251 2135.2 c
1251 2137.6 1250.6 2140.1 1250.1 2140.9 c
1248.8 2143 1244 2139.4 1244 2136.4 c
1244 2132 1236.4 2131.9 1235.8 2136.2 c
1235.6 2137.5 1234.7 2138.6 1233.7 2138.8 c
1231.3 2139.3 1228 2142.6 1228 2144.5 c
1228 2145.4 1227.1 2146 1225.5 2146 c
1224.1 2146 1223 2146.3 1222.9 2146.8 c
1222.9 2147.2 1222.6 2150.6 1222.4 2154.4 c
1222.2 2158.2 1221.5 2161.8 1221 2162.4 c
1220.6 2163 1220.1 2167.8 1220 2173 c
1219.8 2178.2 1219.5 2185.1 1219.2 2188.2 c
1218.7 2194 l 1215.4 2194 l
1212 2194 l 1212 2188.2 l
1212 2184.9 1212.5 2181.9 1213.2 2181.1 c
1213.9 2180.5 1214.5 2178.7 1214.6 2177.2 c
1214.6 2175.7 1214.7 2168.9 1214.8 2162.2 c
1215 2150.7 1215.1 2149.8 1217 2149.3 c
1218.8 2148.8 1219 2147.9 1219 2139.4 c
1219 2130.8 1218.8 2130 1217.1 2130 c
1215.9 2130 1215 2129.2 1214.8 2127.9 c
1214.6 2126.6 1213 2124.9 1211 2123.9 c
1208.2 2122.4 1207.4 2121.3 1207 2118.3 c
1206.4 2114.2 1204.5 2112.9 1203.5 2115.9 c
1203.2 2117.1 1202 2118 1200.9 2118 c
1199.6 2118 1199 2118.7 1199 2120.3 c
1199 2121.6 1198.1 2123.5 1197 2124.5 c
1195.9 2125.5 1195 2127.1 1195 2128.2 c
1195 2129.3 1194.3 2130 1193 2130 c
1191.2 2130 1191 2130.7 1191 2135.9 c
1191 2139.2 1190.6 2142.1 1190.1 2142.4 c
1188.9 2143.2 1192 2158 1193.5 2158 c
1194.3 2158 1194.9 2162.3 1195.3 2172.9 c
1196.1 2190.1 1195.6 2194 1192.9 2194 c
1191.2 2194 1191 2193.1 1191 2184.7 c
1191 2179.7 1190.5 2173.9 1189.9 2172 c
1189.3 2170.1 1188.6 2164.2 1188.2 2159 c
1187.6 2150.9 1187.2 2149.5 1185.7 2149.2 c
1182.9 2148.6 1179.1 2145 1179.7 2143.4 c
1180 2142.4 1179.4 2142 1177.7 2142 c
1176.3 2142 1175 2141.4 1174.7 2140.6 c
1174.1 2139.1 1175.9 2138 1179.1 2138 c
1180.1 2138 1181 2137.3 1181 2136.5 c
1181 2134.5 1184.3 2131.3 1185.8 2131.8 c
1186.4 2132 1187.2 2130.9 1187.6 2129.3 c
1188.4 2126 1191.5 2121.8 1193.8 2120.8 c
1195.3 2120.2 1195.3 2120.1 1193.8 2120.1 c
1191.7 2120 1191.3 2118 1193.4 2118 c
1195 2118 1196 2115.9 1196 2112.4 c
1196 2111.1 1196.5 2110 1197 2110 c
1197.5 2110 1198 2109 1198 2107.9 c
1198 2105.8 1197.7 2105.8 1190.8 2106.5 c
1186.8 2106.8 1183.2 2107.7 1182.8 2108.3 c
1182.4 2108.9 1179.7 2109.7 1176.8 2110 c
1172.5 2110.4 1171.6 2110.8 1171.8 2112.2 c
1172 2113.5 1171.4 2114 1169.8 2114.1 c
1165.8 2114.2 1164.1 2114.8 1162.4 2116.4 c
1161.6 2117.3 1159.8 2118 1158.4 2118 c
1156.7 2118 1156 2118.6 1156 2120 c
1156 2121.3 1155.1 2122.2 1153.2 2122.6 c
1148.6 2123.6 1147.9 2124 1148.5 2125 c
1148.8 2125.5 1150.7 2126 1152.6 2126 c
1155.3 2126 1156 2126.4 1156 2128 c
1156 2129.4 1156.7 2130 1158.2 2130 c
1159.5 2130 1162.3 2131.2 1164.5 2132.5 c
1166.7 2133.9 1169.3 2135 1170.3 2135 c
1172.1 2135 1172.2 2137.4 1170.4 2137.6 c
1168 2137.8 1164 2139.3 1164 2140 c
1164 2140.4 1163.1 2141 1162 2141.3 c
1159.2 2142 1159.2 2151.9 1162 2159.2 c
1163.1 2162.1 1164 2166.4 1164 2168.6 c
1164 2171.4 1164.5 2173 1165.5 2173.4 c
1166.4 2173.7 1167 2175.2 1167 2177 c
1167 2179.3 1167.6 2180.3 1169.5 2181 c
1171.2 2181.6 1172 2182.7 1172 2184.3 c
1172 2185.6 1172.7 2187.5 1173.5 2188.6 c
1176.5 2192.6 1175.5 2194 1169.5 2194 c
1164.4 2194 1164 2193.8 1164 2191.7 c
1164 2190.4 1163.3 2188.5 1162.5 2187.4 c
1161.7 2186.4 1161 2184.7 1161 2183.7 c
1161 2182.7 1159.9 2181.5 1158.5 2181 c
1156.7 2180.3 1156 2179.3 1156 2177.4 c
1156 2176 1155.1 2173.7 1154 2172.3 c
1152.9 2170.9 1152 2168.9 1152 2167.9 c
1152 2166.7 1151.3 2166 1150.1 2166 c
1149.1 2166 1148 2165.1 1147.7 2164 c
1147.3 2162.5 1146.3 2162 1143.6 2162 c
1141.2 2162 1139.4 2162.7 1138.3 2164 c
1137.3 2165.1 1135.5 2166 1134.3 2166 c
1132.9 2166 1132 2166.6 1132 2167.5 c
1132 2170.4 1128.9 2174 1126.4 2174 c
1124.7 2174 1124 2174.6 1124 2175.9 c
1124 2177 1123.2 2178 1122.3 2178.2 c
1120.8 2178.5 1120.6 2179.6 1120.9 2186.3 c
1121.2 2194 l 1117.7 2194 l
1114.2 2194 l 1113.5 2185.5 l
1112.8 2177.2 1113.4 2170 1114.8 2170 c
1115.2 2170 1117.1 2170.4 1119 2171 c
1121.2 2171.6 1122.8 2171.6 1123.4 2171 c
1124 2170.4 1125.4 2170 1126.7 2170 c
1128.2 2170 1129 2169.4 1129 2168.3 c
1129 2167.4 1129.7 2165.8 1130.6 2164.8 c
1132.2 2163.2 1132.2 2163 1130.6 2162.4 c
1129.7 2162.1 1129 2160.7 1129 2159.4 c
1129 2157.7 1128.4 2157 1127.1 2157 c
1126 2157 1124.8 2156.6 1124.5 2156 c
1124.1 2155.4 1125.3 2155 1127.5 2155 c
1129.7 2155 1131.3 2155.6 1131.6 2156.5 c
1132.3 2158.3 1134.9 2158.4 1138.7 2156.8 c
1140.2 2156.2 1141.9 2155.8 1142.4 2155.9 c
1143.8 2156.2 1145 2153.8 1145 2150.3 c
1145 2148.6 1145.5 2146.8 1146 2146.5 c
1147.4 2145.6 1147.1 2140.5 1145.2 2133.1 c
1143.5 2126.8 1141 2123.7 1141 2127.9 c
1141 2129.1 1140.4 2130 1139.7 2130 c
1138.9 2130 1137.5 2130.9 1136.5 2132 c
1135.6 2133 1134.5 2133.9 1134.1 2133.8 c
1132 2133.6 1131 2134.2 1131 2135.8 c
1131 2137.4 1128.7 2139.5 1126.7 2139.8 c
1125.3 2140 1123 2142.8 1123 2144.3 c
1123 2145.1 1121.4 2146.5 1119.5 2147.4 c
1117 2148.6 1116 2149.7 1116 2151.4 c
1116 2152.7 1115.3 2154 1114.5 2154.4 c
1113.7 2154.7 1113 2155.6 1113 2156.4 c
1113 2157.2 1112 2158 1110.8 2158.2 c
1109.5 2158.4 1108.5 2159.1 1108.5 2159.8 c
1108.5 2160.6 1107.7 2161.7 1106.8 2162.4 c
1105.8 2163.1 1105 2164.2 1105 2164.9 c
1105 2165.5 1104.1 2166 1103 2166 c
1101.8 2166 1101 2166.7 1101 2167.8 c
1100.9 2168.7 1100.1 2171.3 1099 2173.5 c
1097.9 2175.7 1097.1 2178.3 1097 2179.3 c
1097 2180.4 1096.1 2181.4 1095 2181.7 c
1092.9 2182.2 1092.5 2184.3 1092.9 2190.8 c
1093.2 2194 1093.1 2194 1088.6 2194 c
1084.9 2194 1084 2193.7 1084 2192.2 c
1084 2190 1085.1 2188.5 1087.2 2187.7 c
1088.3 2187.3 1089 2186 1089 2184.4 c
1089 2183 1089.6 2180.6 1090.4 2179.2 c
1091.2 2177.7 1092.1 2175.3 1092.5 2173.8 c
1092.9 2171.9 1093.7 2171 1095 2171 c
1096.3 2171 1097 2170.3 1097 2169.1 c
1097 2166.9 1101.1 2162 1102.9 2162 c
1103.5 2162 1104 2161.2 1104 2160.1 c
1104 2159.1 1104.9 2157.1 1106 2155.7 c
1107.1 2154.3 1108 2152.5 1108 2151.6 c
1108 2150.7 1108.7 2150 1109.6 2150 c
1111.6 2150 1116 2145.5 1116 2143.4 c
1116 2142.6 1116.7 2141.7 1117.6 2141.3 c
1119.9 2140.4 1124 2136.5 1124 2135.1 c
1124 2134.5 1125.1 2133.5 1126.5 2133 c
1127.9 2132.5 1129 2131.6 1129 2131 c
1129 2130.5 1129.7 2130 1130.5 2130 c
1131.3 2130 1132 2129.1 1132 2128 c
1132 2126.8 1132.7 2126 1133.6 2126 c
1134.5 2126 1136.3 2125.1 1137.7 2124 c
1139.1 2122.9 1141.2 2122 1142.4 2122 c
1144.7 2122 1148.5 2120 1146.2 2120 c
1143.9 2120 1145.9 2118.2 1148.9 2117.5 c
1150.5 2117.2 1152.4 2116.2 1153.1 2115.4 c
1153.7 2114.6 1155.5 2114 1157.1 2114 c
1159.3 2114 1160 2113.5 1160 2112 c
1160 2110.6 1160.7 2110 1162.2 2110 c
1163.4 2110 1165.1 2109.3 1166.1 2108.4 c
1168 2106.7 1169.8 2106.2 1175.1 2106.1 c
1177.9 2106 1178.9 2105.5 1179.3 2104 c
1179.7 2102.4 1180.7 2102 1183.7 2102 c
1185.8 2102 1188.8 2101.3 1190.3 2100.5 c
1194.3 2098.4 1237.7 2097.8 1238.9 2099.9 c
1239.4 2100.7 1242.4 2101.4 1246.4 2101.7 c
1252 2102.2 1253 2102.6 1253 2104.1 c
1253 2105.6 1253.8 2106 1256.9 2106 c
1259.1 2106 1261.5 2106.7 1262.4 2107.5 c
1264.1 2109.2 1267 2109.5 1267 2107.9 c
1267 2107.3 1266.1 2106.6 1265 2106.3 c
1263.9 2106 1263 2104.9 1263 2103.9 c
1263 2102.4 1262.3 2102 1259.1 2102 c
1256.6 2102 1255 2101.5 1254.6 2100.5 c
1254.3 2099.6 1252.8 2099 1250.8 2099 c
1247 2099 1244.5 2097.7 1244.5 2095.8 c
1244.5 2094.9 1242.4 2094.4 1237.5 2094.2 c
1233.1 2094 1229.9 2093.4 1228.9 2092.4 c
1226.5 2090.2 1189.3 2090.3 1187.6 2092.5 c
1186.9 2093.4 1184.3 2094 1180.5 2094.2 c
1175.6 2094.4 1174.5 2094.8 1174.8 2096.1 c
1175.1 2097.9 1172.4 2099 1167.7 2099 c
1166.1 2099 1164.2 2099.7 1163.4 2100.5 c
1162.5 2101.3 1160.3 2102 1158.4 2102 c
1156 2102 1154.7 2102.5 1154.3 2103.8 c
1153.5 2106 1152 2107 1149.3 2107 c
1148.1 2107 1147 2107.5 1146.8 2108.1 c
1146.6 2108.7 1144.9 2109.5 1143 2109.9 c
1140.6 2110.4 1139.6 2111.1 1139.8 2112.2 c
1139.9 2113.1 1139.2 2114.1 1138 2114.5 c
1136.9 2114.8 1136 2115.6 1136 2116.1 c
1136 2116.6 1135.4 2117 1134.8 2116.9 c
1132.5 2116.5 1129.9 2118.2 1128.9 2120.6 c
1128.5 2121.9 1127.4 2123 1126.5 2123 c
1124.6 2123 1121 2126.6 1121 2128.5 c
1121 2129.4 1120.1 2130 1118.9 2130 c
1117.7 2130 1116.6 2130.8 1116.3 2132 c
1116 2133.1 1115.4 2134 1115 2134 c
1114.5 2134 1114 2135 1113.8 2136.2 c
1113.6 2137.5 1112.7 2138.6 1111.5 2138.9 c
1109.4 2139.3 1107.1 2141.8 1107 2143.8 c
1107 2145.5 1103.3 2149 1101.5 2149 c
1100.7 2149 1099.9 2149.4 1099.9 2150 c
1099.8 2150.6 1099.7 2151.5 1099.6 2152 c
1099.6 2152.6 1099 2153.4 1098.4 2153.8 c
1097.8 2154.2 1097.1 2155.3 1096.7 2156.2 c
1096.4 2157.2 1095.1 2158 1094 2158 c
1092.8 2158 1092 2158.6 1092.2 2159.2 c
1092.6 2161.3 1088.9 2166 1086.9 2166 c
1085.8 2166 1085 2166.7 1085 2167.6 c
1085 2168.5 1084.2 2169.9 1083.2 2170.6 c
1081.8 2171.6 1081.7 2172.1 1082.8 2173.1 c
1084.5 2174.9 1084.4 2181 1082.6 2181 c
1081.6 2181 1081 2182.4 1080.8 2185.2 c
1080.6 2188.6 1080.1 2189.5 1078.8 2189.4 c
1077.5 2189.3 1077 2189.9 1077 2191.6 c
1077 2193.3 1076.4 2194 1075 2194 c
1073.8 2194 1073 2193.3 1073 2192.3 c
h
1524.2 2171.8 m
1524.3 2156.1 1524.5 2151.6 1525 2156.5 c
1526.2 2167.6 1526.1 2194 1525 2194 c
1524.4 2194 1524.1 2186 1524.2 2171.8 c
h
1623 2191.1 m
1623 2189.5 1623.7 2187.7 1624.5 2187 c
1625.4 2186.3 1626 2184.1 1626 2181.8 c
1626 2178.7 1626.3 2178 1627.8 2178.2 c
1629.2 2178.4 1629.6 2177.7 1629.8 2174.2 c
1630 2171.9 1630.5 2170 1630.9 2170 c
1631.4 2170 1632.1 2168.5 1632.4 2166.6 c
1632.9 2164 1633.6 2163 1635.3 2162.8 c
1636.5 2162.6 1637.6 2161.6 1637.9 2160.5 c
1638.5 2157.2 1641.9 2153 1643.5 2153.7 c
1644.5 2154 1645 2153.6 1645 2152.6 c
1645 2149.6 1648.1 2146 1650.6 2146 c
1652.1 2146 1653 2145.4 1653 2144.5 c
1653 2142.5 1658 2138.1 1660.2 2138 c
1661.3 2138 1662 2137.2 1662 2136.2 c
1662 2135 1663.7 2133.6 1667 2132 c
1670.3 2130.4 1672 2129 1672 2127.8 c
1672 2126.6 1672.7 2126 1674.5 2126 c
1675.8 2126 1677.4 2125.2 1678 2124.2 c
1679 2122.6 1679 2122.6 1680 2124.2 c
1680.7 2125.4 1682.3 2126 1684.5 2126 c
1687.3 2126 1688 2126.4 1688 2128 c
1688 2129.1 1688.7 2130 1689.5 2130 c
1690.2 2130 1691.3 2130.8 1691.9 2131.7 c
1692.4 2132.7 1693.4 2133.5 1694.2 2133.6 c
1694.9 2133.6 1696.3 2133.8 1697.2 2133.8 c
1698.3 2133.9 1699 2134.8 1699 2136 c
1699 2137.1 1699.5 2138.1 1700 2138.1 c
1702.1 2138.4 1702.6 2138.6 1705.2 2140.4 c
1706.8 2141.4 1708 2143.1 1708 2144.1 c
1708 2145.2 1708.7 2146 1709.6 2146 c
1711.8 2146 1716 2150.1 1716 2152.2 c
1716 2153.3 1716.8 2154 1718 2154 c
1719.1 2154 1720 2154.7 1720 2155.5 c
1720 2156.4 1720.7 2157.3 1721.5 2157.6 c
1722.4 2158 1723 2158.7 1722.9 2159.4 c
1722.8 2160 1722.9 2161.2 1723.2 2162 c
1723.6 2162.8 1724.1 2164.3 1724.4 2165.2 c
1724.7 2166.3 1725.5 2166.7 1726.5 2166.4 c
1727.7 2165.9 1728 2166.8 1728 2171.6 c
1728 2175 1728.6 2178 1729.4 2178.9 c
1730.1 2179.8 1731 2183.5 1731.3 2187.2 c
1731.9 2193.5 1731.8 2194 1730 2194 c
1728.7 2194 1728 2193.3 1728 2192 c
1728 2190.7 1727.3 2190 1726.1 2190 c
1724.5 2190 1724 2189.1 1723.4 2185.5 c
1722.8 2181.2 1722.6 2181 1719.4 2181 c
1717 2181 1716 2180.5 1716 2179.5 c
1716 2178.7 1715.5 2178 1715 2178 c
1714.4 2178 1713.5 2176.9 1713 2175.5 c
1712 2172.9 1711.1 2172.6 1707.3 2173.6 c
1705.9 2174 1705 2175.3 1704.5 2177.6 c
1704.1 2180.1 1703.4 2181 1702 2181 c
1700.2 2181 1699.5 2182 1699.9 2184.2 c
1699.9 2184.6 1699.1 2185.4 1698 2186 c
1696.9 2186.6 1696 2187.7 1696 2188.5 c
1696 2189.3 1695.1 2190 1694 2190 c
1692.7 2190 1692 2190.7 1692 2192 c
1692 2193.3 1691.3 2194 1690 2194 c
1687.6 2194 1687.2 2190.2 1689.5 2189.4 c
1691 2188.8 1692.5 2185.3 1692.2 2183.2 c
1692 2182.6 1692.8 2182 1693.9 2182 c
1695 2182 1696.1 2181.1 1696.5 2180 c
1696.8 2178.9 1697.8 2178 1698.6 2178 c
1699.4 2178 1700 2177.1 1700 2176 c
1700 2174.9 1700.8 2173.6 1701.8 2173.3 c
1704 2172.4 1705 2171 1705 2168.2 c
1705 2166.3 1705.5 2166 1708.5 2166 c
1711.2 2166 1712 2166.4 1712 2167.8 c
1712 2170.1 1716 2174 1718.3 2174 c
1719.3 2174 1720.5 2175 1720.9 2176.2 c
1721.7 2178.2 1721.9 2178.3 1722.5 2176.8 c
1722.8 2175.9 1722.4 2173.8 1721.6 2172.1 c
1720.7 2170.5 1720 2167.7 1720 2166 c
1720 2163.7 1719.6 2163 1718 2163 c
1716.9 2163 1715.9 2162.6 1715.9 2162 c
1715.8 2161.4 1715.7 2160.7 1715.6 2160.2 c
1715.2 2157.7 1710.8 2153.2 1709.3 2153.7 c
1708.1 2154.2 1707.8 2153.9 1708.3 2152.8 c
1709 2150.9 1704.2 2146 1701.7 2146 c
1700.7 2146 1700 2145.2 1700 2144 c
1700 2142.9 1699.3 2142 1698.5 2142 c
1697.6 2142 1696.7 2141.4 1696.4 2140.6 c
1696.1 2139.8 1694.3 2138.9 1692.4 2138.5 c
1689.9 2138.1 1689 2137.4 1689.2 2136.2 c
1689.4 2135 1688.7 2134.4 1686.7 2134.2 c
1685.1 2134 1683.6 2133.2 1683.3 2132.4 c
1682.7 2130.9 1677.5 2130.5 1676.5 2131.9 c
1676.2 2132.4 1674.6 2133.1 1673 2133.5 c
1670.9 2134 1670 2134.8 1670 2136.1 c
1670 2137.4 1669.3 2138 1667.7 2138 c
1666.4 2138 1664.5 2138.9 1663.5 2140 c
1662.5 2141.1 1660.6 2142 1659.2 2142 c
1657.5 2142 1656.9 2142.4 1657.4 2143.5 c
1657.7 2144.4 1657.1 2145.5 1656 2146.2 c
1654.9 2146.9 1654 2148 1654 2148.7 c
1654 2149.4 1652.9 2150 1651.5 2150 c
1649.7 2150 1649 2150.5 1649 2152 c
1649 2153.1 1648.3 2154.3 1647.5 2154.6 c
1646.7 2155 1646 2155.8 1646 2156.5 c
1646 2157.3 1645 2158 1643.8 2158.2 c
1642.3 2158.4 1641.4 2159.5 1640.8 2161.8 c
1640.3 2163.5 1639.5 2165 1639 2165 c
1638.4 2165 1638 2166 1638 2167.2 c
1638 2170 1637 2171.4 1634.8 2172.3 c
1633.7 2172.7 1633 2174 1633 2175.4 c
1633 2176.8 1632.2 2178.3 1631.3 2178.9 c
1630 2179.6 1629.5 2181.5 1629.2 2186.9 c
1628.8 2194 1628.8 2194 1625.9 2194 c
1623.4 2194 1623 2193.6 1623 2191.1 c
h
1640 2193.1 m
1640 2189.5 1642.6 2182 1643.8 2182 c
1644.5 2182 1645.4 2181.1 1645.7 2180 c
1646 2178.9 1646.6 2178 1647 2178 c
1647.4 2178 1648 2176.6 1648.4 2175 c
1648.8 2173 1649.8 2171.6 1651.5 2171 c
1653 2170.4 1654 2169.3 1654 2168.1 c
1654 2167.1 1654.7 2166 1655.5 2165.6 c
1656.3 2165.3 1657 2164.4 1657 2163.5 c
1657 2162.7 1657.9 2162 1659 2162 c
1660.2 2162 1661 2161.3 1661 2160.3 c
1661 2158.1 1665.7 2154 1668.2 2154 c
1669.3 2154 1670 2153.3 1670 2152.1 c
1670 2150.9 1671 2150 1672.8 2149.5 c
1674.3 2149.2 1676.2 2148.3 1677 2147.6 c
1679.3 2145.6 1682.8 2145.1 1684 2146.6 c
1685.7 2148.5 1684.3 2150 1680.9 2150 c
1678.7 2150 1678 2150.5 1678 2151.9 c
1678 2153 1677.1 2154.2 1675.9 2154.5 c
1673.2 2155.4 1670 2158.6 1670 2160.5 c
1670 2161.3 1669.3 2162 1668.4 2162 c
1666.4 2162 1662 2166.5 1662 2168.6 c
1662 2169.4 1660.9 2170.5 1659.5 2171 c
1658.1 2171.5 1657 2172.4 1657 2173 c
1657 2173.5 1656.4 2174 1655.6 2174 c
1654.8 2174 1654 2175 1653.8 2176.2 c
1653.6 2177.7 1652.7 2178.6 1651.2 2178.8 c
1649.4 2179.1 1649 2179.8 1649 2182.4 c
1649 2184.2 1648.3 2186.5 1647.5 2187.6 c
1646.7 2188.6 1646 2190.5 1646 2191.8 c
1646 2193.6 1645.4 2194 1643 2194 c
1641.3 2194 1640 2193.6 1640 2193.1 c
h
1670 2192 m
1670 2190.7 1669.3 2190 1668 2190 c
1667 2190 1665.6 2189.1 1665 2188.1 c
1664.4 2186.9 1662.7 2186 1660.8 2185.8 c
1656.9 2185.4 1655.6 2182.2 1658.9 2181.3 c
1660.1 2181 1661 2180.1 1661 2179.4 c
1661 2177.3 1663.3 2177.7 1664.8 2180 c
1665.5 2181.1 1666.9 2182 1668 2182 c
1669.1 2182 1670 2182.7 1670 2183.5 c
1670 2185.4 1673.5 2189 1675.4 2189 c
1676.2 2189 1677 2189.6 1677.2 2190.2 c
1678.1 2192.7 1676.8 2194 1673.4 2194 c
1670.7 2194 1670 2193.6 1670 2192 c
h
1760.5 2188.2 m
1761.5 2179.9 1763 2179.4 1763 2187.3 c
1763 2192.7 1762.7 2194 1761.4 2194 c
1760.1 2194 1760 2193.1 1760.5 2188.2 c
h
2000.2 2183.8 m
2000.4 2175.4 2000.8 2173.5 2002 2173.5 c
2003.2 2173.5 2003.5 2175.3 2003.6 2183.8 c
2003.6 2193.1 2003.5 2194 2001.8 2194 c
2000.1 2194 2000 2193.2 2000.2 2183.8 c
h
2016 2191.1 m
2016 2189.5 2016.6 2187.5 2017.3 2186.8 c
2018.1 2186.1 2019 2183.8 2019.4 2181.7 c
2019.9 2178.9 2020.6 2178 2022 2178 c
2023.4 2178 2024 2177.3 2024 2175.6 c
2024 2174.3 2024.7 2173 2025.5 2172.7 c
2026.3 2172.3 2027.3 2170.6 2027.8 2168.8 c
2028.2 2167 2029.1 2165.5 2029.6 2165.5 c
2031.2 2165.5 2034.8 2161.6 2035.2 2159.5 c
2035.4 2158.4 2036.3 2157.5 2037.3 2157.5 c
2038.3 2157.5 2039.5 2156.9 2039.9 2156.1 c
2040.4 2155.4 2042.3 2154.5 2044.1 2154.1 c
2046.3 2153.6 2047.4 2152.9 2047.3 2151.9 c
2047.1 2151.1 2048.5 2149.6 2050.3 2148.7 c
2053.5 2147 2053.8 2147 2056.8 2148.7 c
2058.6 2149.7 2060 2151.3 2060 2152.2 c
2060 2153.3 2060.8 2154 2061.8 2154 c
2063.8 2154 2067.1 2157.4 2067.4 2159.9 c
2067.6 2160.8 2068.7 2161.6 2069.8 2161.8 c
2071 2162 2072 2162.7 2072 2163.5 c
2072 2164.2 2072.7 2165 2073.5 2165.4 c
2074.3 2165.7 2075 2166.8 2075 2167.9 c
2075 2169.2 2075.8 2170 2077.2 2170.2 c
2079 2170.4 2079.6 2171.3 2079.8 2173.7 c
2080 2175.4 2080.8 2177.4 2081.6 2178 c
2082.4 2178.7 2083 2179.9 2083 2180.6 c
2083 2181.4 2083.8 2182 2084.9 2182 c
2086.8 2182 2088 2185.4 2088 2191.1 c
2088 2193.5 2087.6 2194 2085.5 2194 c
2083.9 2194 2083 2193.4 2083 2192.4 c
2083 2191.5 2082.4 2189.6 2081.6 2188.2 c
2080.8 2186.7 2079.9 2184.3 2079.6 2182.9 c
2079.3 2181.4 2078.2 2180 2077 2179.7 c
2075.7 2179.4 2075 2178.4 2075 2176.7 c
2075 2175.3 2074.3 2174 2073.6 2173.7 c
2072.8 2173.4 2071.8 2171.5 2071.4 2169.6 c
2071 2167.4 2070.2 2166 2069.3 2166 c
2067.7 2166 2063.5 2161.3 2063.5 2159.5 c
2063.5 2159 2062.7 2158.4 2061.7 2158.2 c
2060.6 2158 2059 2157 2057.9 2155.9 c
2055.3 2153.3 2049.4 2153.3 2048 2156 c
2047.4 2157.1 2046 2158 2045 2158 c
2043.7 2158 2043 2158.7 2043 2160 c
2043 2161.1 2042.3 2162 2041.5 2162 c
2040.7 2162 2040 2162.7 2040 2163.6 c
2040 2164.5 2039.1 2165.4 2038 2165.7 c
2036.9 2166 2036 2167.1 2036 2168.1 c
2036 2169.2 2035.3 2170 2034.5 2170 c
2033.6 2170 2032.5 2171.1 2032 2172.5 c
2031.5 2173.9 2030.5 2174.9 2029.9 2174.8 c
2029.2 2174.6 2028.3 2176 2027.8 2177.8 c
2027.3 2179.6 2026.3 2181.3 2025.6 2181.6 c
2023.5 2182.4 2023.8 2187.9 2026.1 2189.3 c
2027.1 2189.9 2028 2191.3 2028 2192.2 c
2028 2193.7 2027.1 2194 2022 2194 c
2016 2194 2016 2194 2016 2191.1 c
h
2058.4 2192.5 m
2058.7 2191.7 2058.3 2190.7 2057.6 2190.3 c
2056.9 2189.8 2056.1 2188.7 2055.7 2187.8 c
2055.4 2186.8 2054.1 2186 2053 2186 c
2051.8 2186 2051 2185.3 2051 2184.2 c
2050.9 2181.7 2047.5 2178 2045.2 2178 c
2043.2 2178 2039.5 2172.6 2040.5 2171.1 c
2041.6 2169.2 2050.7 2172 2051.1 2174.2 c
2051.2 2174.7 2051.3 2175.6 2051.4 2176.2 c
2051.4 2176.9 2052.5 2177.6 2053.8 2177.8 c
2055 2178 2056 2178.7 2056 2179.5 c
2056 2180.2 2056.7 2181 2057.5 2181.4 c
2058.3 2181.7 2059 2182.9 2059 2184.1 c
2059 2185.3 2059.8 2186.4 2060.9 2186.7 c
2062.7 2187.1 2064 2189.7 2064 2192.8 c
2064 2193.5 2062.7 2194 2060.9 2194 c
2058.6 2194 2057.9 2193.6 2058.4 2192.5 c
h
2173.8 2163.2 m
2173.6 2146.3 2173.6 2131.9 2173.8 2131.2 c
2174 2130.6 2175 2130 2176 2130 c
2178.7 2130 2179 2133.6 2179 2165.1 c
2179 2194 l 2176.6 2194 l
2174.2 2194 l 2173.8 2163.2 l
h
2335.9 2189.4 m
2338.9 2188.8 2339 2188.6 2339 2183.4 c
2339 2178.7 2339.2 2178 2341 2178 c
2342.3 2178 2343 2177.3 2343 2176.1 c
2343 2175.1 2343.7 2173.7 2344.5 2173 c
2345.6 2172.1 2345.8 2171.4 2345 2170.6 c
2344.5 2170.1 2344 2168.8 2344 2167.8 c
2344 2166.3 2343.2 2166 2339.7 2166 c
2337.4 2166 2333.8 2165.1 2331.7 2164 c
2329.7 2162.9 2326.7 2162 2325 2162 c
2322.7 2162 2322 2161.6 2322 2160 c
2322 2158.4 2321.3 2158 2318.6 2158 c
2316.8 2158 2314.2 2157.1 2312.8 2156.1 c
2311.5 2155 2309.1 2154 2307.5 2153.8 c
2305.3 2153.6 2304.6 2153 2304.8 2151.8 c
2305 2150.4 2304.4 2150 2301.6 2150 c
2299.7 2150 2297.5 2149.3 2296.6 2148.5 c
2295.8 2147.7 2293.1 2146.7 2290.5 2146.4 c
2287.1 2145.9 2286 2145.3 2286.2 2144.2 c
2286.4 2143 2285.4 2142.4 2282.8 2141.9 c
2280.7 2141.6 2278.2 2140.6 2277.3 2139.7 c
2276.3 2138.9 2273.9 2138 2272 2137.8 c
2269.7 2137.6 2268.5 2137 2268.5 2136 c
2268.5 2135 2267.3 2134.4 2265 2134.2 c
2263.1 2134 2261 2133.3 2260.5 2132.6 c
2259.6 2131.4 2251.6 2129.3 2249.8 2129.8 c
2249.3 2129.9 2249 2129.6 2249 2129.1 c
2249 2128.6 2249.8 2128 2250.8 2127.8 c
2251.7 2127.5 2250.1 2126.8 2247.2 2126.2 c
2244.2 2125.5 2241.2 2124.3 2240.4 2123.5 c
2239.5 2122.7 2237.3 2122 2235.4 2122 c
2232.7 2122 2232 2121.6 2232 2120 c
2232 2118.6 2231.3 2118 2229.8 2117.8 c
2228.5 2117.8 2227 2117.6 2226.3 2117.6 c
2225.6 2117.5 2224.5 2116.9 2223.8 2116.2 c
2223.2 2115.6 2221.5 2115 2220 2115 c
2217 2115 2214.5 2113.5 2214.5 2111.8 c
2214.5 2111.1 2213.1 2110.4 2211.2 2110.2 c
2209.5 2110 2208 2109.4 2208 2108.9 c
2208 2107.5 2203.3 2105.9 2201.4 2106.7 c
2200.2 2107.1 2200 2108.1 2200.4 2110.2 c
2200.8 2112.2 2200.4 2113.6 2199 2115 c
2197.9 2116.1 2197 2118.2 2197 2119.6 c
2197 2121.2 2196.3 2122.4 2195.2 2122.7 c
2193.4 2123.1 2191.4 2126.7 2190.8 2130.5 c
2190.6 2132.1 2191.3 2132.6 2195.3 2133.3 c
2198.8 2134 2200 2134.6 2199.8 2135.8 c
2199.6 2137 2200.6 2137.6 2203.2 2138 c
2205.2 2138.4 2207.5 2139.2 2208.2 2139.8 c
2209 2140.4 2211.5 2141.2 2213.9 2141.6 c
2216.7 2142.1 2217.9 2142.7 2217.6 2143.6 c
2217.3 2144.4 2218.8 2145.2 2222.2 2146.1 c
2225 2146.7 2228.5 2147.9 2229.9 2148.6 c
2231.3 2149.4 2233.5 2150 2234.6 2150 c
2235.9 2150 2237 2150.8 2237.3 2152 c
2237.7 2153.5 2238.7 2154 2241.3 2154 c
2243.2 2154 2245.8 2154.9 2247.3 2156 c
2248.7 2157.1 2251.2 2158 2252.9 2158 c
2255.3 2158 2256 2158.4 2256 2160 c
2256 2161.7 2256.7 2162 2259.9 2162 c
2262.4 2162 2264 2162.5 2264.4 2163.5 c
2264.7 2164.3 2266 2165 2267.3 2165 c
2272.5 2165 2276 2166.2 2276 2168 c
2276 2169.2 2277.1 2170 2279.5 2170.4 c
2281.4 2170.8 2284.2 2171.7 2285.7 2172.5 c
2287.2 2173.3 2289.5 2174 2290.8 2174 c
2292.3 2174 2293 2174.6 2293 2176 c
2293 2177.5 2293.7 2178 2295.8 2178 c
2297.3 2178 2299 2178.4 2299.6 2178.8 c
2300.4 2179.5 2302.9 2180.4 2310.8 2182.6 c
2311.5 2182.8 2311.9 2183.5 2311.8 2184.2 c
2311.6 2185 2312.8 2185.6 2315 2185.8 c
2316.9 2186 2319.2 2186.8 2320 2187.5 c
2321.3 2188.7 2324.3 2189.4 2330.6 2189.8 c
2331.8 2189.9 2334.2 2189.7 2335.9 2189.4 c
h
1310.1 2187 m
1310.4 2183.2 1310.2 2178.5 1309.8 2176.5 c
1309.1 2173.7 1306 2173.2 1306 2175.9 c
1306 2177.4 1305.3 2178 1303.8 2178.2 c
1302.5 2178.2 1300.9 2178.4 1300.1 2178.4 c
1297.8 2178.6 1297.7 2180.7 1300 2181.3 c
1301.1 2181.6 1302 2182.6 1302 2183.8 c
1302 2187.8 1309.9 2190.9 1310.1 2187 c
h
2490.5 2187 m
2490.2 2186.4 2489 2186 2487.8 2186 c
2486.7 2186 2485.6 2185.2 2485.3 2184.1 c
2484.9 2182.4 2481.7 2180.6 2479.7 2180.9 c
2479.3 2181 2478.7 2180.3 2478.4 2179.5 c
2478 2178.7 2476.9 2178 2475.9 2178 c
2474.7 2178 2474 2177.3 2474 2176 c
2474 2174.5 2473.3 2174 2471.5 2174 c
2470.1 2174 2468.2 2173.1 2467.3 2172 c
2466.3 2170.9 2464.6 2170 2463.4 2170 c
2462.1 2170 2461 2169.2 2460.7 2168 c
2460.4 2166.8 2459 2165.8 2457.2 2165.4 c
2455.5 2165 2453.9 2164.2 2453.6 2163.4 c
2453.3 2162.6 2452.4 2162 2451.6 2162 c
2450.9 2162 2450 2161.1 2449.7 2160 c
2449.4 2158.9 2448.4 2158 2447.5 2158 c
2446.6 2158 2444.4 2157.3 2442.7 2156.4 c
2440.9 2155.5 2438.8 2154.4 2438 2154 c
2437.2 2153.6 2436.6 2152.5 2436.8 2151.7 c
2437 2150.6 2436 2149.9 2433.5 2149.4 c
2431.6 2149.1 2430 2148.4 2430 2148 c
2430 2147.5 2429.1 2146.8 2428 2146.5 c
2426.9 2146.2 2426 2145 2426 2143.9 c
2426 2142.4 2425.3 2142 2422.5 2142 c
2420.1 2142 2418.8 2141.4 2418 2140 c
2417.3 2138.7 2415.9 2138 2414 2138 c
2411.7 2138 2411 2137.6 2411 2136 c
2411 2134.6 2410.3 2134 2408.7 2134 c
2407.5 2134 2405.7 2133.1 2404.7 2132 c
2403.8 2130.9 2401.9 2130 2400.5 2130 c
2398.7 2130 2398 2129.5 2398 2128 c
2398 2126.9 2397.4 2126 2396.7 2126 c
2396 2126 2394.7 2125.1 2393.7 2124 c
2392.8 2122.9 2390.9 2122 2389.5 2122 c
2387.7 2122 2387 2121.5 2387 2120 c
2387 2118.9 2386.3 2118 2385.5 2118 c
2384.6 2118 2383.7 2117.4 2383.4 2116.6 c
2383.1 2115.8 2381.3 2114.9 2379.4 2114.5 c
2376.9 2114.1 2376 2113.4 2376.2 2112.2 c
2376.4 2111 2375.7 2110.4 2374 2110.2 c
2372.6 2110 2370.7 2109 2369.7 2107.9 c
2368.7 2106.9 2366.8 2106 2365.5 2106 c
2363.7 2106 2363 2105.5 2363 2104 c
2363 2102.7 2362.3 2102 2361 2102 c
2359.9 2102 2359 2101.6 2359 2101.1 c
2359 2100.7 2357.5 2099.9 2355.8 2099.4 c
2353.5 2098.7 2352.4 2097.7 2352.2 2096.2 c
2351.9 2094.5 2351.2 2094 2349.1 2094 c
2347.5 2094 2345.7 2093.3 2345 2092.5 c
2344.3 2091.7 2343.1 2091 2342.3 2091 c
2340.3 2091 2335 2086.9 2335 2085.4 c
2335 2084.7 2333.4 2083.8 2331.4 2083.4 c
2329.5 2083 2327.6 2082.1 2327.3 2081.4 c
2327 2080.6 2326 2080 2325 2080 c
2321.8 2080 2320 2078.9 2320 2076.9 c
2320 2075.6 2319.3 2075 2317.6 2075 c
2316.3 2075 2314.7 2074.3 2314 2073.5 c
2313.3 2072.7 2311.7 2072 2310.4 2072 c
2308.7 2072 2307.7 2071.2 2307.1 2069.6 c
2306.2 2067.5 2304 2065.8 2301.5 2065.6 c
2299.6 2065.4 2296 2062.9 2296 2061.9 c
2296 2061.3 2294.7 2059.5 2293 2058 c
2291.3 2056.5 2290 2055.7 2290 2056.3 c
2290 2057.5 2287.1 2054 2287 2052.8 c
2287 2052.3 2288 2052 2289.2 2052 c
2290.5 2052 2292.8 2051.3 2294.5 2050.4 c
2296.8 2049.2 2301.9 2048.7 2316.8 2048.3 c
2336 2047.7 2336.2 2047.7 2337.1 2045.4 c
2337.9 2043 2338.2 2043 2352.4 2043 c
2363.9 2043 2367 2042.7 2368 2041.5 c
2369 2040.3 2371.9 2040 2381.4 2039.9 c
2391.9 2039.9 2406.5 2038.5 2400.2 2038.1 c
2399 2038.1 2398 2037.6 2398 2037.2 c
2398 2036.4 2421.6 2034.9 2441 2034.4 c
2445.1 2034.3 2449.8 2033.7 2451.3 2033.1 c
2452.9 2032.5 2458.9 2032 2464.8 2032 c
2477.4 2032 2483 2031.2 2483 2029.5 c
2483 2027.7 2487.7 2027 2499.4 2027 c
2505.2 2027 2512 2026.4 2515.3 2025.5 c
2518.5 2024.7 2525.2 2024 2530.3 2024 c
2543.3 2024 2550.3 2023 2549 2021.5 c
2548.2 2020.6 2550.9 2020.2 2560.7 2019.7 c
2567.8 2019.4 2573.6 2019.3 2573.8 2019.5 c
2573.9 2019.6 2573.5 2020.9 2572.9 2022.4 c
2571.8 2024.7 2571.1 2025 2566.5 2025 c
2563.7 2025 2560.9 2025.5 2560.3 2026.1 c
2559.5 2026.9 2554 2027.4 2545.3 2027.6 c
2537.7 2027.7 2530.7 2027.9 2529.8 2027.9 c
2528.8 2028 2528 2028.6 2528 2029.4 c
2528 2031.2 2524.9 2031.7 2512.7 2031.9 c
2507.1 2032 2500.2 2032.7 2497.5 2033.5 c
2494.8 2034.2 2486.9 2035.1 2480 2035.4 c
2468.6 2035.9 2457.3 2037.7 2463.9 2037.9 c
2471 2038.2 2463 2039 2443 2040 c
2430.6 2040.7 2419.7 2041.6 2418.7 2042.2 c
2417.8 2042.7 2411.7 2043.1 2405.2 2043.1 c
2392.4 2043.1 2390 2043.5 2390 2045.4 c
2390 2047.2 2383.3 2048 2367.9 2048 c
2359.7 2048 2353 2048.5 2349.3 2049.5 c
2346 2050.4 2339.2 2051 2333.4 2051 c
2326.1 2051 2322.9 2051.4 2322.1 2052.3 c
2321.5 2053.1 2321.2 2053.9 2321.5 2054.2 c
2322.3 2055 2306.7 2056.1 2303.4 2055.4 c
2301.6 2055.1 2299.8 2055.4 2298.5 2056.4 c
2296.6 2057.8 2296.7 2057.9 2300.8 2058.6 c
2304 2059.1 2305 2059.7 2305 2061.1 c
2305 2062.3 2306 2063.2 2307.8 2063.6 c
2309.3 2064 2310.9 2064.8 2311.5 2065.4 c
2312.1 2066.1 2313.3 2066.9 2314.4 2067.3 c
2315.5 2067.7 2316 2068.6 2315.6 2069.5 c
2315.2 2070.6 2315.7 2071 2317.4 2071 c
2318.7 2071 2320.9 2071.9 2322.3 2073 c
2323.7 2074.1 2325.5 2075 2326.4 2075 c
2327.3 2075 2328 2075.8 2328 2077 c
2328 2078.4 2328.9 2079.1 2331.7 2079.6 c
2333.8 2080 2336.1 2080.9 2336.8 2081.7 c
2337.5 2082.4 2339.2 2083 2340.6 2083 c
2342.2 2083 2343 2083.6 2343 2084.8 c
2343 2086.5 2348 2090 2350.6 2090 c
2351.3 2090 2352.5 2090.9 2353.2 2092 c
2354 2093.2 2355.6 2094 2357.2 2094 c
2359.3 2094 2360 2094.5 2360 2096 c
2360 2097.5 2360.9 2098.2 2363 2098.6 c
2364.6 2099 2366.5 2099.9 2367.1 2100.6 c
2367.7 2101.4 2368.9 2102 2369.6 2102 c
2370.4 2102 2371 2102.9 2371 2104 c
2371 2105.5 2371.7 2106 2373.5 2106 c
2374.9 2106 2376.8 2106.9 2377.7 2108 c
2378.7 2109.1 2380.5 2110 2381.8 2110 c
2383.4 2110 2384.4 2110.7 2384.7 2112.1 c
2385.1 2113.3 2386.4 2114.3 2388.1 2114.7 c
2389.7 2115 2391.5 2115.9 2392.1 2116.6 c
2392.7 2117.4 2394.1 2118 2395.1 2118 c
2396.3 2118 2397 2118.7 2397 2120 c
2397 2121.4 2397.7 2122 2399.3 2122 c
2400.5 2122 2402.3 2122.9 2403.3 2124 c
2404.2 2125.1 2406.1 2126 2407.5 2126 c
2409.3 2126 2410 2126.5 2410 2128 c
2410 2129.1 2410.7 2130 2411.5 2130 c
2412.4 2130 2413.3 2130.7 2413.6 2131.5 c
2414 2132.3 2415.1 2133 2416.2 2133 c
2419.2 2133 2422 2134.9 2421.4 2136.5 c
2421 2137.6 2421.5 2138 2423 2138 c
2424.2 2138 2426.3 2138.9 2427.7 2140 c
2429.1 2141.1 2431.1 2142 2432.1 2142 c
2433.3 2142 2434 2142.7 2434 2144 c
2434 2145.1 2434.5 2146 2435.2 2146 c
2438 2146 2446 2150.4 2445.8 2151.8 c
2445.6 2152.8 2446.7 2153.6 2448.6 2154.2 c
2450.3 2154.6 2452.3 2155.7 2453 2156.5 c
2453.7 2157.3 2455.1 2158 2456.1 2158 c
2457.3 2158 2458 2158.7 2458 2160 c
2458 2161.4 2458.7 2162 2460.2 2162.2 c
2461.5 2162.2 2463.1 2162.4 2463.8 2162.4 c
2464.6 2162.5 2465.6 2163.3 2466.1 2164.3 c
2466.7 2165.2 2467.8 2166 2468.5 2166 c
2469.3 2166 2470 2166.9 2470 2168 c
2470 2169.4 2470.7 2170 2472.3 2170 c
2473.6 2170 2475.5 2170.9 2476.5 2172 c
2477.5 2173.1 2479.1 2174 2480.2 2174 c
2481.3 2174 2482 2174.7 2482 2175.8 c
2482 2177.9 2488.6 2181 2493.1 2181 c
2494.8 2181 2496 2181.3 2495.8 2181.8 c
2492.6 2188.3 2491.8 2189.1 2490.5 2187 c
h
1289.5 2184 m
1289.8 2183.4 1289.2 2183 1288.1 2183 c
1286.9 2183 1286 2183.4 1286 2184 c
1286 2184.6 1286.6 2185 1287.4 2185 c
1288.2 2185 1289.2 2184.6 1289.5 2184 c
h
1764 2176.1 m
1764 2170.7 1764.2 2170 1766 2170 c
1767.5 2170 1768 2169.3 1768 2167.1 c
1768 2165.5 1768.7 2163.5 1769.5 2162.6 c
1770.4 2161.7 1771 2159.1 1771.1 2155.8 c
1771.2 2149.5 1772.3 2145.4 1773.7 2145.7 c
1774.9 2146 1775.6 2142.7 1776.6 2132.8 c
1777 2129 1777.6 2126 1778 2126 c
1778.4 2126 1779 2125.1 1779.3 2123.9 c
1779.6 2122.7 1780.3 2122.1 1780.9 2122.5 c
1782.5 2123.4 1782.2 2126 1780.5 2126 c
1779.3 2126 1779 2127.8 1779 2136.1 c
1779 2141.6 1778.5 2147.1 1777.9 2148.2 c
1777.3 2149.3 1776.6 2153.8 1776.3 2158.1 c
1775.8 2164.9 1775.5 2166 1773.9 2166 c
1772.7 2166 1772 2166.7 1772 2167.9 c
1772 2168.9 1771.1 2170.8 1770.1 2172.2 c
1769 2173.5 1768 2176.2 1767.8 2178.1 c
1767.6 2180.4 1766.9 2181.6 1765.8 2181.8 c
1764.2 2182.1 1764 2181.3 1764 2176.1 c
h
1290 2176.1 m
1290 2174.6 1291 2174.1 1296 2173.6 c
1299.3 2173.2 1302 2172.5 1302 2172 c
1302 2171.5 1303.7 2170.8 1305.8 2170.5 c
1311.7 2169.4 1313 2169 1312.7 2167.7 c
1312.6 2167 1313.7 2166.4 1315.3 2166.2 c
1317.8 2165.9 1318 2165.6 1317.7 2162.3 c
1317.4 2159.7 1316.7 2158.4 1315.2 2157.9 c
1314 2157.4 1313 2156.4 1313 2155.6 c
1313 2154.8 1312.4 2154 1311.8 2153.8 c
1311.1 2153.5 1310.5 2152.7 1310.4 2151.9 c
1310.4 2151.1 1310.2 2149.7 1310.2 2148.8 c
1310.1 2147.9 1309 2147 1307.8 2146.8 c
1306.5 2146.6 1305.4 2145.7 1305.2 2144.7 c
1304.8 2142.9 1300 2137.1 1300 2138.5 c
1300 2138.9 1299.3 2138.7 1298.5 2138 c
1297.7 2137.3 1297.3 2136.4 1297.5 2135.9 c
1297.8 2135.5 1297.1 2134.6 1296 2134 c
1294.9 2133.4 1294 2132.3 1294 2131.5 c
1294 2130.8 1293 2130 1291.8 2129.8 c
1290.5 2129.6 1289.5 2129.1 1289.5 2128.5 c
1289.5 2127.3 1284.9 2122.6 1283.5 2122.4 c
1283 2122.4 1281.7 2122.2 1280.7 2122.2 c
1279.6 2122.1 1279 2121.3 1279.2 2120.3 c
1279.4 2119 1278.5 2118.4 1275.1 2117.8 c
1272.7 2117.4 1270.5 2116.8 1270.2 2116.5 c
1269.9 2116.3 1269.1 2116.5 1268.3 2117.1 c
1267.4 2117.9 1267 2121.1 1267 2128 c
1267 2137.8 l 1269.8 2138.5 l
1271.3 2138.8 1273.2 2139.8 1274 2140.5 c
1275.8 2142.1 1281 2141.3 1281 2139.4 c
1281 2137.9 1284.6 2137.5 1287.5 2138.6 c
1288.9 2139.2 1288.9 2139.4 1287.3 2141.2 c
1286.3 2142.3 1285.5 2143.9 1285.5 2144.8 c
1285.5 2145.7 1284.9 2146.5 1284.1 2146.5 c
1283.3 2146.5 1282.5 2147.1 1282.2 2147.8 c
1281.9 2148.7 1282.5 2149 1283.6 2148.8 c
1285.3 2148.5 1285.5 2149.3 1285.5 2157 c
1285.5 2164.5 1285.3 2165.5 1283.8 2165.2 c
1282.3 2165 1282 2165.7 1282 2169.5 c
1282 2173.3 1282.3 2174 1284 2174 c
1285.3 2174 1286 2174.7 1286 2176 c
1286 2177.3 1286.7 2178 1288 2178 c
1289.3 2178 1290 2177.3 1290 2176.1 c
h
1159.4 2167.5 m
1159 2166.7 1158.4 2166 1157.9 2166 c
1157.4 2166 1157 2166.7 1157 2167.5 c
1157 2168.3 1157.7 2169 1158.5 2169 c
1159.4 2169 1159.7 2168.4 1159.4 2167.5 c
h
1156.2 2157.2 m
1156.7 2150.5 1156.6 2150.3 1152 2149.8 c
1148.6 2149.5 1148.5 2149.6 1148.2 2153.2 c
1147.9 2156.5 1148.2 2157 1150 2157 c
1151.1 2157 1152.3 2157.7 1152.5 2158.5 c
1152.8 2159.3 1153.2 2160.7 1153.5 2161.5 c
1154.5 2164.8 1155.8 2162.7 1156.2 2157.2 c
h
2347.2 2159.2 m
2347.8 2157 2348.5 2156.2 2349.5 2156.6 c
2350.7 2157.1 2351 2156.4 2351 2153.6 c
2351 2150.8 2350.6 2150 2349.2 2150 c
2348.2 2150 2346.5 2149.3 2345.4 2148.5 c
2344.4 2147.7 2342 2147 2340.2 2147 c
2337.7 2147 2336.7 2146.5 2336 2144.5 c
2335.3 2142.6 2334.3 2142 2332.1 2142 c
2330.6 2142 2328.7 2141.3 2328 2140.5 c
2327.3 2139.7 2326.1 2139 2325.2 2139 c
2324.4 2139 2321.9 2138.5 2319.7 2137.8 c
2316.6 2136.9 2316.2 2136.5 2317.6 2136 c
2318.9 2135.5 2317.9 2134.9 2314 2134 c
2311 2133.3 2307.6 2132.1 2306.5 2131.4 c
2305.4 2130.6 2303.3 2130 2301.8 2130 c
2299.7 2130 2299 2129.5 2299 2128 c
2299 2126.5 2298.3 2126 2296.1 2126 c
2294.5 2126 2293 2125.4 2292.7 2124.6 c
2292.4 2123.9 2290.3 2123 2288.1 2122.6 c
2284.9 2122.1 2284 2121.5 2284 2120 c
2284 2118.3 2283.3 2118 2280.1 2118 c
2277.9 2118 2275.8 2117.5 2275.5 2117 c
2275.1 2116.4 2274.5 2116.2 2274 2116.5 c
2273.5 2116.8 2272.9 2116.6 2272.6 2116.1 c
2272.2 2115.6 2270.2 2114.9 2268 2114.5 c
2265 2114 2264 2113.4 2264 2111.9 c
2264 2110.4 2263.3 2110 2260.1 2110 c
2257.9 2110 2255.7 2109.4 2255 2108.5 c
2254.3 2107.7 2252.8 2107 2251.6 2107 c
2248.8 2107 2246.8 2105.6 2247.2 2103.9 c
2247.4 2102.9 2246.3 2102.4 2243.3 2102.2 c
2241 2102 2238.6 2101.2 2238 2100.4 c
2237.3 2099.7 2235.6 2099 2234.1 2099 c
2231 2099 2229.6 2098.1 2228.7 2095.8 c
2228.3 2094.6 2227 2094 2225.2 2094 c
2223.6 2094 2220.6 2093.1 2218.4 2092.1 c
2214.1 2089.9 2213 2090.4 2212.6 2094.5 c
2212.4 2096.3 2211.5 2097.6 2210.1 2098.1 c
2208 2098.9 2207.3 2101 2208.8 2102.4 c
2209.2 2102.8 2209.5 2103.7 2209.5 2104.3 c
2209.5 2104.9 2211 2105.7 2212.7 2106.1 c
2214.5 2106.4 2216.6 2107.2 2217.2 2107.8 c
2217.9 2108.3 2220.7 2109.1 2223.4 2109.5 c
2226.9 2110.1 2228.4 2110.8 2228.7 2112.1 c
2229.1 2113.5 2230.2 2114 2232.5 2114 c
2234.4 2114 2236.4 2114.8 2237.4 2115.9 c
2238.4 2117 2240.6 2118 2242.4 2118.2 c
2244.3 2118.4 2245.5 2119 2245.5 2120 c
2245.5 2121 2246.7 2121.6 2249 2121.8 c
2250.9 2122 2253.2 2122.7 2254 2123.5 c
2254.8 2124.2 2257.4 2125.1 2259.8 2125.5 c
2263 2126 2264 2126.6 2263.8 2127.8 c
2263.6 2129.1 2264.4 2129.6 2267.5 2129.8 c
2269.7 2130 2271.9 2130.8 2272.3 2131.6 c
2272.7 2132.4 2274.2 2133 2275.5 2133 c
2279.1 2133 2281 2134 2281 2136 c
2281 2137.2 2281.9 2137.7 2284.1 2137.8 c
2285.9 2137.8 2287.7 2138.3 2288.3 2138.9 c
2288.8 2139.4 2289.9 2139.6 2290.6 2139.3 c
2291.4 2139 2292 2139.3 2292 2139.8 c
2292 2140.4 2293.6 2141.2 2295.5 2141.6 c
2298 2142 2299 2142.7 2299 2144.1 c
2299 2145.6 2299.7 2146 2302.4 2146 c
2304.2 2146 2306.3 2146.7 2307 2147.5 c
2307.7 2148.3 2309.3 2149 2310.7 2149 c
2314.2 2149 2317 2150.8 2316.4 2152.5 c
2315.9 2153.7 2316.8 2154 2321.3 2154 c
2324.9 2154 2327.2 2154.5 2328 2155.5 c
2328.7 2156.3 2331 2157.3 2333.1 2157.6 c
2336 2158.1 2337 2158.7 2337 2160.1 c
2337 2161.4 2337.9 2162 2340.8 2162.3 c
2346.1 2162.8 2346.3 2162.7 2347.2 2159.2 c
h
2409 2157.3 m
2407.6 2157 2406.1 2156.2 2405.7 2155.4 c
2405.3 2154.6 2403.4 2154 2401.5 2154 c
2398.7 2154 2398 2153.6 2398 2152 c
2398 2150.7 2397.3 2150 2396.1 2150 c
2395 2150 2393.5 2149.4 2392.7 2148.6 c
2391.9 2147.8 2389.6 2146.8 2387.6 2146.5 c
2385 2146 2384 2145.3 2384 2143.9 c
2384 2142.5 2383.3 2142 2381.2 2142 c
2379.6 2142 2377.5 2141.1 2376.6 2140.1 c
2375.6 2139 2373.4 2138 2371.6 2137.8 c
2369.7 2137.6 2368.5 2137 2368.5 2136 c
2368.5 2135 2367.3 2134.4 2365 2134.2 c
2363.1 2134 2361 2133.3 2360.4 2132.5 c
2359.9 2131.8 2357.8 2130.8 2355.9 2130.3 c
2354.1 2129.8 2352.5 2128.7 2352.5 2128 c
2352.5 2127.1 2351 2126.3 2348.5 2125.9 c
2346.4 2125.5 2344.4 2124.7 2344.2 2124.1 c
2344 2123.5 2342.9 2123 2341.7 2123 c
2337.6 2123 2335 2121.8 2335.2 2120.1 c
2335.4 2119 2334.6 2118.4 2332.5 2118.2 c
2330.8 2118 2328.9 2117.3 2328.1 2116.7 c
2327.3 2116 2325.1 2115 2323.1 2114.5 c
2321.1 2113.9 2319.5 2112.8 2319.5 2112.1 c
2319.5 2111.3 2318.2 2110.5 2316.5 2110.3 c
2314.8 2110.1 2313 2109.3 2312.4 2108.5 c
2311.8 2107.7 2310.3 2107 2309.1 2107 c
2307.7 2107 2306.6 2106.1 2306 2104.6 c
2305.2 2102.4 2304.4 2102.1 2297.3 2101.5 c
2293 2101.2 2288.7 2100.5 2287.8 2100 c
2286.8 2099.4 2284.9 2099 2283.5 2099 c
2281.7 2099 2280.7 2098.3 2280 2096.5 c
2279.3 2094.6 2278.3 2094 2276.1 2094 c
2274.4 2094 2272.7 2093.4 2272.3 2092.6 c
2271.5 2091.2 2260.4 2087 2257.5 2087 c
2256.7 2087 2256 2086.1 2256 2085 c
2256 2083.3 2255.3 2083 2252.1 2083 c
2249.6 2083 2248 2082.5 2247.6 2081.5 c
2247.3 2080.6 2245.8 2080 2244 2080 c
2241.7 2080 2240.7 2079.4 2240 2077.5 c
2239.2 2075.4 2238.4 2075 2235.1 2075 c
2232.9 2075 2230.7 2074.4 2230 2073.5 c
2229.3 2072.7 2227.6 2072 2226.1 2072 c
2223 2072 2221.6 2071.1 2220.7 2068.8 c
2220.3 2067.6 2219 2067 2217.1 2067 c
2215.5 2067 2213.9 2066.6 2213.5 2066.1 c
2213.2 2065.6 2210.5 2064.6 2207.5 2064 c
2204.1 2063.3 2202 2062.3 2202 2061.5 c
2202 2060.8 2200.3 2059.6 2198.2 2058.9 c
2196.2 2058.3 2194.1 2057.4 2193.5 2057 c
2192.9 2056.5 2191.2 2056 2189.5 2055.8 c
2187.3 2055.6 2186.5 2055 2186.5 2053.5 c
2186.5 2051.9 2185.7 2051.4 2183 2051.2 c
2181.1 2051 2179 2050.3 2178.4 2049.5 c
2177.9 2048.8 2175.8 2048 2173.9 2047.8 c
2171.3 2047.6 2170.4 2047 2170.2 2045.2 c
2169.9 2043.4 2169.2 2043 2166.5 2043 c
2164.5 2043 2163 2042.4 2162.6 2041.5 c
2162.3 2040.6 2160.8 2040 2159.1 2040 c
2157.4 2040 2155.7 2039.3 2155.3 2038.5 c
2154.2 2036.7 2145.5 2032 2142.9 2032 c
2141.7 2032 2141 2031.3 2141 2030.1 c
2141 2028.7 2140 2028 2137.8 2027.5 c
2136 2027.1 2133.9 2026.3 2133.2 2025.7 c
2132.4 2025.1 2130 2024.4 2127.7 2024.1 c
2124.9 2023.7 2123.5 2023 2123.5 2022 c
2123.5 2021.2 2122.6 2020.4 2121.5 2020.2 c
2120.4 2020 2118.8 2018.9 2117.9 2017.8 c
2116.6 2016.1 2115.9 2016 2114.2 2016.9 c
2111.6 2018.3 2106.9 2016.4 2107.2 2014.1 c
2107.4 2013.1 2106.6 2012.4 2105 2012.2 c
2103.7 2012 2102 2010.9 2101.2 2009.9 c
2100.4 2008.8 2098.7 2008 2096.9 2008 c
2094.7 2008 2094 2007.5 2094 2006 c
2094 2004.9 2093.4 2003.9 2092.8 2003.9 c
2092.1 2003.8 2091 2003.7 2090.4 2003.6 c
2089.8 2003.6 2088.6 2002.7 2087.6 2001.8 c
2086.6 2000.8 2084.9 2000 2083.8 2000 c
2082.7 2000 2081.6 1999.2 2081.3 1998 c
2081 1996.8 2079.9 1996 2078.5 1996 c
2077.3 1996 2075.3 1995.1 2074 1994 c
2072.7 1992.9 2070.6 1992 2069.3 1992 c
2067.7 1992 2067 1991.4 2067 1990 c
2067 1988.8 2066.3 1988 2065.2 1987.9 c
2061.8 1987.8 2060 1987.2 2058.4 1985.6 c
2057.6 1984.7 2055.8 1984 2054.4 1984 c
2052.7 1984 2052 1983.5 2052 1982 c
2052 1980.9 2051.3 1980 2050.5 1980 c
2049.6 1980 2048.7 1979.3 2048.4 1978.5 c
2048 1977.7 2046.8 1977 2045.5 1977 c
2044.3 1977 2042.2 1976.1 2040.8 1975.1 c
2039.5 1974 2037.1 1973 2035.5 1972.8 c
2033.3 1972.6 2032.4 1971.9 2032.2 1970.2 c
2032 1968.8 2031.2 1968 2029.9 1968 c
2028.8 1968 2027.2 1967.3 2026.4 1966.5 c
2025.5 1965.7 2023.8 1965 2022.4 1965 c
2020.7 1965 2020 1964.4 2020 1963 c
2020 1961.3 2018 1960.1 2014 1959.5 c
2013.7 1959.5 2012.1 1958.6 2010.3 1957.7 c
2008.5 1956.8 2006.4 1956 2005.5 1956 c
2004.7 1956 2004 1955.4 2004 1954.6 c
2004 1953.5 2002.3 1952.6 1998 1951.5 c
1995.8 1951 1991 1947.7 1990.9 1946.7 c
1990.9 1946.1 1990.5 1946.4 1990 1947.5 c
1989.1 1949.5 1989.1 1949.5 1988.5 1947.5 c
1987.8 1945.2 1981.1 1941 1978.1 1941 c
1976.7 1941 1976 1940.3 1976 1939 c
1976 1937.6 1975.1 1936.9 1972.5 1936.4 c
1970.3 1936 1969 1935.2 1969 1934.3 c
1969 1930.8 1985.3 1935.5 1986.3 1939.2 c
1986.7 1940.4 1987.8 1941 1989.8 1941 c
1991.4 1941 1993.3 1941.7 1994 1942.5 c
1994.7 1943.3 1996.1 1944 1997 1944 c
1999.9 1944 2002 1945.1 2002 1946.6 c
2002 1947.3 2003.2 1948.3 2004.8 1948.6 c
2006.3 1949 2008.1 1949.7 2008.8 1950.3 c
2009.4 1950.8 2011.5 1951.6 2013.3 1951.9 c
2015.6 1952.4 2016.6 1953.2 2016.8 1954.8 c
2017.1 1956.5 2017.8 1957 2020.1 1957 c
2021.8 1957 2023.3 1957.6 2023.6 1958.5 c
2024 1959.3 2024.9 1960 2025.6 1960 c
2026.4 1960 2027.5 1961.1 2028 1962.5 c
2028.7 1964.2 2029.7 1965 2031.4 1965 c
2032.8 1965 2034.5 1965.7 2035.4 1966.5 c
2036.2 1967.3 2038.2 1968 2039.9 1968 c
2042.2 1968 2042.9 1968.5 2043.2 1970.2 c
2043.7 1974.1 2050.9 1973.7 2051 1969.8 c
2051 1969.4 2049.5 1968.8 2047.7 1968.5 c
2043.6 1967.7 2041 1963.2 2043.6 1961.3 c
2045.7 1959.8 2048 1960.7 2048 1963 c
2048 1964 2048.9 1965.2 2050 1965.5 c
2051.1 1965.8 2052 1966.6 2052 1967.1 c
2052 1967.6 2052.9 1968 2053.9 1968 c
2057.1 1968 2059 1969.1 2059 1971 c
2059 1972.3 2060.1 1972.9 2063 1973.4 c
2065.2 1973.7 2067 1974.5 2067 1975 c
2067 1975.6 2068.5 1976 2070.4 1976 c
2072.2 1976 2074.3 1976.6 2074.9 1977.4 c
2075.6 1978.2 2077.9 1979.1 2080.1 1979.5 c
2083 1980 2084 1980.6 2083.8 1981.8 c
2083.6 1983.1 2084.4 1983.6 2086.9 1983.8 c
2088.8 1984 2091.4 1985 2092.8 1986 c
2094.1 1987 2095.7 1987.7 2096.5 1987.4 c
2097.8 1986.9 2099.5 1988.6 2099.5 1990.5 c
2099.5 1991 2100.8 1991.6 2102.5 1991.8 c
2104.2 1992 2106 1992.8 2106.6 1993.5 c
2107.2 1994.3 2109.5 1995.3 2111.6 1995.8 c
2114 1996.3 2115.5 1997.2 2115.5 1998 c
2115.5 1998.9 2116.7 1999.6 2118.5 1999.8 c
2120.1 2000 2122.5 2001 2123.8 2002.1 c
2125.2 2003.1 2127.3 2004 2128.6 2004 c
2130.3 2004 2131 2004.6 2131 2006 c
2131 2007.1 2131.7 2008 2132.5 2008 c
2133.2 2008 2134.3 2008.6 2134.7 2009.2 c
2135.1 2009.9 2136.1 2010.5 2136.8 2010.6 c
2137.4 2010.7 2138.7 2010.8 2139.5 2010.8 c
2140.4 2010.9 2141.4 2012 2141.9 2013.1 c
2142.4 2014.5 2143.7 2015.4 2145.6 2015.6 c
2147.2 2015.8 2149 2016.6 2149.6 2017.5 c
2150.2 2018.3 2151.6 2019 2152.8 2019 c
2155.8 2019 2158 2020 2158 2021.5 c
2158 2022.9 2160.2 2024 2163.1 2024 c
2164.2 2024 2165.3 2024.6 2165.6 2025.4 c
2165.9 2026.2 2167.6 2027.1 2169.5 2027.4 c
2171.6 2027.8 2173 2028.7 2173.3 2030 c
2173.6 2031.2 2174.7 2032 2176 2032 c
2177.2 2032 2179.4 2032.6 2180.8 2033.4 c
2182.3 2034.2 2184.7 2035.1 2186.2 2035.5 c
2187.8 2035.8 2189 2036.7 2189 2037.5 c
2189 2038.8 2196.5 2043 2199 2043 c
2199.6 2043 2200.5 2044.1 2201 2045.4 c
2201.7 2047.3 2202.8 2047.9 2206.2 2048.3 c
2212.2 2049 2221 2052.2 2221 2053.6 c
2221 2055 2223.3 2056 2226.5 2056 c
2227.7 2056 2229.3 2056.7 2230 2057.5 c
2230.7 2058.3 2232.4 2059 2233.7 2059 c
2235.4 2059 2236.4 2059.7 2236.7 2061 c
2237 2062.1 2238.2 2063.2 2239.4 2063.5 c
2240.5 2063.7 2242.8 2064.2 2244.5 2064.5 c
2255.7 2066.7 2257.4 2067.5 2256.6 2069.5 c
2256.3 2070.4 2257.8 2071 2261.8 2071.5 c
2264.9 2071.9 2268.1 2072.7 2268.8 2073.3 c
2269.5 2073.9 2271.8 2074.6 2273.8 2074.9 c
2276.1 2075.3 2277.5 2076.1 2277.5 2077 c
2277.5 2078.8 2279.5 2079.8 2283.1 2079.9 c
2284.6 2080 2286.3 2080.6 2287 2081.4 c
2287.6 2082.2 2289.8 2083 2291.8 2083.2 c
2294.5 2083.4 2295.5 2083.9 2295.4 2085.2 c
2295.3 2086.4 2296.4 2087 2299.4 2087.4 c
2305.5 2088.4 2311.2 2090.5 2312.2 2092.4 c
2312.8 2093.5 2314.5 2094 2317.5 2094 c
2321.3 2094 2322 2094.3 2322 2096 c
2322 2097.2 2322.7 2098 2323.8 2098 c
2324.7 2098 2327.2 2098.9 2329.3 2100 c
2331.3 2101.1 2334.2 2102 2335.6 2102 c
2337.3 2102 2338.4 2102.6 2338.7 2104 c
2339 2105.2 2340.1 2106 2341.5 2106 c
2342.7 2106 2344.7 2106.9 2346 2108 c
2347.3 2109.1 2349.6 2110 2351.2 2110 c
2353.3 2110 2354 2110.5 2354 2112 c
2354 2113.4 2354.7 2114 2356.1 2114 c
2357.2 2114 2359.3 2114.9 2360.7 2116 c
2362.1 2117.1 2364.3 2118 2365.6 2118 c
2367.3 2118 2368 2118.6 2368 2119.9 c
2368 2121.9 2369.8 2123 2373.1 2123 c
2374.1 2123 2375 2123.7 2375 2124.5 c
2375 2126.5 2368.2 2126.6 2367.4 2124.6 c
2367.1 2123.9 2365.1 2123 2362.9 2122.6 c
2359.9 2122.1 2359 2121.5 2359 2120 c
2359 2118.4 2358.3 2118 2355.5 2118 c
2353.6 2118 2351.7 2117.4 2351.3 2116.6 c
2350.9 2115.8 2348.9 2115 2347 2114.8 c
2344.3 2114.6 2343.5 2114.1 2343.5 2112.5 c
2343.5 2110.9 2342.7 2110.4 2339.8 2110.2 c
2337.3 2110 2336 2109.4 2336 2108.4 c
2336 2107.5 2334.9 2107 2332.5 2107 c
2329.6 2107 2328.8 2106.5 2328 2104.5 c
2327.2 2102.5 2326.4 2102 2323.6 2102 c
2321.5 2102 2320 2101.4 2319.6 2100.5 c
2319.3 2099.6 2317.8 2099 2315.6 2099 c
2312.8 2099 2312.1 2098.6 2311.8 2096.8 c
2311.6 2094.9 2310.8 2094.4 2307.5 2094.2 c
2305.3 2094 2303.2 2093.4 2302.9 2092.8 c
2302.6 2092.3 2300.4 2091.7 2298 2091.6 c
2295.4 2091.5 2293.3 2090.7 2292.5 2089.7 c
2291.8 2088.8 2290.4 2088 2289.2 2088 c
2285.8 2088 2284 2086.9 2284 2084.9 c
2284 2083.4 2283.3 2083 2280.4 2083 c
2278.4 2083 2275.4 2082.3 2273.7 2081.6 c
2271.9 2080.8 2269.2 2080 2267.5 2079.8 c
2265.3 2079.6 2264.4 2078.9 2264.2 2077.2 c
2263.9 2075.4 2263.2 2075 2260.1 2075 c
2257.9 2075 2255.7 2074.4 2255 2073.6 c
2254.4 2072.8 2251.7 2072 2249.2 2071.8 c
2245.2 2071.5 2244.5 2071.2 2244.2 2069.2 c
2243.9 2067.4 2243.2 2067 2240.5 2067 c
2238.6 2067 2236.9 2066.6 2236.5 2066.1 c
2236.2 2065.6 2233.5 2064.6 2230.6 2063.9 c
2226.8 2063.1 2225 2062.2 2224.7 2060.9 c
2224.4 2059.8 2223.4 2059 2222.5 2059 c
2221.6 2059 2219.4 2058.3 2217.7 2057.6 c
2215.9 2056.8 2213.2 2056 2211.5 2055.8 c
2209.3 2055.6 2208.4 2054.9 2208.2 2053.2 c
2207.9 2051.4 2207.2 2051 2204.5 2051 c
2202.6 2051 2200.7 2050.4 2200.3 2049.6 c
2199.9 2048.8 2197.9 2048 2196 2047.8 c
2193.3 2047.6 2192.4 2047 2192.2 2045.2 c
2191.9 2043.5 2191.2 2043 2188.9 2043 c
2187 2043 2186 2042.5 2186 2041.5 c
2186 2040.4 2184.9 2040 2182 2040 c
2178.8 2040 2178 2039.6 2178 2038.1 c
2178 2036.7 2177 2036.1 2174.1 2035.6 c
2172 2035.3 2170 2034.3 2169.6 2033.5 c
2169.3 2032.6 2167.8 2032 2165.5 2032 c
2162.7 2032 2162 2031.6 2162 2030.1 c
2162 2028.8 2161 2028 2158.6 2027.6 c
2156.7 2027.2 2154.9 2026.3 2154.6 2025.5 c
2153.8 2023.4 2146 2023.4 2146 2025.5 c
2146 2026.3 2146.7 2027 2147.5 2027 c
2148.4 2027 2149.5 2028.1 2150 2029.4 c
2150.6 2031 2151.6 2031.8 2153.5 2031.8 c
2154.9 2031.8 2156.9 2032.5 2157.9 2033.4 c
2158.8 2034.3 2160.8 2035 2162.3 2035 c
2164.2 2035 2164.9 2035.6 2165.2 2037.2 c
2165.4 2039 2166.3 2039.6 2169 2039.8 c
2170.9 2040 2173.2 2040.8 2174 2041.5 c
2175.5 2042.9 2175.9 2043 2178.5 2043 c
2179.4 2043 2180.5 2044.1 2181 2045.5 c
2181.8 2047.5 2182.6 2048 2185.4 2048 c
2187.4 2048 2189.2 2048.6 2189.7 2049.4 c
2190.1 2050.2 2192.3 2051 2194.5 2051.2 c
2197.6 2051.4 2198.5 2051.9 2198.4 2053.2 c
2198.3 2054.5 2199 2055 2201 2055 c
2202.5 2055 2204.9 2055.9 2206.3 2057 c
2207.7 2058.1 2210 2059 2211.5 2059 c
2213.4 2059 2214.4 2059.6 2214.7 2061 c
2215 2062.2 2216.4 2063.3 2217.9 2063.6 c
2219.3 2063.9 2221.7 2064.8 2223.2 2065.6 c
2224.6 2066.4 2227.2 2067 2228.9 2067 c
2231.3 2067 2232 2067.4 2232 2068.9 c
2232 2070.4 2233 2070.9 2236.8 2071.5 c
2239.4 2071.8 2242.5 2072.8 2243.7 2073.6 c
2244.9 2074.4 2246.6 2075 2247.5 2075 c
2248.3 2075 2249 2075.8 2249 2076.8 c
2249 2078.1 2250.4 2078.9 2254.2 2079.8 c
2257 2080.4 2259.6 2081.4 2260 2081.9 c
2260.3 2082.4 2262.3 2083 2264.5 2083.2 c
2267.5 2083.4 2268.5 2083.9 2268.4 2085.2 c
2268.3 2086.3 2269.3 2087 2271.8 2087.5 c
2273.8 2087.9 2276.3 2088.8 2277.4 2089.6 c
2278.5 2090.4 2280.4 2091 2281.6 2091 c
2282.8 2091 2284 2091.7 2284.4 2092.5 c
2284.8 2093.6 2286.6 2094 2291.9 2094 c
2297.9 2094 2298.8 2094.2 2299.3 2096 c
2299.7 2097.4 2300.7 2098 2302.8 2098 c
2304.5 2098 2306.6 2098.8 2307.6 2099.7 c
2308.5 2100.7 2309.8 2101.5 2310.4 2101.6 c
2311 2101.6 2312.3 2101.8 2313.2 2101.8 c
2314.3 2101.9 2315 2102.8 2315 2104 c
2315 2105.3 2315.7 2106 2316.8 2106 c
2317.9 2106 2319.5 2106.9 2320.4 2107.9 c
2321.4 2109 2323.6 2110 2325.4 2110.2 c
2327.6 2110.4 2328.5 2111 2328.4 2112.2 c
2328.2 2114 2328.7 2114.1 2335.3 2114.4 c
2336.9 2114.5 2338.6 2115.3 2339.1 2116.3 c
2339.8 2117.4 2341.3 2118 2343.5 2118 c
2346.3 2118 2347 2118.4 2347 2119.9 c
2347 2121.3 2348 2121.9 2351 2122.4 c
2353.2 2122.7 2355 2123.4 2355 2123.9 c
2355 2124.4 2356.8 2125.1 2359 2125.5 c
2362 2126 2363 2126.6 2363 2128.1 c
2363 2129.5 2363.7 2130 2366 2130 c
2367.9 2130 2369.3 2130.7 2370 2132 c
2370.8 2133.5 2372.1 2134 2375 2134 c
2378.3 2134 2379 2134.3 2379 2136 c
2379 2137.5 2379.7 2138 2381.4 2138 c
2382.8 2138 2384.5 2138.6 2385.2 2139.3 c
2385.9 2140.1 2388.3 2141.1 2390.5 2141.6 c
2392.9 2142.2 2394.5 2143.2 2394.5 2144 c
2394.5 2144.9 2395.7 2145.6 2397.5 2145.8 c
2399.1 2146 2401.5 2147 2402.8 2148.1 c
2404.2 2149.1 2406.3 2150 2407.6 2150 c
2409.3 2150 2410 2150.6 2410 2151.9 c
2410 2153 2410.9 2154 2412.1 2154.3 c
2413.3 2154.6 2414 2155.4 2413.8 2156.1 c
2413.3 2157.6 2412.3 2157.9 2409 2157.3 c
h
1524.3 2128 m
1524.3 2115.6 1524.5 2111.1 1525 2114.5 c
1525.5 2117.2 1525.8 2123.3 1525.8 2128 c
1525.8 2132.7 1525.5 2138.8 1525 2141.5 c
1524.5 2144.9 1524.3 2140.4 1524.3 2128 c
h
1156.6 2140.6 m
1156.9 2139.8 1157.8 2139.4 1158.6 2139.7 c
1159.6 2140.1 1160 2139.4 1160 2137.1 c
1160 2134.1 1159.8 2134 1156 2134 c
1153.8 2134 1152 2134.4 1152 2135 c
1152 2135.6 1151.2 2136.1 1150.2 2136.1 c
1148.6 2136.2 1148.6 2136.3 1150.3 2136.7 c
1151.3 2137 1152.5 2138.3 1153 2139.6 c
1154.1 2142.3 1155.8 2142.8 1156.6 2140.6 c
h
1187 2139.9 m
1187 2139.4 1186.3 2139 1185.5 2139 c
1184 2139 1183.5 2140.2 1184.6 2141.3 c
1185.4 2142.1 1187 2141.2 1187 2139.9 c
h
1227.8 2136.5 m
1228.6 2132.5 1231.8 2130.7 1237 2131.2 c
1242.2 2131.7 1244 2130.8 1244 2127.8 c
1244 2126.6 1244.8 2126 1246.4 2126 c
1247.7 2126 1249.8 2125.1 1251.1 2124.1 c
1252.5 2123.1 1254.7 2122 1256 2121.8 c
1257.4 2121.7 1258.5 2120.9 1258.5 2120.2 c
1258.5 2119.4 1259.3 2118.2 1260.3 2117.5 c
1261.5 2116.6 1261.8 2116 1261 2115.5 c
1260.4 2115.1 1259.5 2113.7 1259 2112.4 c
1258.3 2110.5 1257.3 2110 1254.8 2110 c
1253 2110 1249.8 2109.1 1247.7 2108 c
1245.6 2106.8 1242.1 2106 1239.5 2106 c
1235.6 2106 1235 2105.7 1235 2104 c
1235 2102 1234.5 2102 1221.2 2102.2 c
1207.5 2102.5 l 1207.5 2106 l
1207.5 2108.1 1208 2109.6 1208.8 2109.6 c
1209.4 2109.7 1210.5 2109.8 1211 2109.9 c
1211.5 2109.9 1212 2110.9 1212 2112.1 c
1212 2113.2 1212.7 2114.8 1213.5 2115.6 c
1214.3 2116.5 1215 2118.2 1215 2119.6 c
1215 2121.3 1215.5 2122 1217 2122 c
1218.1 2122 1219 2122.4 1219 2122.9 c
1219 2123.4 1219.7 2124.6 1220.6 2125.5 c
1221.5 2126.4 1222.4 2129.5 1222.7 2133.1 c
1223.2 2138.5 1223.5 2139.1 1225.4 2138.8 c
1226.5 2138.6 1227.6 2137.6 1227.8 2136.5 c
h
988.3 2134 m
988.3 2131.5 988.5 2130.5 988.7 2131.8 c
988.9 2133 988.9 2135 988.7 2136.2 c
988.5 2137.5 988.3 2136.5 988.3 2134 c
h
2378.5 2128.9 m
2377.7 2127.7 2379.9 2125.8 2381.5 2126.3 c
2382.1 2126.5 2382.5 2127.3 2382.5 2128.1 c
2382.5 2129.8 2379.4 2130.5 2378.5 2128.9 c
h
2190.1 2122.7 m
2191.8 2121.5 2194.3 2112.2 2193.4 2110.8 c
2193.1 2110.4 2191.8 2110 2190.6 2110 c
2189.3 2110 2187.7 2109.4 2187.1 2108.6 c
2186.4 2107.8 2184.4 2106.9 2182.5 2106.6 c
2180.5 2106.2 2179 2105.3 2179 2104.5 c
2179 2102.6 2178.3 2102.3 2171.8 2101.5 c
2166 2100.8 l 2166 2107.9 l
2166 2114.2 2166.2 2115 2167.9 2115 c
2168.9 2115 2170 2115.7 2170.4 2116.5 c
2170.7 2117.4 2172.2 2118 2174.4 2118 c
2176.9 2118 2177.9 2118.5 2178.3 2119.9 c
2178.7 2121.6 2182.3 2123 2188 2123.9 c
2188.3 2123.9 2189.2 2123.4 2190.1 2122.7 c
h
1783.7 2117.3 m
1782.8 2116.5 1783 2107.3 1783.9 2104 c
1784.5 2101.9 1784.8 2102.4 1785.8 2107.1 c
1787.3 2113.5 1786 2119.6 1783.7 2117.3 c
h
666.6 2115.5 m
666.3 2114.6 666 2113 666 2111.9 c
666 2110.9 665.3 2110 664.5 2110 c
663.6 2110 662.7 2109.3 662.3 2108.4 c
662 2107.6 661.1 2107.1 660.4 2107.4 c
659.4 2107.8 659 2107.1 659 2104.9 c
659 2102.3 659.3 2101.9 661.2 2102.2 c
662.5 2102.4 663.5 2103 663.5 2103.6 c
663.5 2104.2 664.3 2105.4 665.2 2106.4 c
666.2 2107.4 667 2108.5 667 2109 c
667 2109.4 667.9 2110 669.1 2110.3 c
670.7 2110.7 671.1 2111.5 670.8 2113.7 c
670.5 2116.8 667.6 2118 666.6 2115.5 c
h
2158.2 2111.7 m
2158 2110.4 2158.4 2110 2159.7 2110.2 c
2160.9 2110.4 2161.6 2109.8 2161.7 2108.5 c
2162.9 2095.8 2163.2 2094.9 2165.4 2094 c
2168.8 2092.8 2173 2093.9 2173 2096.1 c
2173 2097.6 2173.7 2098 2176.9 2098 c
2180 2098 2181 2098.4 2181.5 2100 c
2182 2101.6 2183 2102 2186.1 2102 c
2189.3 2102 2190 2102.4 2190 2103.9 c
2190 2106.1 2194.6 2107.6 2198 2106.5 c
2201.1 2105.5 2200.1 2102.6 2196.5 2102.2 c
2194.8 2102 2193.1 2101.3 2192.5 2100.6 c
2191.9 2099.9 2189.4 2099 2186.8 2098.6 c
2183.7 2098.1 2182 2097.4 2182 2096.5 c
2182 2095.7 2180.5 2094.8 2178.2 2094.4 c
2176.2 2094 2174.1 2093.1 2173.5 2092.5 c
2172.9 2091.8 2170.3 2091 2167.6 2090.7 c
2164.9 2090.4 2162.4 2089.7 2162 2089.1 c
2161.6 2088.4 2160.9 2088 2160.4 2088.1 c
2157.3 2088.6 2154.8 2087.8 2154.3 2086 c
2153.7 2083.7 2152.4 2083.4 2151.7 2085.2 c
2151.3 2086 2151.1 2085.9 2151.1 2084.9 c
2151 2083.7 2149.7 2083 2146.5 2082.6 c
2144.1 2082.2 2141.8 2081.5 2141.5 2080.9 c
2141.1 2080.4 2139.3 2080 2137.5 2080 c
2134.6 2080 2133.9 2079.6 2133.4 2077.5 c
2132.9 2075.5 2132.2 2075 2129.5 2075 c
2127.7 2075 2125.7 2074.3 2125 2073.5 c
2124.3 2072.7 2122.6 2072 2121.1 2072 c
2118 2072 2116.6 2071.1 2115.7 2068.8 c
2115.3 2067.6 2114 2067 2112.2 2067 c
2110.7 2067 2108.5 2066.3 2107.4 2065.5 c
2106.4 2064.7 2104 2064 2102.2 2064 c
2099.7 2064 2098.7 2063.5 2098.3 2062 c
2097.9 2060.6 2096.6 2059.9 2093.3 2059.4 c
2090.9 2059.1 2088.6 2058.1 2088.3 2057.4 c
2088 2056.6 2086.3 2056 2084.3 2056 c
2081.7 2056 2080.7 2055.5 2080.3 2054.1 c
2080 2052.9 2078.6 2051.9 2076.6 2051.5 c
2074.9 2051.1 2072.1 2050.2 2070.4 2049.5 c
2068.7 2048.7 2065.8 2047.9 2064 2047.8 c
2061.7 2047.6 2060.5 2046.9 2059.9 2045.3 c
2059.2 2043.5 2058.3 2043 2055.6 2043 c
2053.8 2043 2051.7 2042.3 2051 2041.5 c
2050.3 2040.6 2048.1 2040 2045.8 2040 c
2042.7 2040 2041.7 2039.6 2041.3 2038.1 c
2041 2036.8 2039.6 2036 2036.9 2035.6 c
2034.7 2035.2 2032.7 2034.3 2032.4 2033.5 c
2032 2032.5 2030.4 2032 2028 2032 c
2025.1 2032 2024.1 2031.5 2023.7 2030.1 c
2023.4 2028.9 2021.9 2027.9 2019.9 2027.5 c
2018 2027.1 2016 2026.4 2015.4 2025.8 c
2014.7 2025.3 2011.9 2024.7 2009.1 2024.3 c
2005.1 2023.8 2004 2023.3 2004 2021.9 c
2004 2020.6 2002.9 2019.9 2000.2 2019.4 c
1998.2 2019 1996 2018.1 1995.5 2017.3 c
1994.9 2016.5 1993 2015.8 1991.2 2015.8 c
1988.8 2015.7 1988 2015.2 1988 2013.8 c
1988 2012.7 1987.3 2012 1986 2012 c
1984.7 2012 1984 2012.7 1984 2013.9 c
1984 2014.9 1983.3 2016 1982.5 2016.4 c
1981.7 2016.7 1981 2017.6 1981 2018.5 c
1981 2019.4 1980.1 2020 1978.6 2020 c
1975.6 2020 1974.6 2024.4 1975.5 2032.8 c
1976.6 2042.9 1976.6 2043 1980.8 2043 c
1985 2043 1987.6 2044.3 1986.6 2045.8 c
1985.9 2047 1988.2 2048 1991.5 2048 c
1992.7 2048 1994.3 2048.7 1995 2049.5 c
1995.7 2050.3 1997.8 2051 1999.7 2051 c
2002.3 2051 2003.3 2051.5 2003.7 2053 c
2004.1 2054.7 2008.4 2056.1 2014.3 2056.5 c
2014.7 2056.5 2015.4 2057 2015.8 2057.7 c
2016.2 2058.4 2018.1 2059.1 2019.9 2059.2 c
2021.8 2059.3 2023.5 2060.1 2023.8 2061 c
2024.6 2063.1 2026.1 2064 2029.1 2064 c
2030.6 2064 2032.3 2064.7 2033 2065.5 c
2033.7 2066.3 2035.7 2067 2037.4 2067 c
2041 2067 2043.5 2068.3 2042.6 2069.8 c
2042.3 2070.3 2043.8 2071 2046.2 2071.4 c
2048.4 2071.8 2050.8 2072.4 2051.4 2072.8 c
2052 2073.2 2054.1 2074 2056 2074.6 c
2058.2 2075.2 2059.5 2076.2 2059.4 2077.2 c
2059.3 2078.4 2060.5 2079 2064.4 2079.6 c
2070.4 2080.5 2069.7 2080.4 2073.3 2081.8 c
2074.9 2082.5 2077 2083 2078.2 2083 c
2079.3 2083 2080.4 2083.8 2080.7 2085 c
2081 2086.2 2082.1 2087 2083.4 2087 c
2084.6 2087 2087.2 2087.9 2089.3 2089 c
2091.3 2090.1 2094 2091 2095.2 2091 c
2096.5 2091 2098.4 2091.7 2099.4 2092.5 c
2100.5 2093.3 2102.6 2094 2104.2 2094 c
2106 2094 2107 2094.5 2107 2095.4 c
2107 2097.2 2107.8 2097.7 2111.4 2098.4 c
2113 2098.7 2115.3 2099.6 2116.6 2100.5 c
2117.9 2101.3 2120.5 2102 2122.5 2102 c
2125.3 2102 2126 2102.4 2126 2104 c
2126 2105.6 2126.7 2106 2129.4 2106 c
2131.2 2106 2133.3 2106.6 2133.9 2107.4 c
2135.1 2108.8 2139.2 2110.1 2143.5 2110.5 c
2144.6 2110.6 2145.6 2111.2 2145.6 2111.8 c
2145.7 2112.5 2145.8 2113.2 2145.9 2113.5 c
2145.9 2113.8 2148.8 2114 2152.2 2113.8 c
2157.6 2113.5 2158.5 2113.3 2158.2 2111.7 c
h
350.5 2107.4 m
353.8 2106.6 360.9 2106 366.3 2106 c
375.1 2106 376.1 2105.8 375.8 2104.2 c
375.5 2102.7 377 2102.5 391.6 2102 c
402 2101.7 408.2 2101.1 409.1 2100.3 c
410 2099.6 416.2 2098.8 425 2098.4 c
439.8 2097.8 440.5 2097.7 440.5 2095.7 c
440.5 2094.9 442.4 2094.5 445.5 2094.4 c
448.3 2094.3 456.1 2094.2 463 2094.1 c
471.8 2093.9 475.9 2093.5 477 2092.5 c
478 2091.6 483.8 2090.9 495.7 2090.2 c
507 2089.6 513.4 2088.9 514.4 2088 c
516.2 2086.6 516.5 2082.9 515.1 2081.5 c
514.6 2080.9 514 2079.4 513.8 2078 c
513.6 2076.5 512.9 2075.6 512.1 2075.8 c
511.4 2076 510 2075.4 509.1 2074.6 c
507.9 2073.5 506.4 2073.4 502.5 2074 c
499.8 2074.5 494.8 2074.9 491.5 2075 c
484.1 2075 480.7 2075.9 481.4 2077.5 c
481.9 2078.9 474 2080 462.1 2080 c
457.9 2080.1 450.9 2080.7 446.5 2081.5 c
442 2082.3 432.2 2083 424.2 2083 c
411 2083 410 2083.1 410 2084.9 c
410 2087 403.6 2088 390.6 2088 c
386.4 2088 382.9 2088.5 382.2 2089.2 c
381.5 2089.9 375.9 2090.5 366.8 2090.8 c
357.4 2091.1 352 2091.7 351 2092.5 c
350 2093.3 345.3 2093.8 337.5 2094 c
319.8 2094.3 320.5 2094.1 320.2 2097.8 c
319.9 2100.5 320.2 2101 321.9 2101 c
323.7 2101 324 2101.6 324 2104.8 c
324 2106.9 324.3 2109 324.7 2109.4 c
325.7 2110.4 343.3 2109 350.5 2107.4 c
h
2204.6 2097.2 m
2204.9 2096.3 2205.8 2094.2 2206.6 2092.7 c
2208.6 2088.6 2208.4 2088.2 2204.5 2087.4 c
2202 2087 2201 2086.3 2201 2084.9 c
2201 2083.6 2200.3 2083 2198.8 2083 c
2197.5 2083 2195.2 2082.3 2193.6 2081.5 c
2192.1 2080.7 2189.9 2080 2188.9 2080 c
2187.8 2080 2186.6 2079 2186.1 2077.6 c
2185.3 2075.7 2184.2 2075.2 2179.9 2074.7 c
2173.5 2073.9 2172.9 2074.6 2173.2 2082 c
2173.5 2086.5 2173.8 2087.5 2175.4 2087.8 c
2176.5 2088.1 2178 2088.8 2178.8 2089.6 c
2179.5 2090.4 2181.4 2091 2182.9 2091 c
2184.5 2091 2186.3 2091.6 2187 2092.4 c
2187.6 2093.2 2189.4 2094 2190.8 2094.2 c
2192.3 2094.4 2193.5 2095.1 2193.5 2095.9 c
2193.5 2099 2203.7 2100.3 2204.6 2097.2 c
h
684.2 2091.9 m
685.8 2091.5 692.6 2090.8 699.3 2090.5 c
706 2090.2 713.5 2089.5 716 2089 c
718.5 2088.5 726.4 2087.8 733.5 2087.6 c
740.6 2087.3 746.6 2087.1 746.7 2087 c
746.8 2087 746.7 2086.4 746.4 2085.6 c
745.8 2084 750.2 2083.4 771.3 2082.4 c
778.8 2082.1 785.2 2081.4 785.5 2081 c
785.7 2080.6 793.6 2079.9 803 2079.5 c
812.3 2079.1 819.8 2078.4 819.5 2078 c
818.4 2076.1 822.2 2075.5 836.5 2075 c
851.5 2074.5 l 851.8 2071.4 l
852 2069.5 851.5 2067.8 850.6 2067 c
849.7 2066.3 849 2064.5 849 2063 c
849 2059.4 847.4 2059 833.5 2059 c
822.1 2059 820.8 2059.3 819.7 2062.2 c
819.1 2063.8 817.6 2064 806.7 2064 c
799.1 2064 794 2064.4 793.3 2065.1 c
792.7 2065.7 786.9 2066.4 779.4 2066.6 c
761 2067.1 754 2067.9 754 2069.5 c
754 2071.2 750.2 2071.7 735.2 2072 c
727 2072.1 722 2072.6 720.2 2073.6 c
718.2 2074.6 713.1 2075 700.2 2075 c
683.4 2075 682.9 2075.1 682.1 2077.2 c
681.2 2079.6 680.6 2079.7 668.1 2080 c
661.5 2080.2 659.3 2080.7 657.9 2082.1 c
656.6 2083.4 654.7 2083.9 652 2083.8 c
647.5 2083.7 646.1 2084.5 647.8 2086.2 c
648.5 2086.9 649 2088.6 649 2090 c
649 2091.5 649.3 2093 649.8 2093.4 c
650.7 2094.4 680.2 2093.1 684.2 2091.9 c
h
1523.6 2078 m
1523 2062.3 1523.5 2052 1525 2052 c
1525.4 2052 1525.9 2061.4 1525.9 2073 c
1526 2084.7 1525.7 2094 1525.2 2094 c
1524.7 2094 1524 2086.8 1523.6 2078 c
h
1788.1 2085.8 m
1788.2 2080.1 1788.5 2078.3 1789 2080 c
1790.2 2083.6 1790.2 2092.8 1789 2093.5 c
1788.4 2093.9 1788 2091.1 1788.1 2085.8 c
h
623 2085.5 m
623 2084.6 624.2 2083.5 625.6 2083 c
627.8 2082.1 628.1 2081.5 627.8 2078.4 c
627.5 2075 627.2 2074.6 623 2073.4 c
620.5 2072.7 615.5 2071.8 611.8 2071.5 c
606.4 2071 605.1 2070.5 604.7 2068.9 c
604.3 2067.3 603.3 2067 598.3 2067 c
595.1 2067 591.2 2066.3 589.6 2065.5 c
585.2 2063.2 582.1 2063.6 581 2066.6 c
579.5 2070.3 579.8 2074 581.5 2074.6 c
582.3 2075 583 2076 583 2076.9 c
583 2078.3 584.5 2078.9 590.8 2079.7 c
595 2080.3 601 2081.3 604 2081.9 c
607 2082.5 611 2083.3 612.8 2083.6 c
614.7 2083.9 616 2084.7 616 2085.5 c
616 2086.5 617.1 2087 619.5 2087 c
622 2087 623 2086.6 623 2085.5 c
h
2170 2076.6 m
2170 2073.3 2169.5 2069.8 2169 2069 c
2168.1 2067.7 2168 2067.7 2168 2069 c
2167.9 2070.2 2167.8 2070.2 2167 2068.9 c
2166.4 2067.9 2164 2066.9 2161.4 2066.5 c
2158.8 2066.1 2156 2065.4 2155.1 2065 c
2154.2 2064.5 2152.3 2063.9 2150.8 2063.5 c
2149.2 2063.2 2148 2062.3 2148 2061.5 c
2148 2060.7 2146.8 2059.8 2145.2 2059.5 c
2143.7 2059.1 2141.3 2058.2 2139.8 2057.4 c
2138.4 2056.6 2136 2056 2134.6 2056 c
2132.7 2056 2131.7 2055.3 2131 2053.5 c
2130.2 2051.5 2129.4 2051 2126.5 2051 c
2124.3 2051 2122.7 2050.4 2122.4 2049.5 c
2122 2048.6 2120.5 2048 2118.9 2048 c
2116.7 2048 2115.7 2047.4 2115 2045.5 c
2114.2 2043.5 2113.4 2043 2110.7 2043 c
2108.9 2043 2106.8 2042.4 2106.2 2041.8 c
2104.8 2040.4 2104.5 2040.3 2100.5 2040.1 c
2098.7 2040 2098 2039.4 2098 2038.1 c
2098 2036.6 2097 2036 2093.8 2035.5 c
2091.4 2035.1 2088.8 2034.2 2088 2033.5 c
2087.2 2032.7 2084.9 2032 2083 2031.8 c
2080.3 2031.6 2079.6 2031.1 2079.8 2029.8 c
2080 2028.4 2079.4 2028 2077 2028 c
2075.3 2028 2073 2027.5 2071.7 2026.8 c
2066.8 2024.3 2065.9 2024 2062.9 2024 c
2060.7 2024 2059.7 2023.5 2059.3 2022 c
2059 2020.7 2057.6 2019.8 2055.1 2019.4 c
2053.1 2019 2051.1 2018.1 2050.5 2017.4 c
2049.9 2016.7 2047.9 2016 2046 2015.8 c
2043.3 2015.6 2042.6 2015.1 2042.8 2013.8 c
2043 2012.4 2042.4 2012 2039.7 2012 c
2037.8 2012 2035.1 2011.1 2033.7 2010 c
2032.3 2008.9 2029.8 2008 2028 2008 c
2025.7 2008 2024.7 2007.5 2024.3 2006 c
2023.9 2004.6 2022.9 2004 2021 2004 c
2019.4 2004 2017.5 2003.4 2016.8 2002.6 c
2016 2001.9 2013.9 2001 2012 2000.7 c
2005.6 1999.7 2004.5 1999.3 2004.5 1997.9 c
2004.5 1997 2003.1 1996.4 2000.2 1996.2 c
1996.7 1995.9 1996 1996.2 1996 1997.7 c
1996 1998.7 1995.1 2000.3 1994 2001.3 c
1990.3 2004.5 1991.7 2011 1996 2011 c
1998.8 2011 2000.5 2012.3 2000.5 2014.5 c
2000.5 2015 2002 2015.6 2003.9 2015.8 c
2005.8 2016 2008.2 2016.7 2009.4 2017.5 c
2010.6 2018.2 2013.1 2019.1 2015.1 2019.4 c
2017.7 2019.9 2018.7 2020.5 2018.6 2021.7 c
2018.5 2022.9 2019.6 2023.6 2022.3 2024.1 c
2024.4 2024.4 2026.6 2025.2 2027.3 2025.9 c
2027.9 2026.5 2029.5 2027 2031 2027 c
2034 2027 2035.4 2027.9 2036.3 2030.3 c
2036.7 2031.2 2037.3 2031.9 2037.7 2031.8 c
2039.4 2031.4 2048 2033.2 2048.5 2034.1 c
2048.9 2034.6 2050.5 2035 2052.1 2035 c
2054.3 2035 2055.3 2035.6 2056 2037.5 c
2056.8 2039.5 2057.6 2040 2060.4 2040 c
2062.2 2040 2064.3 2040.7 2065 2041.5 c
2065.7 2042.3 2067.6 2043 2069.1 2043 c
2071.3 2043 2072.3 2043.6 2073 2045.5 c
2073.8 2047.6 2074.6 2048 2077.9 2048 c
2080.1 2048 2082.3 2048.6 2083 2049.5 c
2083.7 2050.3 2085.4 2051 2086.9 2051 c
2090.1 2051 2092.5 2052.4 2091.6 2053.8 c
2090.9 2054.9 2094.1 2056 2098.3 2056 c
2099.8 2056 2101.3 2056.7 2101.6 2057.5 c
2102 2058.4 2103.5 2059 2105.6 2059 c
2108.2 2059 2109.3 2059.5 2109.9 2061.1 c
2110.4 2062.6 2111.7 2063.4 2114.1 2063.7 c
2116 2063.9 2117.7 2064.5 2117.8 2065 c
2118 2065.6 2119 2066 2120.1 2066 c
2123.6 2066 2130 2068.5 2129.6 2069.6 c
2129.1 2070.9 2132 2072 2135.6 2072 c
2136.8 2072 2138 2072.7 2138.4 2073.5 c
2138.7 2074.5 2140.3 2075 2142.6 2075 c
2145.3 2075 2146.3 2075.5 2146.7 2077 c
2147.1 2078.3 2148.4 2079.2 2150.9 2079.6 c
2152.9 2080 2155.1 2080.7 2155.8 2081.3 c
2157.5 2082.6 2163.8 2083.7 2167.2 2083.2 c
2169.9 2082.8 2170 2082.6 2170 2076.6 c
h
545 2080.1 m
553 2079.6 560.5 2079.2 561.8 2079.1 c
563 2079.1 564 2078.4 564 2077.5 c
564 2076.4 565.2 2076 568.9 2076 c
574.8 2076 576.2 2074.6 575.8 2068.8 c
575.5 2064.5 l 569.1 2064.2 l
565.2 2064 561 2064.5 558.2 2065.4 c
555.4 2066.4 550.1 2067 544.5 2067 c
532.6 2067 526 2067.9 526 2069.6 c
526 2070.4 524 2071.1 520.5 2071.5 c
514.4 2072.3 513.2 2073.1 515.5 2075 c
516.3 2075.7 517 2077.3 517 2078.6 c
517 2081.2 519.9 2082.1 526.5 2081.3 c
528.7 2081.1 537 2080.5 545 2080.1 c
h
891.8 2079 m
893.8 2079 895 2078.5 895 2077.6 c
895 2075.7 896.3 2075.4 906 2075.1 c
910.7 2075 914.9 2074.5 915.3 2074.1 c
916.3 2073.1 916.5 2061.7 915.6 2060.1 c
914.4 2058.2 908.3 2058.7 907.7 2060.9 c
907.1 2063.2 904.1 2063.7 888.7 2063.9 c
882.1 2064 876.1 2064.5 875.2 2065 c
874.2 2065.5 869.6 2066.2 864.8 2066.5 c
859.9 2066.9 855.7 2067.6 855.4 2068.2 c
855.1 2068.7 855.1 2070.7 855.4 2072.6 c
855.9 2075.1 856.6 2076 858 2076 c
859.4 2076 860 2076.7 860 2078.1 c
860 2080.2 860.2 2080.2 874.2 2079.6 c
882.1 2079.3 890 2079 891.8 2079 c
h
465.8 2073.1 m
466 2072.5 468.3 2072 470.9 2072 c
473.5 2072 479.8 2071.7 484.9 2071.3 c
492.5 2070.8 494 2070.4 493.8 2069.1 c
493.6 2067.9 494.5 2067.4 497.3 2067.2 c
500.2 2066.9 501 2066.5 500.8 2065.2 c
500.5 2063.8 498.9 2063.6 487.5 2063.9 c
480.3 2064 474 2064.6 473.4 2065.1 c
472.8 2065.6 472 2065.7 471.7 2065.3 c
471.3 2065 470.4 2065.2 469.7 2065.8 c
468.9 2066.5 462.7 2067.1 453.9 2067.2 c
441.9 2067.5 439.5 2067.7 439.5 2069 c
439.5 2069.8 439.1 2070.8 438.6 2071.1 c
438.1 2071.5 438 2072.5 438.3 2073.3 c
438.8 2074.5 441.1 2074.7 452.2 2074.5 c
460.4 2074.3 465.6 2073.7 465.8 2073.1 c
h
670.4 2074.4 m
673.3 2073.3 672.1 2072.3 667 2071.6 c
663.7 2071.2 662 2070.5 662 2069.5 c
662 2068.6 660 2067.9 655.2 2067.4 c
645 2066.2 643.4 2066.9 644.5 2071.9 c
645.2 2075 l 657 2075 l
663.5 2075 669.5 2074.7 670.4 2074.4 c
h
637.1 2068.3 m
637.9 2064.5 637 2064 629.4 2064 c
625.1 2064 623.8 2063.6 623.3 2062.2 c
622.3 2059.5 620.9 2059 614.2 2059 c
609.6 2059 607.8 2058.6 607.4 2057.5 c
606.9 2056.4 605.1 2056 599.5 2056 c
590.9 2056 589 2055.4 589 2052.9 c
589 2051.6 588.3 2051 586.6 2051 c
582.7 2051 581 2052.1 581 2054.4 c
581 2057.9 583 2059 589.2 2059 c
593.9 2059 595.2 2059.4 595.7 2060.8 c
596.7 2063.4 598 2064 603.1 2064 c
605.6 2064 608 2064.3 608.4 2064.7 c
609.2 2065.6 611.7 2066 620.8 2066.7 c
626.9 2067.1 628 2067.5 628 2069 c
628 2071 630.1 2071.9 634 2071.7 c
635.9 2071.5 636.6 2070.8 637.1 2068.3 c
h
704 2071 m
709.6 2071 712 2070.7 711 2070 c
708 2068.1 711.6 2067.5 727.8 2067.2 c
737 2067 745 2066.4 745.7 2065.8 c
746.8 2064.9 764.9 2063 769.5 2063.2 c
774.7 2063.6 778.5 2063 777 2062 c
774.2 2060.3 777 2059.7 792.7 2059.1 c
801.7 2058.7 809.4 2057.9 810.7 2057.2 c
812.1 2056.4 817.7 2056 825.9 2056 c
833 2056 839.5 2055.7 840.4 2055.4 c
841.5 2055 842 2053.4 842 2050.1 c
842 2043.4 843.8 2040.1 847.5 2039.9 c
849.1 2039.8 851.4 2039.7 852.5 2039.6 c
853.6 2039.5 854.7 2038.5 855.1 2037 c
855.5 2035.6 855.8 2019.6 855.9 2001.4 c
856 1975.7 855.7 1968 854.7 1966.6 c
853.5 1965 853.3 1965 852.1 1966.4 c
851.2 1967.5 849 1968 845.1 1968 c
842 1968 837.2 1968.3 834.5 1968.6 c
829.6 1969.2 829.4 1969.4 828.2 1973.2 c
827.2 1976.2 827.2 1977.5 828.1 1978.6 c
829.6 1980.5 839.9 1980.5 842.6 1978.6 c
843.7 1977.8 846.1 1977 848 1976.8 c
851.4 1976.5 851.5 1976.6 851.5 1979.9 c
851.4 1983.1 851.2 1983.2 847.5 1983.5 c
835.4 1984.3 825.4 1985.4 824.5 1986 c
824 1986.4 819.5 1987 814.7 1987.3 c
809.8 1987.6 805.7 1988 805.5 1988.2 c
805.2 1988.4 805 2000.2 804.9 2014.4 c
804.9 2028.6 804.6 2040.9 804.3 2041.6 c
803.7 2043.2 801 2043.5 801 2042 c
801 2041.5 800.3 2041 799.5 2041 c
797.6 2041 797.5 2036.4 799.4 2035.7 c
801.4 2034.9 801.3 2012.1 799.3 2011.3 c
797.5 2010.6 797.6 2008 799.5 2008 c
800.7 2008 801 2006.7 801 2002 c
801 1997.3 800.7 1996 799.5 1996 c
798.7 1996 798 1995.1 798 1994 c
798 1992.9 798.6 1992 799.4 1992 c
800.2 1992 800.9 1991.2 800.9 1990.2 c
800.9 1989.3 801.2 1986 801.6 1982.9 c
802.2 1977.2 l 798 1976.5 l
791.7 1975.4 781.2 1976.8 780.1 1978.8 c
777.2 1983.9 777.2 1982 777.1 1833.7 c
777 1706.8 776.9 1699.9 775.3 1700.2 c
774.1 1700.4 773.3 1701.9 772.8 1704.5 c
772.4 1706.7 771.7 1768.3 771.1 1841.5 c
770.6 1914.7 769.9 1975.5 769.5 1976.7 c
768.9 1978.6 767.8 1978.9 761.4 1979.5 c
756.9 1980 754 1980.7 754 1981.4 c
754 1982 753.1 1983.3 752 1984.3 c
750.8 1985.3 750 1987.2 750 1989 c
750 1992.1 l 756.2 1991.8 l
761.6 1991.5 762.5 1991.2 762.2 1989.8 c
762 1988.3 762.7 1988 766.9 1988 c
770.8 1988 772.2 1987.6 772.9 1986.1 c
774.4 1983.4 778.8 1982.8 780.1 1985.1 c
780.7 1986.4 782.2 1987 784.4 1987 c
786.3 1987 788.4 1987.7 789.1 1988.6 c
790.2 1990 790.1 1990.5 788.1 1992.1 c
785.5 1994.2 781.5 1994.6 780.4 1992.9 c
779.5 1991.4 766.9 1992.5 765.9 1994.1 c
765.6 1994.7 763.1 1995.5 760.5 1995.8 c
757 1996.1 755.6 1996.8 755.3 1998.1 c
755 1999.1 753.8 2000 752.6 2000.2 c
751.3 2000.4 750.7 2001.1 750.9 2002 c
751.2 2002.8 751.3 2004.6 751.2 2006 c
751 2007.4 750.7 2018.1 750.4 2029.8 c
749.9 2049.8 749.7 2051 747.9 2051 c
745.6 2051 745.2 2049.3 744.5 2037 c
744.3 2031.8 743.8 2024.4 743.4 2020.7 c
743.1 2016.8 743.2 2013.4 743.8 2012.7 c
744.3 2012 744.9 2007.9 745.1 2003.5 c
745.5 1995.5 l 742 1995.5 l
739.1 1995.5 738.4 1995.9 738.2 1997.8 c
737.9 1999.7 737.3 2000 733.6 2000 c
731.3 2000 728.5 1999.4 727.5 1998.6 c
725.7 1997.3 725.7 1997.2 727.8 1996.6 c
729 1996.2 730 1995.4 730 1994.8 c
730 1994.3 730.7 1994.1 731.5 1994.4 c
732.4 1994.7 733.3 1994.3 733.6 1993.5 c
734 1992.4 735.7 1992 739.4 1992 c
742.3 1992 744.9 1991.7 745.3 1991.4 c
745.6 1991.1 745.1 1989.2 744.2 1987.3 c
742.5 1983.8 l 737.1 1984.4 l
734.1 1984.8 731.1 1985.5 730.5 1986 c
729.9 1986.5 725 1987.2 719.7 1987.6 c
713 1988.1 710 1988.7 710 1989.5 c
710 1991 706.8 1992 701.7 1992 c
698 1992 697.9 1992 698.3 1995.8 c
698.6 1998.2 699.3 1999.6 700.4 1999.8 c
702.7 2000.3 702.4 2003 700 2003 c
698.9 2003 698 2003.6 698 2004.2 c
697.9 2004.9 698 2018.7 698 2034.8 c
698 2051.8 697.7 2064 697.2 2064 c
693.7 2064 690.1 2062.5 689.7 2060.9 c
689.3 2059.5 688.3 2059 685.7 2059 c
683.5 2059 682 2058.4 681.6 2057.5 c
681.2 2056.4 679.4 2056 674.1 2056 c
666.4 2056 664 2055.4 664 2053.5 c
664 2052.3 659 2051 653.9 2051 c
651.8 2051 651.1 2051.6 650.6 2054 c
650.3 2055.7 650.3 2058.3 650.6 2059.9 c
651.2 2062.8 654 2064 660.9 2064 c
662.3 2064 664.1 2064.6 664.9 2065.4 c
667 2067.2 678.6 2068.5 679.5 2067 c
680.3 2065.6 683 2067.6 683 2069.6 c
683 2070.9 689.5 2072 693.5 2071.4 c
694.6 2071.2 699.3 2071 704 2071 c
h
271.6 2064.9 m
271.9 2064.4 274.7 2064 277.9 2064 c
281.1 2064 289.1 2063.7 295.7 2063.4 c
307.8 2062.7 l 308.4 2059.9 l
309.5 2054.5 309.5 1989.1 308.5 1988.1 c
306.8 1986.4 287.5 1988.2 287.5 1990 c
287.5 1991.2 285.3 1991.6 276.3 1992 c
270.1 1992.3 264.7 1992.9 264.3 1993.4 c
263 1994.6 262.7 2063.9 263.9 2065.4 c
265 2066.8 270.6 2066.4 271.6 2064.9 c
h
522.5 2064.9 m
523 2064.4 525.9 2064 529 2064 c
532 2064 538.2 2063.7 542.7 2063.4 c
549.5 2062.8 550.9 2062.4 551.3 2060.9 c
551.9 2058.8 555 2058.4 567.2 2058.9 c
573.8 2059.2 574 2059.1 575 2056.4 c
576.8 2051.9 575.8 2051 568.7 2051 c
559.7 2051 555.7 2051.9 557 2053.5 c
558.7 2055.5 556.2 2055.9 538.6 2056.2 c
527 2056.4 522.6 2056.8 522.3 2057.7 c
521.9 2058.6 519.3 2059 513.9 2059 c
506 2059 l 506 2063.1 l
506 2067.2 l 513.8 2066.5 l
518 2066.1 521.9 2065.4 522.5 2064.9 c
h
322.8 2063 m
323.7 2063 324 2054.8 324 2025.5 c
324 1988 l 320 1988 l
316 1988 l 316 2022.2 l
316 2061.3 316.3 2064.4 319.4 2063.6 c
320.6 2063.3 322.1 2063 322.8 2063 c
h
862.7 2062.2 m
865.1 2059.6 867.7 2059.1 879.8 2058.9 c
885.4 2058.8 892.9 2058.1 896.3 2057.4 c
899.7 2056.7 906.2 2056.1 910.8 2056 c
916.6 2056 919 2055.6 919.1 2054.8 c
919.4 2049 918.7 2036.3 918.1 2035.7 c
916.7 2034.3 902.8 2036.1 903.4 2037.5 c
904 2039.2 899.9 2039.9 888.2 2040 c
879.7 2040 870.2 2040.8 854.4 2042.6 c
849 2043.3 l 849.2 2050.7 l
849.3 2054.8 849.8 2058.4 850.3 2058.7 c
850.7 2059 851.5 2060.2 851.9 2061.3 c
853.1 2064.3 860.1 2064.9 862.7 2062.2 c
h
354.9 2057.7 m
355.7 2057 362.3 2056.3 370.9 2055.9 c
387.8 2055.1 386.4 2055.4 385.7 2053.6 c
385.3 2052.6 387.6 2052.1 396.3 2051.6 c
402.5 2051.2 411.3 2050.5 416 2049.9 c
420.7 2049.4 429.2 2048.5 435 2048 c
447.3 2047.1 446 2047.3 446 2045.7 c
446 2044.7 450.2 2044.1 463.5 2043.2 c
473.1 2042.6 481.8 2041.6 482.9 2041 c
484 2040.5 487.7 2040 491.2 2039.9 c
498.5 2039.8 502.3 2038.9 501.8 2037.5 c
501.6 2037 502.6 2036.3 504 2036.2 c
509.1 2035.5 509 2036 509 1999.9 c
509 1966 l 502.2 1966 l
498.5 1966 493.9 1966.4 492 1966.9 c
490.1 1967.4 483.2 1968.1 476.8 1968.5 c
468 1969 465.3 1969.5 465.6 1970.5 c
466.2 1971.9 461.2 1973 454.4 1973 c
452.2 1973 450 1973.3 449.6 1973.8 c
449.2 1974.2 448.3 1974.5 447.7 1974.5 c
447 1974.5 446.4 1976.5 446.2 1979.2 c
445.9 1984 447.5 1986 448.3 1981.8 c
448.5 1980.5 448.8 1992 448.9 2007.3 c
449 2035 l 446.2 2034.4 l
444.7 2034 443.2 2033.4 442.8 2033.1 c
442.4 2032.7 441.9 2019.2 441.8 2003 c
441.5 1973.5 l 438 1973.8 l
436.1 1974 434.3 1974.5 434 1975 c
433.7 1975.4 428.5 1975.9 422.3 1976.2 c
415.2 1976.4 410.6 1977 409.8 1977.8 c
409.1 1978.5 405.9 1979 401.7 1979 c
390.2 1979 391 1976.5 391.1 2010.6 c
391.2 2040.5 390.9 2042.9 387.6 2041.7 c
386.2 2041.1 386 2037.5 386 2012.7 c
386 1997.1 385.8 1984.1 385.6 1983.9 c
384.7 1983.1 354.5 1984.9 352.5 1985.9 c
351.4 1986.5 346.2 1987.3 341 1987.7 c
332.7 1988.4 331.5 1988.7 331.8 1990.3 c
332 1991.4 331.4 1992 330 1992 c
328 1992 328 1992.3 328.2 2025.2 c
328.5 2055.6 328.6 2058.5 330.2 2058.5 c
331.1 2058.5 332.1 2058.7 332.3 2059 c
333.3 2060 353.5 2058.8 354.9 2057.7 c
h
646.6 2055.7 m
646.7 2054.1 646.1 2052.2 645.4 2051.5 c
644.6 2050.8 644 2049.7 644 2049.1 c
644 2048.4 641.5 2048 637.5 2048 c
631.7 2048 631 2047.8 631 2046.1 c
631 2043.8 629.3 2043.1 622 2042.9 c
619 2042.8 615.6 2042.1 614.5 2041.3 c
613.4 2040.6 610 2040 606.9 2040 c
600.2 2040 597.9 2039.3 598.6 2037.5 c
599.7 2034.8 585.8 2033.9 582.4 2036.5 c
581.4 2037.3 581 2038 581.7 2038 c
582.4 2038 583 2039.9 583.2 2042.8 c
583.5 2047.5 l 589.5 2047.8 l
592.8 2048 595.7 2048.6 596.1 2049.1 c
596.4 2049.7 599.3 2050.3 602.6 2050.6 c
613.4 2051.5 615.3 2052 614.1 2053.4 c
612.7 2055 616.6 2056 624.5 2056 c
628 2056 630.2 2056.5 631 2057.5 c
632 2058.7 634 2059 639.4 2058.8 c
646.4 2058.5 646.5 2058.5 646.6 2055.7 c
h
694.5 2055 m
695.4 2053.5 694.1 2050 692.6 2050 c
690.7 2050 690.3 2044.7 690.4 2022 c
690.5 2005.4 690.7 2002.5 692 2002.5 c
693.4 2002.5 693.6 2002.1 693.1 1998.2 c
692.9 1996.7 692.8 1996.7 692 1998.5 c
691.3 2000 691.1 1999.5 691.1 1996.2 c
691 1993.2 691.4 1992 692.4 1992 c
693.2 1992 694.2 1991.5 694.5 1991 c
695.4 1989.6 693 1986.8 691.5 1987.4 c
690.8 1987.6 689.4 1987.3 688.3 1986.5 c
686.4 1985.2 677.6 1983.4 675.2 1983.8 c
674.6 1984 674 1983.2 674 1982.2 c
674 1980.5 673 1980.2 666.3 1979.6 c
662.1 1979.2 657.7 1978.2 656.6 1977.4 c
655.5 1976.6 653.1 1976 651.3 1976 c
649.6 1976 646.6 1975.1 644.7 1974 c
639 1970.6 638.9 1970.8 639.2 2008.6 c
639.5 2042.5 l 644.8 2043.3 l
647.9 2043.8 650 2044.7 650 2045.4 c
650 2046.7 656.2 2048 662.6 2048 c
664.4 2048 666.1 2048.4 666.4 2048.9 c
666.7 2049.4 669.6 2050.1 672.7 2050.4 c
683.8 2051.7 686 2052.2 686 2053.5 c
686 2055.8 693.2 2057.1 694.5 2055 c
h
2256.8 1931.4 m
2256.5 1825.5 2256.7 1814 2258.1 1814 c
2259.9 1814 2264 1808.8 2264 1806.5 c
2264 1805.7 2265.1 1804.5 2266.4 1804 c
2268.3 1803.3 2268.9 1802.2 2269.4 1797.7 c
2270.3 1790.4 2269.1 1788.6 2262.4 1787.1 c
2258.7 1786.2 2257.1 1785.4 2256.7 1784 c
2256.4 1782.8 2255.3 1782 2254.2 1782 c
2253.1 1782 2252 1781.5 2251.8 1781 c
2251.6 1780.4 2249.1 1779.7 2246.2 1779.3 c
2242.1 1778.9 2241 1778.3 2241 1777 c
2241 1775.1 2239.1 1774 2235.7 1774 c
2234.5 1774 2232.6 1773.3 2231.6 1772.5 c
2230.5 1771.7 2228.5 1771 2227.2 1771 c
2225.7 1771 2224.6 1770.3 2224.3 1769 c
2223.9 1767.6 2222.6 1766.8 2219.9 1766.4 c
2217.7 1766 2216 1765.4 2216 1764.9 c
2216 1764.4 2214.7 1764 2213.1 1764 c
2208.9 1764 2207 1763.1 2207 1761 c
2207 1758.6 2205.3 1758.3 2191.8 1758.8 c
2182.8 1759.1 2180.3 1759.5 2180.6 1760.5 c
2181.3 1762.1 2178.6 1762.7 2165.5 1764.1 c
2156.8 1765 2134.8 1766.7 2128.4 1766.9 c
2127.1 1767 2126 1767.8 2125.7 1769 c
2125.2 1770.8 2124.3 1771 2116.8 1771.1 c
2112.3 1771.1 2102.2 1771.9 2094.6 1772.8 c
2080.6 1774.5 l 2079.9 1777.4 l
2078.9 1781 2079.9 1786.2 2081.7 1787.3 c
2082.4 1787.7 2083 1789.4 2083 1791.1 c
2083 1793.3 2083.6 1794.3 2085.5 1795 c
2087.5 1795.8 2088 1796.6 2088 1799.3 c
2088 1801.2 2088.2 1802.9 2088.5 1803.2 c
2089.6 1804.3 2094.3 1802.6 2094.7 1801 c
2095.3 1798.6 2099 1798 2111.9 1798 c
2118.6 1798 2124 1797.4 2126.5 1796.5 c
2128.9 1795.7 2134.4 1795.1 2140.1 1795 c
2148.9 1795 2149.8 1794.8 2150.3 1793 c
2150.7 1791.5 2151.7 1791 2154.3 1791 c
2156.2 1791 2160.4 1790.7 2163.7 1790.4 c
2169.8 1789.7 l 2170.6 1781.6 l
2171.4 1773.5 l 2172.3 1779 l
2172.8 1782 2173.4 1785.1 2173.6 1785.8 c
2173.8 1786.7 2177.4 1787 2187 1787 c
2199.6 1787 2200 1786.9 2200 1784.9 c
2200 1781.2 2202.3 1775 2203.6 1775 c
2204.4 1775 2205 1773.4 2205.2 1770.8 c
2205.4 1767.8 2206 1766.5 2207 1766.5 c
2208.2 1766.5 2208.4 1767.8 2208.1 1774 c
2207.9 1778.1 2207.3 1782.1 2206.8 1782.7 c
2206.1 1783.6 2206.2 1784.9 2207 1787 c
2208 1789.5 2208.8 1790 2211.6 1790 c
2214.4 1790 2215.2 1790.5 2216 1792.5 c
2216.7 1794.2 2217.7 1795 2219.4 1795 c
2220.7 1795 2222 1795.7 2222.4 1796.5 c
2222.7 1797.5 2224.3 1798 2227 1798 c
2230.3 1798 2231 1798.3 2231 1799.9 c
2231 1801.8 2232.8 1803 2236 1803 c
2236.9 1803 2238.3 1803.6 2239 1804.4 c
2239.6 1805.2 2241.4 1806 2242.8 1806.2 c
2244.7 1806.4 2245.6 1807.2 2245.8 1808.8 c
2246 1810.4 2246.8 1811 2248.5 1811 c
2251.7 1811 2254.1 1812 2253.4 1813.1 c
2252.5 1814.6 2246.3 1814.1 2245 1812.5 c
2244.3 1811.7 2242.9 1811 2242 1811 c
2238.8 1811 2237 1809.8 2237 1807.9 c
2237 1806.4 2236.3 1806 2233 1806 c
2230.8 1806 2229 1805.6 2229 1805 c
2229 1804.5 2227.4 1803.8 2225.4 1803.4 c
2223.1 1803 2221.6 1802.1 2221.3 1800.9 c
2221 1799.8 2219.5 1798.9 2216.9 1798.5 c
2214.8 1798.1 2213 1797.4 2213 1796.9 c
2213 1796.4 2212.2 1796 2211.2 1796 c
2210.2 1796 2208.8 1795.4 2208.2 1794.8 c
2207.2 1793.8 2206.7 1793.8 2206 1795 c
2204.8 1796.9 2204.7 2023.9 2205.9 2025.8 c
2206.3 2026.5 2207.9 2027.4 2209.3 2027.8 c
2210.8 2028.2 2211.9 2028.9 2211.9 2029.4 c
2211.8 2030.8 2214.3 2032 2217.6 2032 c
2219.3 2032 2221.3 2032.7 2222 2033.5 c
2222.7 2034.3 2224.6 2035 2226.2 2035 c
2228 2035 2229.3 2035.6 2229.7 2036.8 c
2230.6 2039.1 2232 2040 2235.1 2040 c
2236.6 2040 2238.3 2040.7 2239 2041.5 c
2239.7 2042.3 2241.3 2043 2242.5 2043 c
2244.8 2043 2247.9 2045.8 2247 2046.9 c
2246.7 2047.2 2248 2047.6 2249.8 2047.8 c
2251.6 2048 2253.4 2048.8 2253.7 2049.6 c
2254.1 2050.7 2254.5 2050.8 2255.6 2049.9 c
2256.8 2048.9 2257 2031.4 2256.8 1931.4 c
h
2277.6 2049.5 m
2276.8 2048.7 2275.5 2048 2274.7 2048 c
2271.9 2048 2270 2046.8 2270 2045.1 c
2270 2044.2 2269.5 2042.9 2268.8 2042.2 c
2267.9 2041.3 2268.1 2040.9 2269.5 2040.4 c
2270.6 2039.9 2271.6 2040.3 2272.2 2041.4 c
2272.7 2042.3 2273.5 2042.8 2274 2042.5 c
2275.5 2041.6 2280 2044.2 2279.8 2045.9 c
2279.6 2046.9 2280.5 2047.6 2282.4 2048 c
2284 2048.3 2285.5 2049.1 2285.8 2049.8 c
2286.4 2051.6 2279.5 2051.4 2277.6 2049.5 c
h
635 2036.4 m
635 2034.2 634.8 2033.9 633.5 2035 c
632.2 2036.1 632 2035 632 2026.1 c
632 2017.8 632.3 2016 633.5 2016 c
634.6 2016 635 2014.9 635 2012 c
635 2009.1 634.6 2008 633.5 2008 c
632.2 2008 632 2005.4 632 1990.4 c
632 1975.6 632.2 1972.9 633.4 1973.3 c
634.2 1973.6 635.1 1973.2 635.4 1972.4 c
636.1 1970.5 635 1967.8 633.7 1968.3 c
633.1 1968.5 631.8 1967.8 630.8 1966.8 c
629.8 1965.8 627.8 1965 626.2 1965 c
621 1965 616 1963.7 616 1962.5 c
616 1961 612.9 1960 607.9 1960 c
605.9 1960 604 1959.7 603.6 1959.3 c
602.8 1958.5 600.8 1958 595.3 1957.5 c
590.4 1957.1 589 1956.4 589 1954.5 c
589 1952.9 586 1951.6 584.9 1952.7 c
583.9 1953.7 583.6 2025.9 584.5 2026.8 c
584.9 2027.2 585.7 2027.5 586.3 2027.6 c
587 2027.6 588.3 2027.8 589.4 2027.8 c
590.5 2027.9 591 2028.5 590.7 2029.4 c
590 2031.3 592 2032 598 2032 c
600.6 2032 604.1 2032.7 605.6 2033.5 c
607.2 2034.3 610.6 2035 613.1 2035 c
620.1 2035 623.9 2036 623.3 2037.6 c
622.9 2038.7 624.1 2039 628.9 2039 c
634.8 2039 635 2038.9 635 2036.4 c
h
884 2033.9 m
888.7 2033.3 897.7 2032.5 904 2032.2 c
915.5 2031.5 l 915.5 1978.5 l
915.5 1925.5 l 908 1925.6 l
903.9 1925.6 899.4 1926 898 1926.4 c
895.4 1927.3 883.5 1928.8 878.8 1928.9 c
876.8 1929 876.2 1929.4 876.6 1930.5 c
877.1 1931.7 876.2 1932 872.4 1932.1 c
866.1 1932.3 865.9 1932.3 863.4 1933.7 c
861.5 1934.8 861.4 1935.4 862.1 1940.7 c
862.6 1943.9 862.9 1966.2 862.9 1990.3 c
862.9 2014.4 863.2 2034.5 863.5 2035 c
864.1 2036 868.5 2035.7 884 2033.9 c
h
530.2 2032.9 m
531.1 2032.4 536.8 2032 542.8 2032 c
554.6 2032 560.3 2031.3 559.4 2029.9 c
558.8 2028.9 559.6 2028.6 564.3 2027.6 c
567.1 2026.9 l 566.4 2004.2 l
565.3 1965.3 565.3 1961.5 566.3 1960.2 c
567 1959.3 566.9 1958.5 566.2 1957.8 c
565.5 1957.1 565 1955.8 565 1954.8 c
565 1953.4 564.2 1953 561 1953 c
558 1953 557.2 1953.3 557.6 1954.4 c
558.5 1956.7 556.3 1957.3 544.6 1957.7 c
538.5 1957.9 531.9 1958.5 530 1959 c
528.1 1959.6 523.7 1960 520.2 1960 c
514 1960 l 514 1996.9 l
514 2025.5 514.3 2034 515.2 2034.4 c
516.9 2035.1 528.1 2034 530.2 2032.9 c
h
579.8 1989.7 m
580 1953 l 576.1 1953 l
572.1 1953 l 572 1989.3 l
572 2009.3 572.3 2025.9 572.7 2026.3 c
573.1 2026.7 574.8 2026.9 576.4 2026.7 c
579.5 2026.4 l 579.8 1989.7 l
h
1974.3 2020.3 m
1974.7 2018.5 1974.5 2016.8 1974 2016.5 c
1973.4 2016.2 1973 2015.1 1973 2014.1 c
1973 2012.7 1972 2012.1 1968.7 2011.6 c
1966.4 2011.2 1963.2 2010.3 1961.6 2009.5 c
1960 2008.7 1957.5 2008 1955.9 2008 c
1953.7 2008 1953 2007.5 1953 2006 c
1953 2004.6 1952.1 2003.9 1949.2 2003.4 c
1947.2 2003 1944.8 2002.2 1944 2001.5 c
1943.2 2000.7 1941.3 1999.8 1939.8 1999.5 c
1938.2 1999.1 1937 1998.1 1937 1997.3 c
1937 1996.5 1936.3 1996 1935.3 1996.2 c
1933.3 1996.6 1932.3 2005.1 1933.9 2009.3 c
1934.8 2011.5 1935.6 2012 1938.5 2012 c
1940.8 2012 1942 2012.5 1942 2013.4 c
1942 2015 1944.1 2016 1947.5 2016 c
1948.7 2016 1950.3 2016.7 1951 2017.5 c
1951.7 2018.3 1953.8 2019 1955.6 2019 c
1958.3 2019 1959.2 2019.5 1960 2021.4 c
1960.8 2023.6 1961.6 2023.9 1966.7 2024.2 c
1973.5 2024.5 1973.5 2024.5 1974.3 2020.3 c
h
2146 2021.9 m
2146 2020.7 2145.3 2020 2144.1 2020 c
2143.1 2020 2141.1 2019.1 2139.7 2018 c
2138.3 2016.9 2136.5 2016 2135.6 2016 c
2134.7 2016 2134 2015.2 2134 2014 c
2134 2012.5 2133.1 2011.9 2130.1 2011.4 c
2127.9 2011 2125.9 2010.1 2125.6 2009.4 c
2125.3 2008.6 2123.6 2008 2121.5 2008 c
2118.7 2008 2118 2007.6 2118 2006 c
2118 2004.6 2117.1 2003.9 2114.5 2003.4 c
2112.6 2003.1 2110.6 2002.2 2110.2 2001.5 c
2109.8 2000.8 2107.9 2000 2106 1999.7 c
2104.1 1999.5 2102.6 1998.8 2102.7 1998.2 c
2103 1997.1 2101.1 1996.1 2093.2 1992.9 c
2091.3 1992.1 2090 1990.8 2090 1989.8 c
2090 1988.8 2089.2 1988 2088.2 1987.9 c
2084.7 1987.8 2082.8 1987.1 2081.7 1985.6 c
2081 1984.8 2078.9 1984 2077 1983.8 c
2074.3 1983.6 2073.6 1983.1 2073.8 1981.8 c
2074 1980.4 2073.1 1979.9 2070.1 1979.4 c
2067.9 1979.1 2065.9 1978.1 2065.6 1977.4 c
2065.3 1976.5 2063.5 1976 2061 1976 c
2058.8 1976 2057 1975.6 2057 1975.1 c
2057 1973.6 2053.2 1972.8 2051.3 1973.9 c
2049.7 1974.8 2050 1975 2052.8 1975.6 c
2054.7 1976 2056.4 1976.9 2056.7 1977.6 c
2057 1978.3 2058.7 1979.2 2060.6 1979.6 c
2063 1980 2064 1980.8 2064 1982.1 c
2064 1983.6 2064.7 1984 2067.5 1984 c
2069.9 1984 2071.2 1984.6 2072 1986 c
2072.6 1987.1 2073.7 1988 2074.5 1988 c
2075.3 1988 2076 1988.6 2076 1989.4 c
2076 1990.2 2077.5 1991.1 2079.6 1991.4 c
2081.5 1991.8 2083.4 1992.8 2083.7 1993.6 c
2084 1994.4 2084.7 1994.9 2085.4 1994.8 c
2087.6 1994.4 2090.8 1996.1 2091.3 1998 c
2091.7 1999.5 2092.7 2000 2094.9 2000 c
2096.7 2000 2098.3 2000.6 2098.6 2001.4 c
2098.9 2002.2 2100.6 2003.1 2102.5 2003.4 c
2104.6 2003.8 2106 2004.7 2106.3 2006 c
2106.7 2007.5 2107.7 2008 2110.3 2008 c
2112.4 2008 2114 2008.6 2114.3 2009.4 c
2114.6 2010.2 2116.5 2011.2 2118.4 2011.5 c
2120.6 2012 2122 2012.9 2122.3 2014.1 c
2122.7 2015.5 2123.7 2016 2126.4 2016 c
2128.4 2016 2130 2016.5 2130 2017 c
2130 2017.6 2131.1 2018.5 2132.5 2019 c
2133.9 2019.5 2135 2020.6 2135 2021.5 c
2135 2022.3 2135.4 2023 2136 2023 c
2136.5 2023 2136.7 2022.3 2136.4 2021.5 c
2136 2020.7 2136.3 2020 2136.9 2020 c
2137.5 2020 2138 2020.6 2138 2021.3 c
2138 2022.8 2142.8 2024.9 2144.8 2024.2 c
2145.4 2024 2146 2022.9 2146 2021.9 c
h
448 2020 m
448 2017.8 447.6 2016 447 2016 c
446.4 2016 446 2017.8 446 2020 c
446 2022.2 446.4 2024 447 2024 c
447.6 2024 448 2022.2 448 2020 c
h
2200.3 1972.8 m
2201.2 1907.9 2201.2 1858.5 2200.3 1820.1 c
2199.7 1789.9 l 2189.1 1790.2 l
2178.5 1790.5 l 2178 1859.7 l
2177.7 1897.7 2177.2 1929.2 2176.8 1929.6 c
2176.3 1930 2176 1929.5 2176 1928.5 c
2176 1927.3 2175.7 1926.9 2175 1927.6 c
2174 1928.6 2173.4 2006.8 2174.5 2007.8 c
2174.9 2008.2 2175.5 2008.5 2175.8 2008.5 c
2177.4 2008.6 2182 2012.3 2182 2013.5 c
2182 2014.2 2183.4 2015 2185.1 2015.4 c
2188.8 2016.1 2193 2019.8 2193 2022.2 c
2193 2023.6 2193.8 2024 2196.3 2024 c
2199.7 2024 l 2200.3 1972.8 l
h
1441.5 2009.4 m
1442.9 2008.4 1446.8 2008 1454.5 2008 c
1468.2 2008 1473 2007.3 1472.3 2005.4 c
1471.8 2004 1479.1 2003.3 1487.7 2003.9 c
1490.1 2004 1491 2003.6 1491.5 2002 c
1491.8 2000.9 1492.6 2000 1493.1 2000 c
1494.6 2000 1494.1 1996.3 1492.5 1995.6 c
1490.4 1994.8 1482 1996.1 1482 1997.1 c
1482 1997.6 1482.6 1998.1 1483.2 1998.1 c
1487 1998.5 1473 1999.8 1464.2 1999.9 c
1457.2 2000 1451.2 2000.7 1445.7 2002.1 c
1439.9 2003.6 1435.7 2004.1 1431.3 2003.7 c
1421.8 2003 1420 2003.6 1420 2007.6 c
1420 2010.4 1420.4 2010.9 1422.8 2011.3 c
1427.7 2012 1439.5 2010.8 1441.5 2009.4 c
h
1925.1 2009.9 m
1925.6 2009.1 1926 2006.6 1926 2004.3 c
1926 2002 1926.5 1999.8 1927.1 1999.5 c
1927.7 1999.1 1927.9 1998.1 1927.5 1997.2 c
1926.5 1994.5 1929.2 1987 1931.2 1987 c
1934 1987 1933.3 1985.6 1930 1984.3 c
1928.3 1983.7 1927.1 1982.6 1927.2 1981.8 c
1927.4 1981 1926.3 1980.4 1924.2 1980.2 c
1921.8 1980 1921 1980.3 1921 1981.4 c
1921 1983.7 1918.3 1983.4 1917.7 1981 c
1917.4 1979.9 1916.3 1979 1915.2 1979 c
1914.1 1979 1912.7 1978.3 1912 1977.5 c
1911.2 1976.6 1909.1 1976 1906.5 1976 c
1903.6 1976 1902 1975.5 1901.6 1974.5 c
1901.3 1973.6 1899.7 1973 1897.5 1973 c
1894.7 1973 1894 1972.6 1894 1971.1 c
1894 1969.8 1893.1 1969.1 1890.8 1968.7 c
1886.8 1968.1 1886 1968.5 1886 1971.1 c
1886 1972.6 1886.7 1973 1889.9 1973 c
1892.4 1973 1894 1973.5 1894.4 1974.5 c
1894.7 1975.4 1896.3 1976 1898.5 1976 c
1900.8 1976 1902 1976.5 1902 1977.4 c
1902 1978.3 1903.5 1979.1 1906 1979.5 c
1908.9 1980 1910 1980.7 1910 1982 c
1910 1983.2 1911 1984 1913.4 1984.4 c
1915.3 1984.8 1917.1 1985.7 1917.4 1986.5 c
1917.7 1987.3 1918.6 1988 1919.5 1988 c
1923.8 1988 1919.4 1994.2 1914.5 1995.2 c
1913.3 1995.4 1912.5 1996.3 1912.5 1997.4 c
1912.5 1998.5 1911.9 1999.5 1911.2 1999.8 c
1910.5 2000 1910 1999.3 1910 1998.1 c
1910 1996.8 1909.4 1996 1908.4 1996 c
1905.5 1996 1893 1991.5 1893 1990.5 c
1893 1989.6 1885.3 1985 1883.8 1985 c
1882.5 1985 1881.8 1991.9 1882.7 1995.7 c
1883.5 1999.3 1883.8 1999.5 1888.8 2000.3 c
1891.7 2000.8 1894 2001.6 1894 2002.1 c
1894 2002.6 1895 2003 1896.2 2003 c
1900.2 2003 1903.1 2004.2 1902.6 2005.5 c
1902.1 2006.9 1904 2008 1906.7 2008 c
1907.5 2008 1909.3 2008.9 1910.6 2009.9 c
1913.5 2012.2 1923.6 2012.2 1925.1 2009.9 c
h
1982.6 2011 m
1983.4 2011 1984 2010.1 1984 2009.1 c
1984 2008 1984.6 2006.9 1985.2 2006.7 c
1987.5 2005.7 1980.3 2000 1976.9 2000 c
1974.7 2000 1973.7 1999.5 1973.3 1998 c
1973 1996.8 1971.9 1996 1970.6 1996 c
1969.5 1996 1967.2 1995.3 1965.5 1994.4 c
1963.8 1993.6 1960.4 1992.6 1957.8 1992.3 c
1954 1991.8 1953 1991.3 1953 1989.9 c
1953 1988.4 1952.2 1988 1949 1988 c
1946.5 1988 1944.8 1987.4 1944.2 1986.4 c
1943.7 1985.5 1941.8 1984.8 1939.9 1984.7 c
1936.7 1984.5 1936.5 1984.7 1936.2 1988.2 c
1935.9 1991.7 1936.1 1992 1938.5 1992 c
1939.9 1992 1941.3 1992.7 1941.6 1993.5 c
1942 1994.3 1943.3 1995 1944.5 1995 c
1948.1 1995 1950 1996.1 1950 1998.1 c
1950 1999.6 1950.7 2000 1953.4 2000 c
1955.2 2000 1957.3 2000.6 1957.9 2001.4 c
1958.5 2002.1 1960.8 2003 1963 2003.4 c
1966.1 2003.9 1967 2004.5 1967 2006 c
1967 2007.6 1967.7 2008 1970.5 2008 c
1972.3 2008 1974.3 2008.6 1974.7 2009.4 c
1975.7 2011 1978.1 2012 1979.8 2011.4 c
1980.6 2011.2 1981.8 2011 1982.6 2011 c
h
1568.2 2007.3 m
1574.4 2006.9 1576.7 2006.4 1576.4 2005.5 c
1575.8 2004 1582.8 2002.7 1586.3 2003.5 c
1589 2004.2 1592.3 2001.4 1589.9 2000.5 c
1586.9 1999.5 1564.3 2000.5 1562.8 2001.8 c
1561.7 2002.6 1557.1 2003.1 1548.9 2003.3 c
1535.9 2003.5 1533.7 2004.1 1534.7 2006.6 c
1535.3 2008.2 1549.2 2008.5 1568.2 2007.3 c
h
1531.4 1999.8 m
1532 1998.1 1532 1995.3 1531.4 1992.3 c
1530.6 1988.2 1530.1 1987.4 1528 1987.2 c
1526.6 1987 1525 1986.4 1524.5 1985.9 c
1523.9 1985.5 1521.5 1984.8 1519.1 1984.4 c
1516.2 1983.9 1514.6 1983.1 1514.3 1982 c
1514 1980.7 1512.4 1980 1508.7 1979.6 c
1505.9 1979.2 1502.9 1978.4 1502.2 1977.8 c
1500.1 1976 1499.1 1978.6 1499.4 1985 c
1499.8 1992.6 1501.1 1994.7 1506 1995.5 c
1508.9 1996 1510 1996.7 1510 1997.9 c
1510 1999.4 1511.2 1999.8 1516.2 2000.4 c
1519.6 2000.7 1522.9 2001.5 1523.5 2002.1 c
1525.5 2004.1 1530.4 2002.7 1531.4 1999.8 c
h
2170 1962.1 m
2170 1935.8 2169.6 1920.9 2169 1920.5 c
2168.4 1920.2 2168 1920.5 2168 1921.2 c
2168 1921.9 2167.4 1921.4 2166.7 1920 c
2165.8 1918.2 2165.6 1912.2 2165.8 1897.8 c
2166.2 1879.5 2166.3 1878 2168 1878 c
2170.8 1878 2171.3 1866.8 2170.5 1828.9 c
2169.8 1799.6 2169.6 1796 2168.1 1795.9 c
2167.2 1795.8 2164.9 1795.7 2163 1795.5 c
2160.9 1795.3 2159.2 1795.8 2158.5 1796.6 c
2157.7 1797.7 2153.8 1798 2141.8 1798.2 c
2126.9 1798.5 2126.1 1798.6 2125.8 1800.5 c
2125.5 1802.3 2124.5 1802.5 2114.5 1803 c
2108.4 1803.3 2102.8 1804 2102 1804.5 c
2101.2 1805 2098.2 1805.7 2095.5 1806 c
2090.5 1806.5 l 2090.8 1881.5 l
2091.1 1954 2091.1 1956.5 2093 1958.2 c
2094 1959.2 2095.6 1960 2096.5 1960 c
2099 1960 2102 1961.9 2102 1963.5 c
2102 1964.3 2102.8 1965 2103.7 1965 c
2104.6 1965 2106.1 1965.7 2107.1 1966.6 c
2108 1967.4 2109.8 1968.2 2111 1968.3 c
2112.3 1968.4 2113.6 1969.4 2114.1 1970.7 c
2114.6 1972 2115.6 1973 2116.4 1973 c
2117.1 1973 2118 1973.7 2118.4 1974.5 c
2118.7 1975.4 2120.2 1976 2121.9 1976 c
2123.9 1976 2125.3 1976.7 2126 1978 c
2126.6 1979.1 2127.4 1979.9 2127.8 1979.9 c
2130.5 1979.5 2132.1 1980.2 2131.8 1981.8 c
2131.6 1983 2132.3 1983.6 2134.5 1983.8 c
2136.2 1984 2137.8 1984.8 2138.3 1985.5 c
2138.7 1986.3 2140.6 1987.2 2142.5 1987.6 c
2145 1988 2146 1988.7 2146 1990.1 c
2146 1991.3 2146.7 1992 2148 1992 c
2149.1 1992 2150 1992.6 2150 1993.4 c
2150 1994.2 2151.5 1995.1 2153.4 1995.4 c
2155.6 1995.8 2157 1996.7 2157.3 1998 c
2157.6 1999.3 2158.7 2000 2160.3 2000 c
2161.6 2000 2163.3 2000.7 2164 2001.5 c
2164.7 2002.3 2166.3 2003 2167.6 2003 c
2170 2003 l 2170 1962.1 l
h
2237 2001.1 m
2236.2 1999.5 2235.1 1999.1 2232.8 1999.3 c
2230.3 1999.4 2229.5 1999.1 2229.2 1997.6 c
2228.8 1996 2229.2 1995.8 2232 1996.4 c
2238.3 1997.6 2238 2002 2237.9 1919.1 c
2237.7 1835.8 2237.5 1829.7 2234.6 1829.2 c
2232.3 1828.7 2229.6 1826.2 2228.7 1823.7 c
2227.6 1820.6 2224.8 1822.1 2224.4 1826 c
2224.2 1827.9 2223.6 1833.3 2223 1838 c
2222.5 1842.7 2221.9 1878.4 2221.8 1918.7 c
2221.5 1989.9 2221.5 1990.9 2223.5 1992.4 c
2225.9 1994.1 2225.6 1994.5 2221.3 1995.3 c
2218.7 1995.8 2217.8 1995.5 2217 1994 c
2216.3 1992.8 2216 1963.1 2216 1907.5 c
2216 1823.5 2216 1822.8 2218 1822.3 c
2219.1 1822 2220.3 1820.6 2220.6 1819.1 c
2221.5 1814.8 2221.9 1814 2222.9 1814 c
2223.4 1814 2224 1815 2224.2 1816.2 c
2224.4 1817.9 2225.3 1818.6 2227.5 1818.8 c
2229.1 1819 2230.7 1819.5 2231 1819.9 c
2231.3 1820.4 2232.8 1821.1 2234.5 1821.7 c
2236.2 1822.2 2237.5 1823.1 2237.6 1823.6 c
2237.7 1825.4 2241.5 1831 2242.7 1831 c
2244.9 1831 2245.1 1841.1 2244.8 1922 c
2244.5 2002.5 l 2241.3 2002.8 l
2238.9 2003 2237.9 2002.6 2237 2001.1 c
h
1432.4 1999.4 m
1433.2 1999.1 1433.7 1998.3 1433.4 1997.5 c
1433 1996.5 1436.2 1996.1 1447.7 1995.6 c
1455.8 1995.2 1464 1994.4 1465.9 1993.8 c
1467.7 1993.2 1474.4 1992.5 1480.8 1992.1 c
1492.3 1991.5 l 1493.7 1987.5 l
1494.5 1985.3 1494.9 1981.9 1494.8 1980 c
1494.5 1976.5 l 1484.5 1976.9 l
1479 1977.1 1473.8 1977.6 1472.9 1978.1 c
1472 1978.5 1463.1 1979.2 1453.2 1979.6 c
1439.9 1980.1 1435 1980.6 1435 1981.5 c
1435 1982.3 1432.2 1983 1426.8 1983.4 c
1422.2 1983.8 1417.5 1984.8 1416.2 1985.6 c
1415 1986.4 1414 1986.7 1414 1986.3 c
1414 1985.8 1413.5 1986.3 1412.9 1987.2 c
1411.7 1989.4 1412.8 1996.9 1414.1 1994.8 c
1414.8 1993.8 1415 1993.8 1415.1 1995 c
1415.2 1995.8 1415.4 1997 1415.5 1997.5 c
1415.7 1998 1415.8 1998.8 1415.9 1999.2 c
1416 2000.1 1430.1 2000.3 1432.4 1999.4 c
h
1992 1996 m
1992.4 1994 1992.9 1991.9 1993.3 1991.3 c
1994.5 1989.3 1991.2 1984.5 1988.3 1984 c
1986.4 1983.6 1985.6 1982.9 1985.8 1981.8 c
1986 1980.6 1985 1980 1982.1 1979.5 c
1979.9 1979.1 1977.6 1978.2 1976.9 1977.4 c
1976.3 1976.6 1974.3 1976 1972.4 1976 c
1970.6 1976 1968.8 1975.6 1968.5 1975 c
1968.2 1974.5 1966.2 1973.6 1964.1 1973 c
1961.6 1972.4 1960 1971.3 1959.7 1970 c
1959.3 1968.5 1958.3 1968 1955.8 1968 c
1954 1968 1951.6 1967.3 1950.6 1966.5 c
1949.5 1965.7 1947.6 1965 1946.3 1965 c
1944.7 1965 1944 1964.4 1944 1963 c
1944 1961.9 1943.6 1961 1943.1 1961 c
1940.9 1961 1940.1 1977 1942.2 1978.8 c
1942.9 1979.4 1944.8 1980 1946.5 1980.2 c
1948.3 1980.4 1949.5 1981.1 1949.5 1982 c
1949.5 1983 1950.9 1983.7 1953.8 1984.1 c
1956.2 1984.4 1958.5 1985.1 1958.8 1985.7 c
1959.2 1986.3 1961.4 1987.1 1963.8 1987.5 c
1967 1988 1968 1988.6 1968 1990.1 c
1968 1991.6 1968.7 1992 1971.8 1992 c
1973.9 1992 1976 1992.4 1976.5 1992.9 c
1977.1 1993.4 1979.1 1994.3 1981.1 1994.9 c
1983.4 1995.6 1985 1996.9 1985.3 1998.1 c
1985.7 1999.7 1986.5 2000.1 1988.7 1999.8 c
1991 1999.6 1991.6 1998.9 1992 1996 c
h
2056.5 1998.3 m
2056.1 1996.9 2054.7 1996 2052.4 1995.5 c
2050.5 1995.2 2048.6 1994.2 2048.3 1993.4 c
2048 1992.6 2046.4 1992 2044.4 1992 c
2041.7 1992 2041 1991.6 2041 1990 c
2041 1988.6 2040.3 1988 2038.9 1988 c
2037.8 1988 2035.7 1987.1 2034.3 1986 c
2032.9 1984.9 2030.7 1984 2029.4 1984 c
2027.7 1984 2027 1983.4 2027 1982 c
2027 1980.8 2026.3 1980 2025.2 1979.9 c
2021.7 1979.8 2019.5 1979.1 2019.2 1978.1 c
2019 1977.5 2017.1 1976.7 2014.9 1976.4 c
2012.8 1976 2011 1975.4 2011 1974.9 c
2011 1974.5 2009.4 1973.8 2007.4 1973.4 c
2005.1 1973 2003.6 1972.1 2003.3 1970.9 c
2003 1969.9 2001.5 1968.8 1999.7 1968.4 c
1998 1968.1 1995.3 1966.9 1993.7 1965.9 c
1992 1964.9 1990.2 1964.4 1989.8 1964.7 c
1989.3 1965 1988.6 1964.3 1988.4 1963.2 c
1987.8 1961.2 1980.6 1957 1977.5 1957 c
1976.6 1957 1975.6 1956.1 1975.3 1955 c
1975 1953.7 1973.6 1952.8 1971.4 1952.4 c
1969.3 1952 1968 1951.2 1968 1950.2 c
1968 1949 1969.1 1948.8 1974.1 1949.3 c
1977.5 1949.6 1980.6 1950.3 1980.9 1950.8 c
1981.2 1951.3 1982.7 1952 1984.1 1952.3 c
1985.6 1952.7 1987 1953.9 1987.3 1955 c
1987.6 1956.2 1988.6 1957 1990 1957 c
1991.2 1957 1993.4 1957.6 1994.8 1958.4 c
1996.3 1959.2 1998.7 1960.1 2000.2 1960.4 c
2002.1 1960.8 2002.8 1961.5 2002.4 1962.5 c
2002 1963.4 2002.7 1964.1 2004.7 1964.6 c
2006.2 1965 2008.4 1965.9 2009.5 1966.6 c
2010.6 1967.4 2012.4 1968 2013.7 1968 c
2015.2 1968 2016 1968.7 2016.2 1970.2 c
2016.4 1972 2017.3 1972.6 2020 1972.8 c
2021.9 1973 2023.8 1973.8 2024.3 1974.5 c
2024.7 1975.3 2026.6 1976.2 2028.5 1976.6 c
2030.3 1976.9 2032.1 1977.8 2032.4 1978.6 c
2032.7 1979.4 2033.6 1980 2034.5 1980 c
2035.3 1980 2036 1980.9 2036 1982 c
2036 1983.6 2036.7 1984 2039 1984 c
2040.7 1984 2042.3 1984.6 2042.6 1985.4 c
2042.9 1986.2 2044.7 1987.1 2046.6 1987.4 c
2049.1 1987.9 2050 1988.6 2050 1990 c
2050 1991.5 2050.7 1992 2053 1992 c
2056.3 1992 2058.4 1994.8 2057.7 1998.3 c
2057.3 2000.5 l 2056.5 1998.3 l
h
1589.8 1993.7 m
1590.8 1992.9 1596.4 1992.4 1606.4 1992.2 c
1623.9 1991.9 1626.2 1991.6 1625.4 1989.5 c
1624.9 1988.3 1626.1 1988 1632.1 1987.9 c
1646.3 1987.8 1660.6 1986.9 1670.6 1985.5 c
1676.2 1984.7 1686.9 1984 1694.4 1984 c
1707 1984 1708 1983.9 1708 1982.2 c
1708 1980.5 1709.3 1980.3 1723.1 1979.7 c
1731.4 1979.4 1738.7 1978.7 1739.4 1978.1 c
1740.1 1977.5 1748 1976.7 1757.6 1976.4 c
1767.9 1976 1777 1975.1 1781 1974.1 c
1787.4 1972.4 1787.5 1972.4 1787.5 1969 c
1787.5 1963.7 1787.1 1963.7 1754 1967.1 c
1747.7 1967.8 1738.5 1968.4 1733.5 1968.5 c
1721.4 1968.7 1721.3 1968.7 1720.7 1971 c
1720.2 1972.9 1719.3 1973 1706.7 1973 c
1699.2 1973 1691.9 1973.5 1690.4 1974 c
1688.9 1974.6 1678.5 1975.5 1667.2 1976 c
1655.9 1976.6 1646.3 1977.4 1646 1978 c
1645.7 1978.5 1636.4 1979.3 1625.5 1979.7 c
1610.9 1980.3 1605.6 1980.8 1605.7 1981.7 c
1606 1983.1 1601.8 1983.7 1585 1984.5 c
1578.1 1984.8 1572.1 1985.5 1571.6 1986 c
1571 1986.6 1565.6 1987 1559.5 1987 c
1546.9 1987 1542.3 1985.6 1551.6 1984.5 c
1559.3 1983.6 1560.1 1983.4 1559.4 1981.5 c
1558.9 1980.2 1560.7 1980 1574.1 1980 c
1585.5 1980 1590.2 1979.6 1592.2 1978.6 c
1594.1 1977.6 1600.1 1977 1611.6 1976.6 c
1620.7 1976.2 1628.9 1975.6 1629.8 1975.1 c
1631.3 1974.3 1647.6 1973.3 1665.2 1972.8 c
1671 1972.6 1672 1972.3 1672 1970.8 c
1672 1969.8 1672.3 1969 1672.8 1968.9 c
1673.2 1968.9 1678.7 1968.7 1685 1968.6 c
1692.1 1968.5 1697.4 1967.9 1698.9 1967.1 c
1700.7 1966.1 1701.8 1966.1 1703.7 1966.9 c
1706.7 1968.3 1711.3 1968.3 1712.6 1967 c
1713.2 1966.4 1718.1 1965.7 1723.6 1965.4 c
1737.3 1964.7 1740.3 1964.2 1739.7 1962.5 c
1739.2 1961.5 1743.2 1961.1 1759.8 1960.5 c
1771.2 1960.1 1781 1959.4 1781.5 1959 c
1782 1958.6 1783.7 1958 1785.2 1957.6 c
1786.8 1957.3 1788 1956.3 1788 1955.5 c
1788 1953.5 1788.8 1953.2 1797.1 1952.5 c
1801.1 1952.1 1804.8 1951.3 1805.2 1950.7 c
1806.4 1948.8 1806.2 1858.2 1805 1857.8 c
1804.4 1857.6 1803.6 1854.8 1803.3 1851.6 c
1802.8 1847.2 1802.3 1845.6 1801 1845.3 c
1799.6 1844.9 1799.1 1843.3 1798.5 1838.4 c
1798.2 1834.9 1798.1 1831.3 1798.4 1830.3 c
1799 1828.5 1803.2 1826 1805.7 1826 c
1807.2 1826 1807.5 1829.1 1806.1 1830.5 c
1805.6 1831.1 1805.5 1834.7 1805.9 1838.5 c
1806.5 1845.5 l 1811.7 1845.8 l
1814.7 1846 1817.9 1845.6 1819.2 1844.8 c
1820.5 1844.1 1826.2 1843.3 1832 1843 c
1840.4 1842.6 1842.5 1842.2 1842.5 1841 c
1842.5 1838.3 1844.3 1838 1859.7 1838 c
1868 1838 1875.6 1837.7 1876.4 1837.4 c
1877.3 1837 1878.3 1835.1 1878.6 1832.9 c
1879 1830.6 1879.8 1829 1880.6 1829 c
1881.6 1829 1882 1827.6 1882 1823.9 c
1882 1818.9 l 1870.2 1819.1 l
1858.5 1819.2 l 1858.5 1816.4 l
1858.5 1813.5 l 1866.4 1813.5 l
1874.3 1813.5 l 1875.1 1810.5 l
1875.6 1808.8 1875.5 1807.1 1875 1806.6 c
1874.4 1806 1873.9 1796.9 1873.9 1785.1 c
1873.8 1773.7 1873.4 1763.2 1873 1761.5 c
1872.2 1758.5 l 1872 1761.5 l
1871.8 1764.3 1871.7 1764.2 1870.9 1760.5 c
1870.5 1758.3 1870.1 1743.6 1870.1 1727.9 c
1870 1698.9 1869.5 1690 1867.8 1690 c
1867.3 1690 1867 1690.8 1867.1 1691.8 c
1867.7 1696 1865.8 1703.8 1864.1 1704.3 c
1862.8 1704.6 1862.1 1706.1 1861.7 1709.6 c
1861.4 1712.3 1860.7 1714.6 1860.1 1714.8 c
1859.5 1715 1859 1716.4 1859 1717.8 c
1859 1724.1 1857.8 1728 1855.9 1728 c
1854.4 1728 1854 1728.7 1854 1731.4 c
1854 1733.2 1853.4 1735.3 1852.6 1735.9 c
1851.8 1736.6 1850.9 1740.2 1850.5 1744.6 c
1849.9 1750.8 1849.5 1752 1848.2 1751.8 c
1847 1751.6 1846.4 1752.3 1846.2 1754 c
1846 1755.4 1845.2 1757.2 1844.5 1758 c
1843.8 1758.8 1842.9 1762 1842.6 1765.1 c
1842 1769.6 1841.5 1770.9 1839.9 1771.3 c
1838.4 1771.7 1838 1772.7 1838 1776.7 c
1838 1779.4 1837.7 1782 1837.3 1782.4 c
1836.1 1783.6 1834.1 1791.1 1834.6 1792.4 c
1834.9 1793.1 1834.4 1794.3 1833.5 1795 c
1832.7 1795.7 1832 1795.9 1832 1795.4 c
1831.9 1793 1830 1797.9 1830 1800.4 c
1830 1802 1829.4 1804.1 1828.6 1804.9 c
1826.7 1807.2 1825.8 1817.4 1827.4 1819.6 c
1828.3 1820.8 1828.9 1821 1829.4 1820.2 c
1829.8 1819.5 1831.4 1819 1832.9 1819 c
1838.3 1819 1841.8 1817.8 1842.3 1815.9 c
1843.1 1813 1846 1813.5 1846 1816.5 c
1846 1818.8 1846.4 1819 1850 1819 c
1854 1819 1855.3 1820.3 1852.4 1821.4 c
1851.5 1821.7 1846.1 1822 1840.4 1822 c
1830.7 1822 1830 1822.1 1830 1824 c
1830 1826.1 1829.7 1826.2 1816 1826.5 c
1810.7 1826.6 1806 1825.4 1806 1824 c
1806 1823.6 1808.5 1823 1811.6 1822.7 c
1818.3 1822 1818.8 1821.6 1819.4 1816.5 c
1820 1811.3 1823.8 1797.9 1823.9 1800.5 c
1824.1 1803.9 1827 1797.3 1827 1793.5 c
1827 1791.6 1827.6 1790 1828.4 1789.7 c
1829.4 1789.3 1830 1787.3 1830.2 1783.8 c
1830.4 1779.9 1830.9 1778.5 1832 1778.5 c
1833 1778.5 1833.8 1776.7 1834.5 1772.6 c
1835 1769.3 1836.1 1766.5 1836.8 1766.2 c
1837.6 1766 1838 1763.8 1838 1760.3 c
1838 1754.8 l 1834.9 1755.4 l
1832.7 1755.8 1830.5 1755.4 1827.6 1753.9 c
1825.4 1752.7 1822.8 1751.4 1822 1751 c
1819.2 1749.6 1820.5 1748.5 1825.2 1748.2 c
1828.9 1748 1829.9 1748.2 1830.2 1749.6 c
1830.4 1750.7 1831.7 1751.4 1834 1751.6 c
1835.9 1751.9 1838 1752.7 1838.6 1753.5 c
1840.9 1756.6 1843 1754.5 1843 1749.1 c
1843 1747.6 1843.4 1746 1844 1745.4 c
1844.5 1744.9 1845.3 1741.7 1845.6 1738.4 c
1846.1 1733.3 1846 1732.2 1844.6 1731.7 c
1843.1 1731.1 1843 1722.5 1843 1631.5 c
1843 1552.7 1842.7 1531.8 1841.8 1531.5 c
1840.1 1530.9 1829.9 1530.1 1823.1 1530.1 c
1819 1530 1817.9 1529.7 1818.3 1528.6 c
1818.7 1527.6 1817.2 1527.1 1811.7 1526.6 c
1805.7 1526.1 1785.3 1525.7 1774.8 1525.9 c
1772.2 1526 l 1772.2 1550.9 l
1772.2 1564.6 1772.6 1576.4 1773.1 1577.1 c
1773.8 1578.3 1774 1578.2 1774 1577 c
1774 1575.8 1774.2 1575.7 1774.9 1576.9 c
1775.4 1577.6 1775.8 1616.2 1775.9 1662.7 c
1776.1 1747.2 l 1774 1747.7 l
1772.3 1748.2 1771.9 1748.9 1772.2 1751.9 c
1772.4 1754.2 1773 1755.5 1774 1755.5 c
1774.7 1755.5 1776.3 1757.4 1777.4 1759.6 c
1778.5 1761.9 1780.2 1764.3 1781.1 1764.9 c
1782.2 1765.5 1788.5 1766 1796.7 1766.1 c
1814.9 1766.2 1818.7 1766.7 1819.3 1769.1 c
1819.7 1770.5 1820.7 1771 1823.7 1771 c
1828.3 1771 1831.4 1772.5 1828.8 1773.5 c
1826.5 1774.4 1813.4 1773.5 1808.5 1772.2 c
1803.5 1770.8 1781.3 1770.6 1780.5 1772 c
1780.2 1772.6 1779.9 1784.3 1780 1798 c
1780.1 1821.5 1779.5 1828.6 1776.8 1839.5 c
1776.3 1841.7 1775.9 1844.4 1775.9 1845.5 c
1775.9 1846.6 1776 1850.8 1776 1854.8 c
1776.1 1862 l 1786.4 1862 l
1797.5 1862 1803 1862.7 1803 1864.1 c
1803 1864.6 1802.1 1865 1800.9 1865 c
1799.7 1865 1798.6 1865.8 1798.3 1867 c
1797.9 1868.5 1797 1868.9 1794.1 1868.8 c
1792.1 1868.7 1783.5 1869 1775 1869.4 c
1766.5 1869.8 1756.4 1870.3 1752.7 1870.4 c
1748.9 1870.6 1745.4 1871.2 1744.7 1871.9 c
1744.1 1872.5 1740.6 1873 1736.8 1873 c
1730.4 1873 1729.9 1873.2 1729 1875.5 c
1728.4 1877.2 1727.2 1878 1725.5 1878.2 c
1724.1 1878.2 1722.5 1878.3 1721.8 1878.4 c
1721.1 1878.5 1720 1877.4 1719.3 1876 c
1718.5 1874.4 1718 1874.1 1718 1875.1 c
1718 1877.2 1709.7 1878.5 1698.2 1878.1 c
1693.7 1877.9 1689.4 1878.2 1688.7 1878.8 c
1685.6 1881.2 1680 1881.1 1680 1878.6 c
1680 1876.6 1673.9 1877.1 1671.8 1879.2 c
1670.8 1880.2 1668.8 1881 1667.4 1881 c
1665.7 1881 1664.6 1881.6 1664.3 1882.9 c
1663.9 1884.5 1662.4 1884.8 1651.3 1885.3 c
1644.4 1885.6 1638.5 1886.1 1638.3 1886.4 c
1636.9 1887.7 1637.7 1895 1639.3 1896.8 c
1640.9 1898.6 1641.1 1901.3 1640.8 1930.8 c
1640.6 1948.4 1640.2 1963.2 1639.8 1963.6 c
1637.8 1965.5 1637.5 1960.8 1637.8 1932.5 c
1638.1 1902.1 l 1635.3 1901.8 l
1633.3 1901.6 1632.4 1900.9 1632.2 1899.2 c
1631.8 1896.5 1630 1896.2 1630 1898.9 c
1630 1900.9 1626.1 1902 1618 1902 c
1615.5 1902 1612.2 1902.7 1610.6 1903.5 c
1608.7 1904.5 1604.8 1905 1598.9 1905 c
1592.5 1905 1590 1905.3 1590 1906.2 c
1590 1906.9 1587.6 1908.3 1584.7 1909.2 c
1577.4 1911.5 1576.4 1910.5 1577.7 1901.5 c
1578.5 1896.4 1578.4 1894.7 1577.4 1894.3 c
1576.1 1893.8 1561.2 1894.5 1549.8 1895.5 c
1543.2 1896.2 1543.1 1896.1 1542.4 1893.6 c
1541.4 1889.6 1542.6 1889 1551.8 1888.9 c
1559.6 1888.9 1568.1 1888.1 1576.5 1886.6 c
1578.2 1886.3 1587.8 1885.8 1598 1885.5 c
1615.1 1884.9 1616.5 1884.8 1617.2 1882.9 c
1617.9 1881 1618.3 1880.9 1629 1880.6 c
1633.2 1880.4 1632.7 1878.6 1628.2 1877.5 c
1625.8 1876.9 1624.3 1876.1 1624.7 1875.7 c
1625.9 1874.4 1622.8 1873 1618.7 1873 c
1616.3 1873 1614.7 1872.5 1614.4 1871.5 c
1614 1870.6 1612.5 1870 1610.4 1870 c
1608.2 1870 1606.7 1869.4 1606.4 1868.5 c
1606 1867.7 1604.6 1867 1603 1867 c
1599 1867 1597 1866 1597 1864.1 c
1597 1862.9 1595.8 1862.4 1591.8 1862.2 c
1588.8 1862 1585.8 1861.2 1584.8 1860.3 c
1583.8 1859.4 1581.3 1858.4 1579.2 1858.1 c
1576.6 1857.6 1575.6 1857 1575.8 1855.8 c
1576 1854.6 1574.9 1854.1 1571.6 1853.6 c
1569.2 1853.2 1566.6 1852.2 1566 1851.5 c
1565.3 1850.7 1563.5 1850 1561.9 1850 c
1559.7 1850 1559 1849.5 1559 1848 c
1559 1846.2 1558.5 1846 1554.8 1846.2 c
1550.8 1846.5 1550.5 1846.7 1550.3 1849.8 c
1550.1 1852.5 1550.5 1853.2 1552.5 1854 c
1554 1854.6 1555 1855.7 1555 1856.8 c
1555 1858.4 1555.9 1858.8 1559.6 1859.3 c
1562.3 1859.6 1564.6 1860.5 1565.4 1861.5 c
1566.1 1862.5 1567.1 1863 1567.6 1862.7 c
1569 1861.9 1571.4 1863.6 1570.6 1864.9 c
1570.2 1865.5 1568.6 1866 1566.9 1866 c
1564.7 1866 1564 1865.5 1564 1864 c
1564 1862.4 1563.3 1862 1560.9 1862 c
1559.2 1862 1556.5 1861.2 1555 1860.3 c
1552.3 1858.8 1552 1858.8 1549.6 1860.4 c
1547.9 1861.5 1547 1863 1547 1864.8 c
1547 1870.7 1542.5 1871.9 1540.2 1866.6 c
1539.1 1864 1539.2 1863.5 1541 1861.8 c
1542.1 1860.8 1543 1859.5 1543 1859 c
1543 1858.4 1543.6 1858 1544.4 1858 c
1545.4 1858 1546.1 1856.4 1546.5 1853.2 c
1546.8 1850.6 1547.3 1847.6 1547.5 1846.6 c
1548 1844.2 1546.3 1842 1544 1842 c
1543 1842 1542 1841.1 1541.7 1840 c
1541.3 1838.6 1540.3 1838 1538.2 1838 c
1536.6 1838 1534.7 1837.3 1534 1836.5 c
1533.3 1835.7 1531.6 1835 1530.1 1835 c
1526.8 1835 1524.5 1833.6 1525.4 1832.1 c
1525.8 1831.5 1526 1831 1525.8 1831 c
1520 1830.2 1517.1 1829.6 1515.5 1828.6 c
1514.4 1827.9 1511.8 1827 1509.7 1826.6 c
1507.1 1826.1 1506 1825.5 1506.3 1824.5 c
1506.7 1823.6 1505.4 1822.8 1502.2 1822 c
1498.8 1821.2 1498 1820.6 1499 1819.9 c
1501.3 1818.5 1506.4 1818.8 1508.6 1820.5 c
1509.6 1821.3 1512.4 1822 1514.8 1822 c
1518.3 1822 1519 1822.3 1519 1824 c
1519 1825.3 1519.7 1826 1521 1826 c
1522.8 1826 1523 1825.3 1523 1820 c
1523 1813.7 1521.5 1811.5 1518.7 1813.8 c
1516.1 1816 1509.4 1812.3 1507.7 1807.8 c
1506.7 1805.1 1500 1805.3 1499.3 1808 c
1499 1809.1 1497.9 1810 1496.9 1810 c
1494.3 1810 1493.9 1811.2 1494.9 1816.3 c
1495.9 1821.8 1495.7 1821.9 1482 1822.1 c
1473.8 1822.2 1463.9 1823.6 1469.2 1823.9 c
1470.2 1824 1471 1824.4 1471 1824.8 c
1471 1825.7 1470.6 1825.7 1459.5 1826.3 c
1447.3 1827 1437.9 1828 1434 1829 c
1432.1 1829.5 1429.3 1830.1 1427.9 1830.4 c
1426.4 1830.7 1425 1831.8 1424.7 1833 c
1424.4 1834.2 1423.4 1835 1422 1835 c
1420.2 1835 1419.9 1835.4 1420.4 1837.2 c
1420.7 1838.5 1421 1840.3 1421 1841.2 c
1421 1842.3 1421.5 1842.7 1422.4 1842.4 c
1423.8 1841.9 1425 1845.8 1425 1850.9 c
1425 1852.4 1425.4 1854 1425.9 1854.5 c
1426.4 1855.1 1427.1 1858.1 1427.4 1861.3 c
1427.7 1864.4 1428.2 1867.5 1428.5 1868 c
1429.3 1869.3 1434.3 1869.3 1435.6 1868 c
1436.1 1867.5 1439.9 1866.8 1444 1866.4 c
1449.1 1866 1451.9 1865.2 1452.8 1864.1 c
1453.8 1862.9 1456.5 1862.4 1464.4 1862 c
1470.2 1861.7 1475.3 1861 1476.1 1860.3 c
1476.9 1859.6 1480.7 1859 1484.5 1858.8 c
1491.5 1858.5 l 1491.8 1854.9 l
1492.2 1850.2 1490.4 1848.7 1485.9 1850 c
1484.1 1850.6 1478.8 1851 1474.2 1851 c
1468.4 1851 1465.4 1851.4 1464.5 1852.4 c
1462.8 1854 1441.5 1854.7 1440.6 1853.1 c
1439.7 1851.7 1441.9 1850.6 1447 1850 c
1450.1 1849.7 1451.5 1849 1451.5 1848 c
1451.5 1846.8 1453.9 1846.4 1464.5 1845.9 c
1471.7 1845.6 1479.3 1844.8 1481.5 1844.2 c
1483.7 1843.6 1487.2 1843 1489.2 1843 c
1493.1 1843 1494.6 1841.7 1494.2 1838.5 c
1494.1 1837.4 1494.4 1835.8 1495 1835 c
1496.4 1832.7 1499.5 1835.1 1499.6 1838.6 c
1499.9 1846 1499.9 1845.9 1503.2 1846.2 c
1505.3 1846.4 1506.5 1847 1506.5 1848 c
1506.5 1849 1508.1 1849.8 1511.5 1850.4 c
1514.2 1850.9 1516.7 1851.6 1517 1852 c
1517.3 1852.3 1519.5 1853.1 1522 1853.6 c
1524.9 1854.2 1526.5 1855 1526.5 1856 c
1526.5 1856.9 1528.1 1857.7 1530.8 1858.3 c
1533.4 1858.8 1535 1859.7 1535 1860.6 c
1535 1862.5 1527.8 1862.5 1523.9 1860.4 c
1522.2 1859.6 1518.7 1858.6 1515.9 1858.3 c
1512 1857.8 1511 1857.3 1511 1855.9 c
1511 1854.4 1510.2 1854 1507 1854 c
1504.4 1854 1502.8 1853.4 1502.1 1852.2 c
1501.1 1850.6 1500.9 1850.6 1499.5 1852.4 c
1498.7 1853.5 1497.4 1854 1496.5 1853.7 c
1495.3 1853.2 1495 1853.9 1495 1857.5 c
1495 1861.9 1495.1 1862 1498.1 1862 c
1500.3 1862 1501.3 1862.5 1501.7 1864 c
1502.1 1865.6 1503.1 1866 1506 1866 c
1508.2 1866 1510 1866.5 1510.3 1867.3 c
1510.6 1868 1513.3 1869.2 1516.4 1869.9 c
1519.5 1870.6 1522.2 1871.6 1522.5 1872.1 c
1522.9 1872.6 1524.4 1873 1526 1873 c
1529.8 1873 1532 1873.9 1532 1875.6 c
1532 1877.3 1536.1 1878.4 1539 1877.5 c
1540.8 1876.9 1541.1 1877.2 1540.8 1878.7 c
1540.4 1881.1 1532.3 1881.7 1527.8 1879.6 c
1526 1878.8 1522.6 1877.9 1520.3 1877.5 c
1517.4 1877 1516 1876.3 1515.7 1874.9 c
1515.3 1873.6 1514.3 1873 1512.3 1873 c
1510.8 1873 1508.6 1872.3 1507.6 1871.5 c
1506.5 1870.7 1504.7 1870 1503.5 1870 c
1502.3 1870 1500.5 1869.3 1499.4 1868.5 c
1494.9 1865.1 1495 1864 1495 1919.5 c
1495 1960.7 1495.3 1972.1 1496.2 1972.4 c
1498.1 1972.9 1507.8 1974.9 1513 1975.9 c
1515.4 1976.4 1517.6 1977.3 1517.8 1977.9 c
1518 1978.5 1519.4 1979 1521 1979 c
1525.1 1979 1527 1980 1527 1982.1 c
1527 1983.3 1527.7 1984 1528.8 1984 c
1529.9 1984 1531.5 1984.9 1532.5 1986 c
1533.5 1987.1 1535.1 1988 1536.2 1988 c
1537.3 1988 1538 1988.7 1538 1990 c
1538 1991.4 1537.4 1992 1536.2 1991.8 c
1533.5 1991.3 1534.2 1994.3 1537 1995.2 c
1541.1 1996.4 1588.1 1995.1 1589.8 1993.7 c
h
1727.9 1991 m
1729.7 1991 1730.1 1990.7 1729.1 1990.1 c
1726.4 1988.4 1730.3 1987.9 1752.3 1987.2 c
1764.5 1986.8 1775.2 1986 1776 1985.5 c
1777.9 1984.3 1777.8 1984.3 1787.2 1984.2 c
1795 1984 l 1795 1980.5 l
1795 1978.1 1794.5 1977 1793.6 1977 c
1792.8 1977 1791.5 1976.7 1790.7 1976.4 c
1789.9 1976.1 1788.5 1976.6 1787.6 1977.5 c
1786.3 1978.8 1783.1 1979.3 1772.7 1979.8 c
1763.7 1980.3 1759.5 1980.9 1759.5 1981.7 c
1759.5 1983.9 1758 1984.1 1742 1984.1 c
1724.6 1984 1718.2 1985 1715.4 1988.2 c
1712.9 1990.9 1715.1 1992.3 1720.9 1991.5 c
1723.3 1991.2 1726.5 1991 1727.9 1991 c
h
1913 1990.1 m
1913 1988.6 1912 1988 1909.1 1987.5 c
1906.9 1987.1 1904.9 1986.2 1904.6 1985.5 c
1904.3 1984.7 1902.6 1984 1900.8 1983.8 c
1898.7 1983.6 1897.5 1983 1897.5 1982 c
1897.5 1981.2 1896 1980.1 1894 1979.6 c
1892.1 1979 1890 1978 1889.4 1977.2 c
1888.7 1976.2 1887.4 1975.9 1885.6 1976.4 c
1882.8 1977.1 l 1885.4 1979.1 l
1886.8 1980.2 1888 1981.8 1888 1982.6 c
1888 1983.5 1889.1 1984 1890.9 1984 c
1892.5 1984 1894.3 1984.6 1894.9 1985.4 c
1895.6 1986.2 1897.8 1987.1 1900 1987.5 c
1902.6 1987.9 1904 1988.8 1904.3 1990.1 c
1905 1992.9 1913 1992.9 1913 1990.1 c
h
1822.8 1985.7 m
1823.5 1985.1 1831.5 1984.4 1840.5 1984.1 c
1849.5 1983.8 1857.2 1983.2 1857.6 1982.7 c
1858 1982.3 1857.5 1982 1856.4 1981.9 c
1854.6 1981.9 1854.6 1981.8 1856.5 1981 c
1857.6 1980.5 1862.3 1980.1 1867 1980.1 c
1877.7 1979.9 1878.4 1979.6 1877.5 1973.8 c
1876.8 1969.4 1877.5 1967.9 1880.2 1967.4 c
1882.3 1967 1882.3 1966.7 1880 1966 c
1876.6 1965 1862.7 1966 1861.8 1967.4 c
1861.3 1968.1 1854.3 1968.6 1841.5 1968.8 c
1825.2 1969.1 1821.9 1969.4 1822.4 1970.5 c
1823.2 1972.8 1821.6 1973.1 1809 1973.1 c
1797.4 1973.2 1794 1974 1797.1 1976.2 c
1797.9 1976.7 1800.5 1976.8 1803 1976.6 c
1805.5 1976.3 1812.3 1976 1818.1 1975.9 c
1823.9 1975.8 1832 1975.2 1836.1 1974.4 c
1840.2 1973.7 1849 1973.1 1855.8 1973.1 c
1867.3 1973 1868 1972.9 1868 1971 c
1868 1969.8 1868.9 1968.8 1870.4 1968.4 c
1873.8 1967.6 1875 1968.6 1875 1972 c
1875 1975.2 1874.7 1975.3 1855.6 1976.5 c
1850.7 1976.8 1846.2 1977.5 1845.5 1978 c
1844.9 1978.5 1835.1 1979.2 1823.7 1979.6 c
1805.5 1980.2 1803 1980.5 1803.2 1981.9 c
1803.4 1982.9 1802.7 1983.6 1801.2 1983.8 c
1797.8 1984.3 1798.5 1986.8 1802.2 1987.2 c
1808 1987.7 1821.5 1986.8 1822.8 1985.7 c
h
271.3 1985.8 m
272.5 1985.2 280 1984.4 288 1984.1 c
300 1983.6 302.5 1983.2 302.5 1982 c
302.5 1981 303.9 1980.3 306.9 1980 c
311.5 1979.5 313.8 1976.8 311.8 1974.2 c
310.6 1972.8 299.4 1972.7 290.5 1974.1 c
287.2 1974.6 281.2 1975.4 277.1 1975.9 c
271.9 1976.5 269.5 1977.2 268.8 1978.3 c
268.3 1979.3 267 1980 266 1980 c
264.7 1980 264 1980.7 264 1982 c
264 1983.1 263.3 1984.3 262.5 1984.6 c
261.7 1985 261.3 1985.6 261.6 1986.1 c
262.4 1987.4 268.7 1987.2 271.3 1985.8 c
h
1232 1985 m
1232 1983.7 1232.5 1983 1233.2 1983.2 c
1233.9 1983.5 1234.5 1984.3 1234.5 1985 c
1234.5 1985.7 1233.9 1986.5 1233.2 1986.8 c
1232.5 1987 1232 1986.3 1232 1985 c
h
324.2 1981.8 m
323.9 1980.1 324.5 1979.8 329.7 1979.6 c
330.9 1979.5 331.5 1980.2 331.5 1981.5 c
331.5 1983 332.3 1983.6 334.9 1983.8 c
339.4 1984.3 343 1983.3 342.7 1981.7 c
342.6 1980.9 345.1 1980.3 351.5 1980 c
356.4 1979.7 361.4 1978.9 362.5 1978.4 c
363.6 1977.8 369.2 1977 374.9 1976.6 c
380.7 1976.3 386 1975.4 386.8 1974.7 c
387.8 1973.9 391.8 1973.5 397.9 1973.5 c
425.6 1973.5 431 1973.1 431 1971.1 c
431 1968.7 433.6 1968 442.8 1968 c
446.8 1968 451.1 1967.5 452.2 1966.9 c
453.4 1966.3 459.3 1965.5 465.3 1965.2 c
474.7 1964.8 476.3 1964.4 476.7 1962.9 c
477.1 1961.4 479 1961.1 491 1960.5 c
502.7 1959.9 505.2 1959.4 506.9 1957.8 c
508.1 1956.8 509 1955.2 509 1954.2 c
509 1952.7 510.8 1952.5 526.6 1952.2 c
536.3 1952.1 545 1951.5 546 1951 c
547.1 1950.4 553.3 1949.7 559.9 1949.3 c
571.1 1948.7 571.9 1948.6 572.2 1946.6 c
572.6 1943.5 581.8 1943.5 583 1946.6 c
583.7 1948.3 585 1948.8 590.1 1949.4 c
593.6 1949.7 596.9 1950.5 597.4 1951 c
598 1951.6 599.5 1952 600.9 1952 c
605.2 1952 607.8 1953.1 608.3 1954.9 c
608.6 1956.3 610 1956.7 615.6 1956.9 c
619.8 1957 623.1 1957.7 624 1958.5 c
626.1 1960.4 630.5 1959.4 628.9 1957.4 c
628.3 1956.7 628.1 1955.6 628.5 1955 c
629.2 1953.8 626.6 1949.7 625.6 1950.7 c
625.3 1951.1 624.4 1950 623.8 1948.2 c
622.6 1945 620.6 1944 615.2 1944 c
613.5 1944 612 1943.6 612 1943.1 c
612 1942.6 608.6 1941.9 604.4 1941.5 c
598.3 1940.9 596.7 1940.5 596.3 1939 c
595.9 1937.6 594.4 1937.1 588.9 1936.6 c
581.1 1935.8 580 1936.1 580 1939.6 c
580 1941.7 579.5 1942 576.6 1942 c
573.4 1942 573.1 1941.7 572.8 1938.8 c
572.5 1935.6 572.4 1935.5 568.5 1935.8 c
566.3 1936 559.9 1936.3 554.2 1936.6 c
546.5 1937 544 1937.5 544 1938.5 c
544 1940.3 542.2 1940.8 531.3 1941.6 c
524.9 1942 522 1942.7 521.6 1943.6 c
521.3 1944.4 520.4 1945 519.5 1945 c
518.7 1945 518 1945.9 518 1947 c
518 1949.3 514.4 1950.5 510.2 1949.7 c
508.7 1949.4 503.9 1949.8 499.5 1950.6 c
495.1 1951.4 485.8 1952.3 478.8 1952.7 c
467.3 1953.2 466 1953.5 466 1955.2 c
466 1956.8 465.1 1957 456.8 1957 c
451.7 1957.1 445.5 1957.6 443 1958.1 c
440.5 1958.7 433.3 1959.6 427 1960 c
413.5 1961 415 1960.7 415 1962.5 c
415 1963.3 414.7 1964 414.2 1964.1 c
413.8 1964.1 411.5 1964.4 409 1964.6 c
406.5 1964.8 401.6 1965.4 398 1965.9 c
394.4 1966.4 389.2 1966.6 386.5 1966.4 c
383.8 1966.2 380.4 1966.5 379 1967 c
377.6 1967.6 373.4 1968.2 369.5 1968.4 c
365.6 1968.6 362 1968.8 361.4 1968.9 c
360.7 1969 360.3 1969.8 360.4 1970.8 c
360.5 1972.3 359.1 1972.6 347.9 1973 c
337.7 1973.4 334.8 1973.8 333.3 1975.2 c
330.4 1977.8 328.3 1977.4 326.6 1973.9 c
325.2 1971.1 325.2 1970.5 326.5 1968.7 c
327.8 1966.8 328 1948.7 328 1828.4 c
328 1752.4 327.7 1688.8 327.4 1687.1 c
327 1685.3 326.2 1684.1 325.6 1684.3 c
324.8 1684.6 324.5 1722.9 324.5 1826.4 c
324.5 1968.1 l 322.4 1968.6 l
321.3 1968.9 319.9 1970.4 319.3 1972.1 c
318.7 1973.7 317.4 1975 316.5 1975 c
315.2 1975 314.9 1975.5 315.5 1977.2 c
315.8 1978.5 316.4 1980.5 316.7 1981.8 c
317.2 1983.8 317.8 1984.1 320.9 1983.8 c
323.7 1983.6 324.4 1983.1 324.2 1981.8 c
h
726.5 1982.9 m
727.5 1981.4 725.6 1979.7 722.4 1979.4 c
720.9 1979.2 719.4 1978.7 719.1 1978.2 c
718.8 1977.7 715.9 1977 712.7 1976.6 c
709.5 1976.2 705.7 1975.2 704.2 1974.4 c
702.7 1973.7 700 1973 698.2 1973 c
695.7 1973 694.7 1972.5 694.3 1971.1 c
693.9 1969.5 692.6 1969 688.1 1968.5 c
685 1968.2 680.5 1967.4 678 1966.8 c
675.5 1966.3 671.3 1965.6 668.6 1965.3 c
665 1964.9 663.6 1964.3 663.3 1963 c
662.9 1961.5 661.5 1961 657.1 1960.5 c
654 1960.2 650.6 1959.4 649.6 1958.8 c
648.5 1958.3 645 1957.5 641.8 1957.3 c
637 1956.8 636 1957 636 1958.3 c
636 1959.1 636.6 1960 637.4 1960.3 c
638.1 1960.6 639 1962.7 639.4 1964.9 c
640 1969 l 645 1969 l
649.3 1969 650 1969.3 650 1971 c
650 1972.8 650.7 1973 656.4 1973 c
660.5 1973 663.1 1973.5 663.9 1974.4 c
664.5 1975.1 668.1 1976 672.2 1976.4 c
676.1 1976.7 679.9 1977.5 680.6 1978.1 c
681.3 1978.7 683.6 1979.3 685.6 1979.6 c
689.5 1980.1 690.4 1980.5 690.6 1982.1 c
690.7 1982.6 690.8 1983.2 690.9 1983.4 c
691.2 1984.5 725.9 1984 726.5 1982.9 c
h
812.5 1981.9 m
812.5 1980.9 814.3 1980.3 818.4 1979.8 c
824.8 1979 826.6 1978 825.7 1975.7 c
824.8 1973.4 810.8 1971.9 809.5 1974 c
809.2 1974.5 808.1 1975 807 1975 c
806 1975 805 1975.6 804.8 1976.2 c
803.9 1978.5 805.1 1980 807.6 1980 c
809.4 1980 810 1980.5 810 1982.1 c
810 1983.3 810.5 1984 811.2 1983.8 c
811.9 1983.5 812.5 1982.7 812.5 1981.9 c
h
985.2 1981.9 m
985 1980.5 986.9 1980.2 999.2 1979.6 c
1007.1 1979.2 1013.9 1978.5 1014.5 1978 c
1015 1977.6 1022.1 1976.7 1030.2 1976.1 c
1038.3 1975.4 1047.6 1974.5 1050.7 1974 c
1053.9 1973.4 1060.1 1973 1064.6 1973 c
1075.3 1973 1082 1972 1082 1970.5 c
1082 1969.2 1089.2 1968 1097.6 1968 c
1100.4 1968 1104 1967.6 1105.6 1967 c
1107.2 1966.5 1115.1 1965.6 1123.2 1965.2 c
1135.1 1964.5 1138.2 1964.1 1139.2 1962.8 c
1139.9 1961.8 1142.1 1961 1144 1960.8 c
1146.5 1960.6 1147.8 1959.9 1148.5 1958.2 c
1149 1957 1150 1956 1150.7 1956 c
1151.4 1956 1152 1955.1 1152 1953.9 c
1152 1952.4 1151.5 1952 1150.5 1952.4 c
1149.2 1952.9 1149 1950.3 1149.2 1932.2 c
1149.3 1920.8 1149.6 1914.8 1149.7 1918.8 c
1149.9 1922.7 1150.5 1926 1151 1926 c
1151.6 1926 1152 1906.8 1152 1875 c
1152 1847 1152 1823.7 1152 1823.2 c
1152 1822.8 1150.3 1822.5 1148.2 1822.5 c
1145.6 1822.5 1144.5 1822.9 1144.5 1824 c
1144.5 1825.2 1142.5 1825.7 1135 1826.2 c
1129.8 1826.6 1123.2 1827.4 1120.5 1828.1 c
1117.8 1828.7 1111.2 1829.5 1106 1829.9 c
1099.8 1830.3 1096.5 1830.9 1096.5 1831.7 c
1096.5 1833.8 1095.2 1834.2 1085.8 1834.8 c
1076.5 1835.5 l 1076.2 1851.5 l
1075.9 1869.5 1076.5 1877.8 1078.3 1877.7 c
1082.5 1877.6 1084.2 1878.2 1084.7 1879.9 c
1085 1881 1085.8 1881.6 1086.5 1881.4 c
1088 1880.8 1089.1 1883.2 1088 1884.9 c
1086.9 1886.8 1082.6 1885.8 1082.1 1883.5 c
1081.7 1881 1080.2 1880 1076.8 1880 c
1075.3 1880 1073.8 1879.5 1073.5 1879 c
1072.6 1877.6 1063.7 1877.7 1062.3 1879.1 c
1061.6 1879.8 1057.6 1880.5 1053.4 1880.8 c
1047 1881.2 1045.7 1881.6 1045.3 1883.1 c
1044.7 1885.3 1043 1885.6 1043 1883.5 c
1043 1882.7 1042.1 1881.6 1041 1881 c
1037.8 1879.3 1038.7 1878 1042.9 1878 c
1049.7 1878 1056 1876.8 1056 1875.5 c
1056 1874.7 1058.2 1873.9 1062 1873.5 c
1066.4 1873 1068.3 1872.3 1069.1 1870.9 c
1069.6 1869.9 1070.7 1869 1071.5 1869 c
1072.6 1869 1073 1867.7 1073 1863.5 c
1073 1859.3 1072.7 1858 1071.5 1858 c
1070.7 1858 1070 1857.1 1070 1856 c
1070 1854.9 1070.7 1854 1071.5 1854 c
1072.8 1854 1073 1852 1073 1842 c
1073 1830 l 1077.4 1830 l
1079.8 1830 1083.3 1829.4 1085.1 1828.6 c
1087 1827.8 1093.8 1826.9 1100.2 1826.5 c
1111.1 1825.8 1115.1 1824.7 1109.8 1823.8 c
1108.5 1823.6 1113.8 1823 1121.5 1822.6 c
1129.9 1822.1 1136.7 1821.2 1138.4 1820.4 c
1140 1819.6 1142.8 1819 1144.7 1819 c
1147.4 1819 1148 1818.6 1148 1816.9 c
1148 1815.7 1148.8 1814.6 1150 1814.3 c
1151.2 1814 1152 1812.9 1152 1811.8 c
1152 1810.4 1151.5 1810 1150.5 1810.4 c
1149.3 1810.8 1149 1810 1149 1806.5 c
1149 1803.5 1149.4 1802 1150.3 1802 c
1151.2 1802 1152 1799.1 1152.8 1792.8 c
1153.4 1787.8 1154.4 1783.2 1155 1782.6 c
1155.5 1782.1 1156 1779.9 1156 1777.8 c
1156 1774.7 1156.4 1774 1158 1774 c
1159.4 1774 1160.1 1773.1 1160.6 1770.6 c
1160.9 1768.7 1161.8 1766.9 1162.6 1766.6 c
1163.4 1766.3 1164 1765.4 1164 1764.6 c
1164 1763.9 1164.7 1763 1165.5 1762.6 c
1166.3 1762.3 1167 1761.1 1167 1760 c
1167 1758.7 1167.7 1758 1168.8 1758 c
1169.8 1758 1171.7 1756.7 1173 1755 c
1174.4 1753.4 1176.5 1752.1 1177.8 1752 c
1179.3 1752 1180 1751.4 1180 1750 c
1180 1748.6 1180.9 1747.9 1183.6 1747.4 c
1185.5 1747 1187.4 1746.1 1187.7 1745.4 c
1188.4 1743.4 1204.3 1743.4 1206.3 1745.4 c
1207.1 1746.2 1209.4 1747.2 1211.4 1747.5 c
1214 1748 1215 1748.7 1215 1750.1 c
1215 1751.5 1215.7 1752 1217.5 1752 c
1218.9 1752 1220 1752.5 1220 1753 c
1220 1754.5 1223.6 1757.8 1225.7 1758.2 c
1226.7 1758.4 1227.6 1759.6 1227.8 1760.9 c
1228 1762.2 1228.8 1764 1229.6 1764.7 c
1230.4 1765.5 1231 1767.7 1231 1769.6 c
1231 1771.9 1231.5 1773 1232.5 1773 c
1235.2 1773 1236 1776.8 1236 1789.3 c
1236 1801.1 1236.1 1801.8 1238.4 1803.9 c
1240.7 1806.1 1241 1806.1 1243.2 1804.6 c
1244.8 1803.4 1247.7 1803 1253.7 1803 c
1261.4 1803 1261.9 1802.9 1262.2 1800.8 c
1262.5 1798.6 1262.9 1798.5 1273.9 1798.3 c
1280.3 1798.2 1285.7 1797.7 1286.3 1797.1 c
1287 1796.4 1292.1 1796 1298.8 1796 c
1310.1 1796 l 1309.8 1799.2 l
1309.4 1803.2 1307.3 1804 1306 1800.6 c
1305.2 1798.4 1304.5 1798 1300.8 1798 c
1296.4 1798 1293.7 1799 1293.9 1800.6 c
1294.1 1801.7 1286.7 1802.8 1278.7 1802.9 c
1275.5 1803 1271.3 1803.7 1269.3 1804.5 c
1267 1805.5 1262.4 1806 1255.9 1806 c
1246.7 1806 1246 1806.1 1246 1808 c
1246 1809.6 1245.3 1810 1242.7 1810 c
1238.9 1810 1235 1812.3 1236.8 1813.4 c
1238.4 1814.3 1238.5 1908.6 1237 1909.5 c
1236.5 1909.8 1236 1912.3 1236 1915 c
1236 1917.7 1236.5 1920.2 1237 1920.5 c
1237.6 1920.9 1238 1926.8 1238 1935 c
1238 1945.1 1238.3 1948.9 1239.2 1949.3 c
1242.3 1950.4 1253.5 1948.8 1255 1947 c
1256.3 1945.5 1258.5 1945.1 1269 1944.6 c
1275.9 1944.3 1284.7 1943.5 1288.5 1943 c
1292.3 1942.4 1302.2 1941.7 1310.4 1941.4 c
1323.7 1940.9 1325.3 1940.6 1325.7 1939 c
1326.1 1937.5 1327.6 1937.1 1334.8 1936.5 c
1339.6 1936.2 1346 1935.5 1349 1935 c
1352 1934.5 1361.1 1933.8 1369.2 1933.4 c
1380.2 1932.9 1384 1932.4 1384 1931.5 c
1384 1929.5 1386.7 1928.9 1399 1928.4 c
1405.3 1928.1 1410.9 1927.4 1411.5 1926.9 c
1412 1926.4 1415 1926 1418.1 1926 c
1422.4 1926 1423.9 1925.6 1424.4 1924.4 c
1425.2 1922.2 1425 1875.1 1424.1 1872 c
1423.7 1870.6 1422.8 1869.5 1422 1869.5 c
1420.9 1869.5 1420.4 1868.1 1420.2 1864.5 c
1420 1861.8 1419.3 1858.8 1418.6 1858 c
1416.6 1855.6 1416.5 1837.3 1418.4 1833.5 c
1420.4 1829.7 1420.4 1827.6 1418.5 1826 c
1417.7 1825.4 1417.2 1824.3 1417.3 1823.7 c
1417.4 1823.1 1416.4 1822.4 1415 1822.2 c
1413.6 1822 1412.2 1821.2 1411.7 1820.5 c
1411.3 1819.8 1409.6 1818.9 1408 1818.5 c
1406.4 1818.1 1404.7 1817.4 1404.3 1816.8 c
1403.9 1816.1 1404.3 1815.9 1405.3 1816.3 c
1406.2 1816.6 1407.2 1816.5 1407.5 1816.1 c
1407.7 1815.6 1406.4 1814.9 1404.4 1814.6 c
1402.5 1814.2 1400.6 1813.2 1400.3 1812.4 c
1400 1811.7 1398.9 1811 1397.9 1811 c
1396.7 1811 1395.6 1810 1395 1808.5 c
1394.3 1806.6 1393.3 1806 1391.1 1806 c
1389.5 1806 1388 1805.4 1387.7 1804.6 c
1387.4 1803.8 1385.8 1802.9 1384.1 1802.5 c
1380.8 1801.8 1379.9 1800.1 1382.8 1799.9 c
1383.7 1799.9 1382.9 1799.4 1381 1798.8 c
1379.1 1798.3 1377.1 1797.2 1376.7 1796.4 c
1376.3 1795.6 1375 1795 1373.9 1795 c
1372.7 1795 1371.6 1794.2 1371.3 1793 c
1371 1791.9 1369.7 1790.7 1368.4 1790.4 c
1367.1 1790.1 1366 1789.2 1366 1788.4 c
1366 1787.6 1365 1787 1363.4 1787 c
1361.6 1787 1360.6 1786.4 1360.3 1785 c
1360 1783.9 1358.6 1782.7 1357.1 1782.3 c
1353.5 1781.4 1348.8 1777.8 1349.4 1776.4 c
1349.7 1775.7 1348.5 1774.9 1346.4 1774.5 c
1344.5 1774.2 1342.6 1773.2 1342.3 1772.4 c
1342 1771.7 1340.7 1771 1339.4 1771 c
1337.7 1771 1337 1770.4 1337 1769 c
1337 1767.6 1336.1 1766.9 1333.6 1766.4 c
1331.7 1766.1 1329.9 1765.2 1329.6 1764.4 c
1329.3 1763.6 1328.4 1763 1327.5 1763 c
1326.7 1763 1326 1762.2 1326 1761.1 c
1326 1759.8 1325 1759 1322.6 1758.6 c
1320.7 1758.2 1318.9 1757.3 1318.6 1756.5 c
1318.3 1755.7 1317.1 1755 1316 1755 c
1314.8 1755 1313.2 1754.3 1312.4 1753.5 c
1311.5 1752.7 1309.8 1752 1308.4 1752 c
1306.7 1752 1306 1751.5 1306 1750 c
1306 1748.9 1305.3 1748 1304.5 1748 c
1303.8 1748 1302.7 1747.2 1302.1 1746.3 c
1301.6 1745.3 1300.6 1744.5 1299.8 1744.4 c
1299.1 1744.4 1297.7 1744.2 1296.8 1744.2 c
1295.7 1744.1 1295 1743.2 1295 1742 c
1295 1740.1 1294 1739.6 1291.3 1739.9 c
1290.6 1740 1289.6 1739.1 1289 1738 c
1288.3 1736.7 1286.9 1736 1285 1736 c
1282.6 1736 1282 1735.6 1282 1733.9 c
1282 1732.7 1281.2 1731.6 1280 1731.3 c
1278.9 1731 1278 1730.4 1278 1730 c
1278 1729.6 1276.4 1728.9 1274.5 1728.6 c
1271.9 1728.1 1271 1727.4 1271 1726 c
1271 1724.9 1270.6 1724 1270.1 1724 c
1269.6 1724 1268.5 1723.4 1267.8 1722.7 c
1267.1 1721.9 1265.1 1720.9 1263.5 1720.3 c
1261.8 1719.8 1260.5 1718.7 1260.5 1717.9 c
1260.5 1717.1 1259.3 1716.4 1257.7 1716.2 c
1256.2 1716 1254.5 1715 1254 1713.9 c
1253.3 1712.7 1251.9 1712 1250 1712 c
1247.7 1712 1247 1711.6 1247 1710 c
1247 1708.9 1246.3 1708 1245.5 1708 c
1244.6 1708 1243.7 1707.3 1243.4 1706.5 c
1243.1 1705.7 1241.3 1704.8 1239.4 1704.4 c
1237 1704 1236 1703.2 1236 1701.9 c
1236 1700.7 1235.3 1700 1234.1 1700 c
1233 1700 1231.4 1699.3 1230.6 1698.4 c
1229.7 1697.5 1227.7 1696.5 1226.2 1696 c
1224.7 1695.6 1223.6 1694.8 1223.8 1694.1 c
1223.9 1693.5 1222.9 1692.5 1221.5 1692 c
1220.1 1691.5 1219 1690.6 1219 1690.1 c
1219 1689.7 1217.7 1689 1216.1 1688.7 c
1214.4 1688.3 1213.1 1687.3 1212.7 1686.1 c
1212.4 1684.6 1211.4 1684 1209.6 1684 c
1208.1 1684 1206.7 1683.3 1206.4 1682.5 c
1206.1 1681.7 1204.3 1680.8 1202.4 1680.4 c
1200 1680 1199 1679.2 1199 1677.9 c
1199 1676.7 1198.3 1676 1197 1676 c
1195.7 1676 1195 1676.7 1195 1678 c
1195 1679.3 1194.3 1680 1193 1680 c
1191.9 1680 1190.7 1680.7 1190.3 1681.6 c
1190 1682.5 1188.3 1683.8 1186.6 1684.6 c
1184.7 1685.4 1184.2 1685.9 1185.2 1686 c
1186.2 1686 1187 1686.4 1187 1687 c
1187 1687.5 1186.4 1687.7 1185.7 1687.4 c
1185 1687.2 1183.1 1688.1 1181.6 1689.5 c
1180.1 1690.9 1178.2 1692 1177.4 1692 c
1176.7 1692 1176 1692.7 1176 1693.6 c
1176 1695.6 1171.5 1700 1169.4 1700 c
1168.7 1700 1168 1700.7 1168 1701.6 c
1168 1703.3 1163.6 1708 1162 1708 c
1161.5 1708 1161 1709 1160.8 1710.2 c
1160.6 1711.5 1159.7 1712.6 1158.7 1712.8 c
1156.6 1713.2 1153 1716.5 1153 1718 c
1153 1718.6 1151.9 1719.5 1150.5 1720 c
1149.1 1720.5 1148 1721.6 1148 1722.5 c
1148 1723.3 1147.4 1724 1146.6 1724 c
1145.8 1724 1145 1725 1144.8 1726.2 c
1144.6 1727.7 1143.8 1728.5 1142.5 1728.5 c
1141.4 1728.5 1140.4 1729.3 1140.2 1730.3 c
1140 1731.2 1139.2 1732 1138.4 1732 c
1137.6 1732 1137 1732.9 1137 1734 c
1137 1735.2 1136.3 1736 1135.4 1736 c
1133.4 1736 1129 1740.5 1129 1742.6 c
1129 1743.4 1128 1744 1126.5 1744 c
1125 1744 1124 1744.6 1124 1745.4 c
1124 1746.2 1123.3 1747 1122.5 1747.4 c
1121.7 1747.7 1121 1748.9 1121 1750 c
1121 1751.5 1120.3 1752 1118.5 1752 c
1117.1 1752 1116 1752.5 1116 1753 c
1116 1754.5 1112.4 1757.8 1110.4 1758.2 c
1109.3 1758.4 1108.4 1759.3 1108.2 1760.4 c
1107.7 1762.7 1104.7 1765.7 1102.4 1766.2 c
1101.3 1766.4 1100.4 1767.3 1100.2 1768.4 c
1099.7 1770.7 1096.4 1774 1094.5 1774 c
1093.6 1774 1092.5 1775 1092 1776.2 c
1090.6 1779.7 1088.7 1781.7 1086.5 1782.1 c
1085.4 1782.4 1084.4 1783.4 1084.1 1784.5 c
1083.7 1786.6 1080.7 1789.2 1077.5 1790.1 c
1076.4 1790.4 1075.6 1791.3 1075.8 1792.2 c
1076.1 1794 1073.3 1796.7 1070.5 1797.2 c
1069.3 1797.4 1068.4 1798.5 1068.2 1799.7 c
1068 1800.9 1066.5 1803 1064.9 1804.4 c
1063.3 1805.8 1062 1807.6 1062 1808.4 c
1062 1809.3 1061.2 1810 1060.2 1810 c
1059.2 1810 1057.3 1811.1 1056 1812.5 c
1054.7 1813.9 1052.8 1815 1051.8 1815 c
1050.8 1815 1050 1815.7 1050 1816.8 c
1050 1818.9 1045.8 1823 1043.6 1823 c
1042.7 1823 1042 1823.8 1042 1824.8 c
1042 1826.9 1037.8 1831 1035.6 1831 c
1034.7 1831 1034.1 1831.3 1034.1 1831.8 c
1034.4 1833.8 1033.9 1835 1032.6 1835 c
1031.8 1835 1031 1835.7 1030.6 1836.5 c
1030.3 1837.3 1029.1 1838 1028 1838 c
1026.8 1838 1026 1838.7 1026 1839.8 c
1026 1841.9 1021.8 1846 1019.6 1846 c
1018.7 1846 1018 1846.8 1018 1847.8 c
1018 1849.9 1013.8 1854 1011.6 1854 c
1010.7 1854 1010 1854.7 1010 1855.6 c
1010 1857.8 1005.9 1862 1003.8 1862 c
1002.8 1862 1002 1862.7 1002 1863.6 c
1002 1865.8 997.9 1870 995.8 1870 c
994.8 1870 994 1870.7 994 1871.5 c
994 1872.3 993.4 1873 992.6 1873 c
991.8 1873 991 1874 990.8 1875.2 c
990.6 1876.5 989.7 1877.6 988.7 1877.8 c
986.3 1878.3 983.3 1881.3 982.8 1883.6 c
982.6 1884.7 981.7 1885.6 980.6 1885.8 c
978.3 1886.3 975.3 1889.3 974.8 1891.6 c
974.6 1892.7 973.7 1893.6 972.6 1893.8 c
970.3 1894.3 967.4 1897.2 966.5 1899.9 c
966.2 1901.1 965.4 1902 964.8 1902 c
964.2 1902 961.9 1902.8 959.9 1903.8 c
956.6 1905.2 956 1906 956 1908.7 c
956 1910.4 956.5 1912.2 957 1912.5 c
957.6 1912.9 958 1926 958 1948.6 c
958 1984.1 l 971.8 1983.8 l
983.7 1983.5 985.5 1983.3 985.2 1981.9 c
h
751.3 1978.1 m
752 1977.6 755.3 1977 758.5 1976.8 c
764.5 1976.5 l 764.5 1838.6 l
764.5 1700.7 l 760 1699.3 l
757.5 1698.5 753.2 1697.3 750.5 1696.6 c
747.4 1695.8 745.5 1694.8 745.5 1693.9 c
745.5 1692.9 743.9 1692.3 740.2 1692 c
737.3 1691.7 734.5 1690.8 734.1 1690.1 c
733.6 1689.3 730.5 1688.6 726.6 1688.3 c
721.7 1687.9 720 1687.4 720.4 1686.4 c
721 1684.8 718.9 1684 714.1 1684 c
712 1684 710 1683.7 709.6 1683.2 c
709.2 1682.8 708.5 1682.5 708.2 1682.4 c
707.8 1682.4 706.8 1682.1 706 1681.7 c
705.2 1681.4 702.6 1680.9 700.2 1680.7 c
695.3 1680.1 693.9 1679.3 695.9 1678.1 c
697.8 1676.9 694.8 1676 688.5 1676 c
685 1676 682.8 1675.5 682.3 1674.6 c
681.6 1673.4 674.6 1672.1 668.8 1672 c
667.8 1672 667 1671.6 667 1671.1 c
667 1670.6 667.8 1670 668.8 1669.7 c
669.7 1669.5 668.2 1669 665.5 1668.6 c
662.8 1668.1 659.6 1667.2 658.4 1666.5 c
657.3 1665.8 653.8 1664.9 650.7 1664.5 c
647.6 1664.1 645 1663.4 645 1662.9 c
645 1662.4 645.6 1662 646.2 1662 c
649.9 1661.9 643.6 1660.1 638.1 1659.7 c
634.6 1659.5 631.4 1658.7 631 1658 c
628.2 1653.4 628 1660.5 628 1803.1 c
628 1948 l 630.6 1949 l
632 1949.6 635.5 1950 638.5 1950 c
641.5 1950 644.1 1950.4 644.5 1951 c
644.8 1951.5 647.7 1952.2 650.9 1952.6 c
655.3 1953.1 656.9 1953.7 657.3 1955 c
657.6 1956.3 659.2 1956.8 663.9 1957.3 c
667.3 1957.7 670.9 1958.4 671.8 1958.9 c
672.8 1959.4 676.4 1960.2 679.8 1960.6 c
684.9 1961.1 686 1961.6 686 1963.1 c
686 1964.6 686.8 1965 689.9 1965 c
692.1 1965 695.1 1965.5 696.7 1966.2 c
700.5 1967.8 700.4 1967.7 705.6 1967.9 c
709.3 1968 710.3 1968.4 710.7 1970 c
711.3 1972.1 712.2 1972.5 719.4 1973.5 c
722.1 1973.9 725.4 1974.9 726.6 1975.7 c
732.5 1979.5 747.8 1981 751.3 1978.1 c
h
1930 1976.2 m
1933.3 1975.5 1933.5 1975.2 1934.6 1969 c
1936.3 1960.2 1935.7 1959.8 1921.7 1960.2 c
1914.6 1960.4 1910.7 1960.1 1910.2 1959.4 c
1909.8 1958.8 1906.9 1957.9 1903.6 1957.5 c
1899.4 1957 1897.6 1956.4 1897.3 1955.1 c
1896.6 1952.5 1891.8 1950.7 1888.6 1951.9 c
1886.5 1952.8 1886 1953.6 1886 1956.4 c
1886 1958.5 1886.6 1960 1887.5 1960.4 c
1888.3 1960.7 1889 1961.9 1889 1963 c
1889 1964.5 1889.7 1965 1891.4 1965 c
1892.8 1965 1894.5 1965.7 1895.4 1966.5 c
1896.2 1967.3 1897.8 1968 1898.8 1968 c
1902.2 1968 1904 1969.1 1904 1971.1 c
1904 1972.5 1904.7 1973 1907 1973 c
1908.7 1973 1910.7 1973.8 1911.6 1974.9 c
1913.4 1976.9 1923 1977.6 1930 1976.2 c
h
1451.5 1974.9 m
1457 1974.3 1467.1 1973.5 1474 1973.2 c
1486 1972.5 1486.5 1972.4 1486.8 1970.2 c
1487 1968.8 1487.8 1968 1489.1 1968 c
1491 1968 1491 1966.9 1490.8 1917.2 c
1490.5 1866.5 l 1479.6 1866.8 l
1473.6 1866.9 1467.9 1867.5 1466.8 1868.1 c
1465.7 1868.7 1460.2 1869.4 1454.6 1869.7 c
1449.1 1869.9 1443.4 1870.5 1442 1871 c
1440.6 1871.5 1436.9 1872.1 1433.8 1872.5 c
1428 1873.1 l 1428 1923.9 l
1428 1951.8 1428.3 1975 1428.7 1975.3 c
1429.6 1976.3 1440.1 1976.1 1451.5 1974.9 c
h
280 1971.1 m
280 1969.4 281 1969.1 286.8 1968.6 c
290.5 1968.2 296.6 1967.3 300.5 1966.5 c
304.4 1965.6 309.3 1965 311.6 1965 c
315.7 1965 l 316.4 1946.8 l
317.2 1925.2 317.1 1730.6 316.3 1707.8 c
315.8 1693.3 315.6 1692 313.9 1692 c
312.7 1692 312 1692.7 312 1694 c
312 1695.1 311.5 1696 310.8 1696 c
310.2 1696 308.9 1696.7 307.9 1697.6 c
307 1698.4 304.7 1699.1 302.9 1699.1 c
295.8 1699.1 292 1700.1 292 1702 c
292 1703.4 290.8 1703.9 286.1 1704.4 c
281.1 1705 280.1 1705.4 279.7 1707.3 c
279.5 1708.5 279.4 1765 279.5 1832.8 c
279.7 1964.5 279.9 1958.5 274.8 1957.8 c
272.8 1957.5 272.5 1958 272.2 1961 c
272 1962.9 272.1 1966.4 272.5 1968.7 c
273.1 1972.8 273.3 1973 276.6 1973 c
279.3 1973 280 1972.6 280 1971.1 c
h
802.1 1972.1 m
803 1972 804 1971.1 804.3 1970 c
804.7 1968.6 805.7 1968 807.9 1968 c
809.5 1968 812 1967.5 813.4 1966.9 c
815.4 1966 816.3 1966 817.5 1967 c
818.3 1967.7 819.4 1968 819.8 1967.6 c
820.2 1967.2 820.6 1910.6 820.8 1842 c
821.1 1717.1 l 818.4 1715.3 l
816.9 1714.3 812.9 1713 809.6 1712.5 c
804.7 1711.6 803.6 1711.1 803.8 1709.7 c
804 1708.3 803.3 1708 799.9 1708 c
797.4 1708 794.9 1707.3 793.9 1706.4 c
792.8 1705.4 790.1 1704.7 786.8 1704.6 c
781.5 1704.5 l 781.2 1838.7 l
781 1972.9 l 790.7 1972.6 l
796.1 1972.4 801.2 1972.1 802.1 1972.1 c
h
1811.1 1966.9 m
1812.5 1966.3 1821.9 1965.5 1831.9 1965.1 c
1846.5 1964.5 1850.3 1964 1851.3 1962.7 c
1852.2 1961.5 1855.5 1961.1 1866.9 1960.6 c
1874.8 1960.3 1881.5 1959.8 1881.7 1959.6 c
1881.9 1959.4 1882.2 1957 1882.3 1954.4 c
1882.5 1949.5 l 1878 1949.6 l
1875.5 1949.6 1866.5 1950.3 1858 1951 c
1849.5 1951.7 1840.7 1952.2 1838.5 1952.1 c
1829.3 1951.8 1818.1 1953.1 1818.6 1954.5 c
1819.2 1956.1 1814 1956.9 1800.8 1957.2 c
1790.1 1957.4 1790 1957.5 1790 1964.7 c
1790 1967.6 1790.3 1967.9 1793.2 1968.2 c
1798.4 1968.7 1808.3 1968 1811.1 1966.9 c
h
345.8 1966.8 m
346.6 1966 351.2 1965.4 358.7 1965.1 c
368.7 1964.8 370.3 1964.5 370.7 1963 c
371.3 1960.9 375.5 1960 385 1960 c
388.6 1960 395.8 1959.3 401 1958.5 c
406.2 1957.7 414.9 1957 420.2 1957 c
429.3 1957 430 1956.9 430 1955 c
430 1952.5 428.6 1952.9 441 1951.9 c
469.4 1949.6 477.5 1948.5 477.8 1946.9 c
478 1945.6 481 1945.2 494.8 1944.2 c
504 1943.6 513.7 1942.5 516.3 1941.8 c
521 1940.6 l 521 1796.9 l
521 1653.2 l 517.9 1652.6 l
511.8 1651.4 505.4 1652.2 506.5 1654 c
507.5 1655.7 504.4 1656.4 494.6 1656.7 c
489.2 1656.8 484.1 1657.5 483.4 1658.1 c
482.7 1658.7 477.5 1659.4 471.9 1659.7 c
463.1 1660.2 461.7 1660.6 461.2 1662.2 c
460.9 1663.6 459.8 1664 456.1 1664 c
453.6 1664 447.3 1664.9 442.1 1666 c
436.9 1667.1 430.5 1668 427.8 1668 c
423.7 1668 422.7 1668.4 422.3 1669.9 c
421.8 1671.9 418.4 1672.6 408.5 1672.9 c
406.3 1672.9 401.6 1673.6 398 1674.4 c
394.4 1675.2 388.5 1676.2 384.8 1676.5 c
379.9 1677 378.3 1677.5 378.6 1678.4 c
379.2 1680 374.9 1681 367 1681 c
363.1 1681 360.8 1681.5 360 1682.5 c
359.1 1683.6 356.7 1684 351.1 1684 c
346.9 1684 342.8 1684.5 342 1685 c
341 1685.6 340.9 1686 341.8 1686 c
342.4 1686 343 1686.5 343 1687 c
343 1687.5 341.8 1688 340.2 1688 c
338.7 1688 336.5 1688.3 335.2 1688.6 c
332.9 1689.2 l 333.5 1780.9 l
333.8 1831.3 334.3 1893.7 334.5 1919.5 c
334.8 1945.3 335 1966.8 335 1967.2 c
335 1968.5 344.5 1968.1 345.8 1966.8 c
h
1026 1926.5 m
1026 1889.1 1026.1 1888 1027.9 1888 c
1029.4 1888 1030 1887.2 1030.2 1884.8 c
1030.5 1881.9 1030.9 1881.5 1033.9 1881.2 c
1035.9 1881 1037.6 1881.4 1038.1 1882.1 c
1039.1 1883.8 1038.3 1885 1036.1 1885 c
1035 1885 1033.5 1886.7 1032 1889.6 c
1029.7 1894.3 l 1030.5 1925.4 l
1031.1 1950.8 1031.5 1957 1032.7 1959.1 c
1035 1962.9 1033.8 1965 1029.5 1965 c
1026 1965 l 1026 1926.5 l
h
1038.3 1961 m
1038.3 1957.7 1038.2 1957.8 1048 1957.6 c
1067.4 1957.2 1068 1957.1 1068 1955 c
1068 1953.2 1068.7 1953 1073.8 1953 c
1084.5 1953 1084 1953.7 1083.3 1938.9 c
1082.9 1929.5 1083 1926 1083.8 1926 c
1084.5 1926 1085 1924.4 1085 1922.2 c
1085 1918.5 1086.4 1915.1 1087.5 1916.1 c
1088.4 1917.1 1089.3 1944.2 1088.6 1950.2 c
1088.1 1954.1 1087.4 1956 1086.2 1956.4 c
1085.3 1956.8 1083.4 1957.7 1082 1958.5 c
1080.1 1959.6 1075.8 1960 1065 1960.1 c
1057 1960.1 1049.4 1960.6 1048 1961 c
1046.6 1961.4 1046.1 1961.8 1046.8 1961.9 c
1047.4 1962 1048 1962.5 1048 1963 c
1048 1963.5 1045.8 1964 1043.2 1964 c
1038.5 1964 1038.3 1963.9 1038.3 1961 c
h
1958.9 1960.1 m
1960 1959.4 1960.1 1957.4 1959.2 1948.4 c
1958.6 1942.4 1958 1926.5 1958 1913.1 c
1957.9 1882.9 1957.7 1881 1954 1881 c
1952.5 1881 1950.7 1880.3 1950 1879.5 c
1949.3 1878.7 1947.8 1878 1946.6 1878 c
1944 1878 1942.5 1877 1941.8 1874.9 c
1941.2 1873.3 1931.6 1871.6 1929.8 1872.7 c
1929.3 1872.9 1929 1891.1 1929 1913.1 c
1929 1953 l 1931.5 1953 l
1933 1953 1934 1953.6 1934 1954.5 c
1934 1956 1935.3 1956.4 1942.9 1957.5 c
1945.3 1957.8 1948.2 1958.7 1949.3 1959.5 c
1951.7 1961.2 1956.7 1961.5 1958.9 1960.1 c
h
1172.7 1958.2 m
1174 1957.5 1179.4 1957 1186.5 1957 c
1197.3 1957 1198.2 1956.9 1198.7 1955 c
1199.2 1953.2 1200.2 1953 1207.9 1952.8 c
1212.6 1952.7 1219 1952.8 1222.2 1952.9 c
1226.7 1953.1 1228.2 1952.8 1229.8 1951.2 c
1230.9 1950.1 1232.6 1949 1233.7 1948.8 c
1236.4 1948.3 1236 1944.6 1233.2 1944.2 c
1231 1943.9 l 1231.1 1874.8 l
1231.1 1807.5 1231.2 1805.8 1233.1 1805.3 c
1235.5 1804.6 1235.6 1803.4 1233.1 1802.7 c
1231.5 1802.3 1231.2 1800.8 1230.5 1791 c
1230.1 1784.8 1229.2 1777.6 1228.4 1775.1 c
1227.6 1772.6 1227 1769.5 1227 1768.2 c
1227 1766.7 1226.4 1766 1225.1 1766 c
1223.7 1766 1223 1765.1 1222.5 1762.9 c
1221.7 1759.2 1218.7 1756 1216.1 1756 c
1215 1756 1213.5 1755.1 1212.8 1754.1 c
1212 1753 1210.1 1752 1208.5 1751.8 c
1206.4 1751.6 1205.6 1751 1205.8 1749.9 c
1206 1748.5 1204.8 1748.1 1199.1 1747.5 c
1191.1 1746.7 1187.8 1747.4 1188.2 1749.8 c
1188.4 1751 1187.7 1751.6 1186 1751.8 c
1184.6 1752 1182.7 1753 1181.7 1754.1 c
1180.7 1755.1 1179.3 1756 1178.5 1756 c
1176.5 1756 1173.4 1759.2 1172.4 1762.4 c
1171.9 1763.8 1171.2 1764.9 1170.9 1764.8 c
1169.7 1764.3 1167 1767.3 1167 1769 c
1167 1770 1166.3 1771 1165.5 1771.4 c
1164.7 1771.7 1164 1773.1 1164 1774.5 c
1164 1776 1163.4 1778.1 1162.8 1779.3 c
1162.1 1780.5 1161.1 1783.3 1160.5 1785.5 c
1159.9 1787.9 1158.9 1789.5 1158 1789.5 c
1156.8 1789.5 1156.5 1791.5 1156.5 1801.5 c
1156.5 1813.5 l 1160.7 1813.8 l
1163.5 1814 1165.8 1813.5 1167.6 1812.4 c
1170.1 1810.7 1170.3 1810.7 1171.5 1812.3 c
1172.2 1813.2 1174.1 1814.3 1175.9 1814.6 c
1177.6 1815 1179 1815.8 1179 1816.5 c
1179 1817.9 1161.2 1820.7 1158.6 1819.7 c
1157.8 1819.4 1156.9 1819.8 1156.6 1820.6 c
1156.3 1821.5 1156 1853.2 1156 1891.1 c
1156 1960 l 1163.2 1959.7 l
1167.2 1959.5 1171.5 1958.9 1172.7 1958.2 c
h
1920.7 1955 m
1921 1953.9 1922.1 1953 1923.1 1953 c
1924.9 1953 1925 1952.1 1925 1939.5 c
1925 1928.2 1924.8 1926 1923.5 1926 c
1922.2 1926 1922 1923.1 1922 1906 c
1922 1888.9 1922.2 1886 1923.5 1886 c
1924.7 1886 1925 1884.6 1925 1879.5 c
1925 1874.6 1924.7 1873 1923.6 1873 c
1922.9 1873 1921.7 1872.3 1921 1871.5 c
1920.2 1870.6 1918 1870 1915.3 1870 c
1912.4 1870 1910.8 1869.5 1910.4 1868.5 c
1910 1867.6 1907.8 1866.8 1904.8 1866.4 c
1901.4 1865.9 1900 1865.3 1900.4 1864.4 c
1900.7 1863.6 1899.8 1862.9 1898 1862.5 c
1896.4 1862.1 1893.2 1861 1891 1859.9 c
1888.7 1858.8 1885.9 1858 1884.7 1858.2 c
1882.5 1858.5 l 1882.2 1898 l
1882.1 1919.7 1882.2 1938.9 1882.5 1940.6 c
1883 1943.6 1883.4 1943.8 1888.5 1944.5 c
1893 1945 1894 1945.5 1894 1947.1 c
1894 1948.5 1894.7 1949 1896.5 1949 c
1897.9 1949 1900.7 1949.9 1902.7 1951 c
1904.8 1952.1 1907.7 1953 1909.2 1953 c
1911 1953 1912 1953.5 1912 1954.4 c
1912 1955.3 1913.3 1956 1915.2 1956.3 c
1917 1956.5 1918.9 1956.8 1919.3 1956.8 c
1919.8 1956.9 1920.4 1956.1 1920.7 1955 c
h
1188.6 1951.2 m
1188.3 1950.9 1188 1949.5 1188 1948 c
1188 1945.8 1188.6 1945.2 1191.8 1944.4 c
1195.5 1943.5 l 1195.7 1878 l
1195.9 1832.3 1196.3 1811.9 1197.1 1810.4 c
1197.9 1808.8 1197.9 1807.7 1197.1 1806.2 c
1195.4 1803.1 1195.7 1798 1197.5 1798 c
1198.3 1798 1199 1798.9 1199 1799.9 c
1199 1805 1205.5 1803.6 1206.5 1798.4 c
1206.9 1796.1 1207.8 1794.6 1209 1794.3 c
1210.1 1794 1211.1 1792.5 1211.5 1790.4 c
1211.8 1788.5 1212.5 1787 1213 1787 c
1213.5 1787 1214 1786 1214.2 1784.8 c
1214.4 1783.4 1215.4 1782.4 1217 1782 c
1219 1781.5 1219.6 1780.7 1219.8 1777.7 c
1220.2 1773.2 1221.2 1773 1222.7 1777.1 c
1223.5 1779.2 1224.4 1780 1225.7 1779.8 c
1227.1 1779.6 1227.5 1780.2 1227.5 1783 c
1227.5 1786.3 1227.3 1786.5 1223.8 1786.8 c
1221.7 1787 1220 1787.6 1220 1788.1 c
1220 1788.6 1218.9 1789.5 1217.5 1790 c
1215.8 1790.6 1215 1791.7 1215 1793.4 c
1215 1794.7 1214.4 1796.3 1213.6 1796.9 c
1212.8 1797.6 1211.9 1799.6 1211.6 1801.5 c
1211.2 1803.6 1210.3 1805 1209.5 1805 c
1208.6 1805 1208 1806 1208 1807.5 c
1208 1809.1 1208.6 1810 1209.5 1810 c
1210.8 1810 1211 1813.8 1211 1838 c
1211 1866 l 1208 1866 l
1205.3 1866 1205 1866.3 1205 1869 c
1205 1871.5 1205.4 1872 1207.4 1872 c
1208.7 1872 1210.1 1872.8 1210.4 1873.7 c
1210.8 1874.6 1211 1889.8 1211 1907.4 c
1210.8 1943.8 1211 1945.3 1214.9 1944.4 c
1216.3 1944 1218.3 1943.3 1219.2 1942.9 c
1220.1 1942.4 1222.2 1942 1223.8 1942 c
1226.2 1942 1226.9 1942.5 1227.3 1944.8 c
1227.6 1946.3 1227.5 1947.9 1227.1 1948.3 c
1226.7 1948.7 1221.9 1948.9 1216.4 1948.8 c
1206.9 1948.5 1206.5 1948.4 1206.2 1946.2 c
1205.9 1944.6 1205.4 1944 1204.3 1944.4 c
1203.5 1944.7 1202.2 1945 1201.4 1945 c
1200.6 1945 1200 1945.9 1200 1946.9 c
1200 1948.8 1196.8 1950.6 1195.2 1949.6 c
1194.7 1949.3 1193.2 1949.7 1191.7 1950.5 c
1190.3 1951.2 1188.9 1951.6 1188.6 1951.2 c
h
1712.5 1950.7 m
1712.2 1950 1712.1 1937.8 1712.2 1923.5 c
1712.5 1901.2 1712.7 1897.5 1714 1897.5 c
1715.3 1897.5 1715.5 1901.3 1715.8 1924.8 c
1716 1948.8 1715.8 1952 1714.5 1952 c
1713.6 1952 1712.7 1951.4 1712.5 1950.7 c
h
1828.7 1949.4 m
1835.3 1948.8 1836.9 1948.4 1837.3 1947 c
1837.7 1945.5 1839.8 1945.1 1854.1 1944.4 c
1863.1 1944 1871 1943.7 1871.7 1943.8 c
1874.7 1944.4 1875 1939.8 1874.8 1897.3 c
1874.5 1854.5 l 1870.8 1854.2 l
1867.6 1853.9 1867 1854.2 1867 1855.8 c
1867 1858.5 1865.2 1859 1855 1859 c
1850.1 1859 1845.8 1859.5 1845.5 1860 c
1844.6 1861.4 1838.7 1861.3 1837.2 1859.8 c
1836.4 1859 1835.7 1859 1834.5 1860 c
1833.6 1860.8 1829.5 1861.5 1824.7 1861.7 c
1814 1862.2 1811.9 1862.7 1812.6 1864.4 c
1812.9 1865.2 1812.7 1866.1 1812.1 1866.4 c
1811.4 1866.9 1811.1 1880.5 1811.1 1908 c
1811.2 1945.1 1811.4 1948.9 1812.9 1949.3 c
1815.5 1950 1819.9 1950 1828.7 1949.4 c
h
1724.6 1943.2 m
1724.3 1942.7 1724 1929.7 1724 1914.4 c
1724 1899.1 1723.8 1885.2 1723.7 1883.5 c
1723.5 1881.1 1723.9 1880.5 1725.5 1880.5 c
1726.6 1880.5 1727.9 1881.5 1728.5 1882.7 c
1730.1 1886.3 1737.7 1887.1 1736.4 1883.5 c
1736 1882.6 1736.8 1881.8 1738.6 1881.4 c
1741.3 1880.7 1768.9 1880.3 1775.5 1880.9 c
1777.2 1881 1779.4 1881 1780.5 1880.8 c
1782.1 1880.6 1782.5 1881.1 1782.5 1883 c
1782.5 1885.5 1782.5 1885.5 1772 1885.8 c
1766.2 1886 1761.1 1886.5 1760.5 1887.1 c
1759.4 1888.2 1749 1888.3 1747.1 1887.1 c
1746.4 1886.6 1744 1886.7 1741.6 1887.2 c
1739.4 1887.7 1736.4 1888.3 1735 1888.5 c
1727.7 1889.5 1727.6 1890.1 1727.5 1919.9 c
1727.5 1936.7 1727.2 1943.4 1726.3 1943.7 c
1725.7 1943.9 1724.9 1943.7 1724.6 1943.2 c
h
621.5 1938.8 m
621.5 1937.9 621.9 1936.8 622.3 1936.4 c
622.7 1936 623 1876.8 623 1805 c
623 1690 622.8 1674.1 621.5 1673 c
620.7 1672.3 620 1670.9 620 1669.9 c
620 1668.7 619.3 1668 618 1668 c
616.7 1668 616 1667.3 616 1666 c
616 1664.7 616.7 1664 618 1664 c
619.1 1664 620 1663.3 620 1662.5 c
620 1661.8 620.8 1660.7 621.8 1660.1 c
623.2 1659.3 623.3 1658.8 622.2 1657 c
621.5 1655.9 621.2 1654.5 621.5 1654 c
621.8 1653.5 620.8 1652.8 619.3 1652.5 c
617.8 1652.2 615.1 1651.3 613.5 1650.5 c
611.9 1649.7 608.2 1648.8 605.3 1648.5 c
601.4 1648 600.1 1647.4 599.7 1645.9 c
599.3 1644.4 598.3 1644 594.7 1644 c
592 1644 589.5 1643.4 588.6 1642.5 c
586.8 1640.7 581 1640.5 580.9 1642.2 c
580.9 1642.9 580.8 1707.3 580.8 1785.4 c
580.8 1939.3 580.4 1929 586.2 1929 c
587.9 1929 589.3 1929.8 590 1930.9 c
590.7 1932.4 592.6 1933 597.5 1933.5 c
601.1 1933.9 604.3 1934.6 604.6 1935.1 c
604.9 1935.6 606.6 1936 608.3 1936 c
613.3 1936 615.8 1937 616.3 1939.2 c
617 1941.7 621.5 1941.4 621.5 1938.8 c
h
531.6 1935 m
532.1 1934.5 536.8 1933.7 542 1933.4 c
548.6 1933 551.9 1932.3 552.7 1931.3 c
553.3 1930.5 556.3 1929.5 559.2 1929.1 c
564.5 1928.5 l 564.5 1898.5 l
564.3 1681.2 564 1641 562.2 1641 c
561.3 1641 559.6 1641.7 558.6 1642.5 c
557.2 1643.5 554.1 1644 548.7 1644 c
541.7 1644 540.8 1644.2 540.3 1646 c
539.9 1647.7 538.9 1648 534.6 1648.1 c
531.8 1648.2 529.1 1648.2 528.6 1648.1 c
528.2 1648 527.1 1648.2 526.1 1648.5 c
524.6 1648.9 524.5 1658.6 524.5 1771.2 c
524.6 1838.5 524.7 1903.1 524.8 1914.8 c
525 1936 l 527.8 1936 l
529.3 1936 531 1935.6 531.6 1935 c
h
1308 1928 m
1305.5 1927.4 l 1305.7 1881 l
1305.8 1834.7 1306.3 1822 1308.1 1822 c
1308.6 1822 1309 1823.2 1309 1824.8 c
1309 1826.3 1309.3 1829.2 1309.6 1831.2 c
1310.2 1834.9 l 1318.4 1834.9 l
1327.7 1834.9 1330 1834.4 1330 1832.5 c
1330 1830.8 1334.4 1830.1 1347 1829.9 c
1356.8 1829.7 1357.5 1829.9 1357.8 1831.7 c
1358.1 1833.6 1357.3 1833.8 1347.9 1834.4 c
1341.7 1834.8 1336.9 1835.7 1335.6 1836.6 c
1334.1 1837.6 1330.4 1838 1321.8 1838 c
1310 1838 l 1310 1877.8 l
1310 1899.6 1310.3 1919.1 1310.6 1921.2 c
1311.3 1925.5 1312.8 1926.1 1320.6 1925.3 c
1325.1 1924.8 1326 1924.4 1326 1922.8 c
1326 1921 1326.8 1920.9 1343 1921.1 c
1352.4 1921.2 1360.3 1921 1360.6 1920.7 c
1360.9 1920.4 1361.4 1907.4 1361.6 1891.8 c
1362.1 1862.8 1362.3 1860.4 1364 1861.5 c
1364.6 1861.9 1365 1861 1365 1859.6 c
1365 1857.8 1364.6 1857.2 1363.5 1857.6 c
1362.5 1858 1362 1857.6 1362 1856.1 c
1362 1854.9 1362.6 1854 1363.5 1854 c
1364.7 1854 1365 1852.7 1365 1848.5 c
1365 1844.6 1364.6 1843.1 1363.8 1843.3 c
1363 1843.4 1362.4 1842.3 1362.2 1840.8 c
1362 1838.8 1362.3 1838 1363.4 1838 c
1364.3 1838 1365 1837.6 1365 1837 c
1365 1836.5 1364.4 1836.3 1363.6 1836.6 c
1361.9 1837.3 1360 1834.1 1360 1830.6 c
1360 1827.5 1363.2 1826.3 1366.2 1828.2 c
1368.2 1829.6 1368.3 1830.1 1368.1 1875 c
1368.1 1899.9 1367.6 1920.6 1367.2 1920.9 c
1366.7 1921.2 1366.1 1922.2 1365.8 1923.1 c
1365.3 1924.3 1363.1 1924.8 1355.6 1925.3 c
1350.4 1925.6 1345.6 1926.2 1344.9 1926.5 c
1343 1927.7 1311.8 1929 1308 1928 c
h
575.7 1784.7 m
576.1 1652.4 576 1641.9 574.5 1641.3 c
573.5 1641 572.5 1641.1 572.1 1641.7 c
571.8 1642.2 570.7 1642.9 569.8 1643.3 c
568.1 1643.9 568 1651.9 567.8 1785.5 c
567.6 1863.4 567.7 1927.4 568 1927.6 c
568.2 1927.9 570 1928 571.8 1927.8 c
575.3 1927.5 l 575.7 1784.7 l
h
878.5 1925 m
884.9 1925 885.8 1924.8 886.3 1923 c
886.8 1921.2 887.7 1921 897.8 1921 c
915.4 1921 916.5 1920.4 917.7 1909.8 c
918.3 1905 l 910 1905 l
902.7 1905 901.8 1905.2 901.3 1907 c
901 1908.1 900.3 1909 899.6 1909.1 c
899 1909.1 894.5 1909.6 889.5 1910.2 c
884.5 1910.7 876 1911.5 870.5 1911.8 c
860.5 1912.5 l 860.2 1918.7 l
859.9 1924.9 l 864.2 1925.3 l
866.6 1925.5 869.1 1925.5 869.8 1925.3 c
870.6 1925.1 874.4 1925 878.5 1925 c
h
951.5 1919.2 m
951.1 1916.6 950.6 1914.2 950.3 1913.8 c
949.5 1912.4 948.2 1913 947.7 1915 c
947.4 1916.2 946.3 1917 945.1 1917 c
943.7 1917 943 1916.4 943 1915 c
943 1913.4 942.3 1913 939.2 1913 c
937.2 1912.9 933.2 1912.3 930.5 1911.6 c
927.8 1910.8 925.1 1910.6 924.7 1911 c
924.2 1911.4 924 1913.7 924.2 1916.1 c
924.5 1920.4 924.6 1920.5 928.2 1920.8 c
931.2 1921.1 932 1921.5 932 1923 c
932 1924.7 932.9 1925 940.2 1925.2 c
951.4 1925.6 952.4 1925.1 951.5 1919.2 c
h
275.4 1879.5 m
275.1 1875.6 274.5 1871.7 273.9 1871 c
272.8 1869.2 272.7 1902.7 273.7 1912.1 c
274.4 1917.8 274.6 1916.7 275.2 1902.5 c
275.7 1893.7 275.7 1883.3 275.4 1879.5 c
h
1772.7 1913 m
1771 1898.7 1771.8 1891.5 1774.9 1893.4 c
1776.4 1894.4 1776.3 1907.4 1774.6 1913.5 c
1773.3 1918.5 l 1772.7 1913 l
h
1863.6 1910.5 m
1863.3 1909.6 1862.7 1899.5 1862.3 1888.1 c
1861.8 1869.7 1861.9 1867.3 1863.3 1866.7 c
1865 1866.1 1867.5 1868.4 1866.6 1869.8 c
1866.3 1870.3 1866 1879.6 1865.8 1890.4 c
1865.6 1909.1 1865.1 1914.3 1863.6 1910.5 c
h
871.3 1909.4 m
874.4 1908.9 876 1908.2 876.3 1907 c
876.7 1905.6 878.3 1905.2 885.6 1904.7 c
895 1904 897.6 1903.7 900 1902.7 c
900.8 1902.3 905.3 1901.9 910 1901.7 c
918.5 1901.3 l 918.8 1894.5 l
919.2 1885.3 917.2 1881 912.6 1881 c
910.3 1881 908.8 1881.7 907.9 1883 c
906.7 1884.7 904.8 1885.2 896.5 1886 c
891 1886.5 884 1887.3 881 1887.9 c
878 1888.4 872.2 1888.9 868.2 1888.9 c
861.9 1889 861 1889.2 861 1890.9 c
861 1892.3 860 1892.9 857.1 1893.4 c
853.5 1893.9 853.1 1894.3 852.5 1897.8 c
852 1900.8 852.4 1902.7 854 1905.8 c
856.2 1909.9 856.3 1910 861.5 1910 c
864.4 1910 868.8 1909.7 871.3 1909.4 c
h
1207 1893.9 m
1207 1881.5 1206.7 1877.9 1205.8 1878.2 c
1204.8 1878.5 1204.4 1882.6 1204.2 1893 c
1203.9 1907.7 1204.2 1910 1206 1910 c
1206.6 1910 1207 1904.3 1207 1893.9 c
h
948 1907.1 m
948 1905.1 949.8 1904 953.1 1904 c
955.6 1904 955.5 1902.4 953 1901.7 c
951.9 1901.4 951 1900.4 951 1899.3 c
951 1897.6 947 1895 944.3 1895 c
940.3 1895 941.4 1886.4 945.5 1885.8 c
946.6 1885.6 947.6 1884.6 947.8 1883.5 c
948.3 1881 951.1 1878.3 953.6 1877.8 c
954.6 1877.6 955.6 1876.6 955.9 1875.5 c
956.3 1873.3 958 1871.8 962.8 1869.5 c
964.5 1868.6 966 1867.5 966 1867 c
966 1866.4 966.6 1866 967.4 1866 c
968.2 1866 969 1865 969.2 1863.8 c
969.4 1862.3 970.3 1861.4 971.8 1861.2 c
973 1861 974 1860.3 974 1859.5 c
974 1858.8 974.7 1857.9 975.6 1857.6 c
976.5 1857.2 977 1856.7 976.7 1856.3 c
975.6 1855.3 978.1 1853 980.1 1853 c
981.2 1853 982 1852.3 982 1851.5 c
982 1850.7 982.6 1850 983.4 1850 c
984.2 1850 985 1849 985.2 1847.8 c
985.4 1846.3 986.3 1845.4 987.8 1845.2 c
989 1845 990 1844.2 990 1843.4 c
990 1842.6 990.6 1842 991.4 1842 c
992.2 1842 993 1841 993.2 1839.8 c
993.4 1838.5 994.3 1837.4 995.3 1837.2 c
997.4 1836.8 1001 1833.5 1001 1832 c
1001 1831.4 1001.8 1830.6 1002.8 1830.3 c
1004.8 1829.5 1008.5 1825.8 1009.3 1823.6 c
1009.7 1822.7 1010.9 1822 1012 1822 c
1013.1 1822 1014 1821.3 1014 1820.5 c
1014 1819.7 1014.5 1819 1015 1819 c
1015.6 1819 1016.5 1817.9 1017 1816.5 c
1017.6 1815 1018.7 1814 1020 1814 c
1021.1 1814 1022 1813.3 1022 1812.5 c
1022 1811.7 1022.5 1811 1023 1811 c
1023.6 1811 1024.5 1809.9 1025 1808.5 c
1025.6 1807 1026.7 1806 1028 1806 c
1029.1 1806 1030 1805.4 1030 1804.6 c
1030 1803.9 1030.9 1803 1032 1802.7 c
1033.2 1802.4 1034 1801.3 1034 1800.1 c
1034 1798.7 1034.6 1798 1036 1798 c
1037.1 1798 1038 1797.3 1038 1796.5 c
1038 1795.7 1038.6 1795 1039.4 1795 c
1040.2 1795 1041 1794 1041.2 1792.8 c
1041.4 1791.3 1042.3 1790.4 1043.8 1790.2 c
1045 1790 1046 1789.2 1046 1788.4 c
1046 1787.6 1046.6 1787 1047.4 1787 c
1048.2 1787 1049 1786 1049.2 1784.8 c
1049.4 1783.5 1050.3 1782.4 1051.3 1782.2 c
1053.7 1781.7 1056.7 1778.7 1057.2 1776.4 c
1057.4 1775.3 1058.3 1774.4 1059.4 1774.2 c
1061.4 1773.8 1065 1770.5 1065 1769 c
1065 1767.6 1069.9 1763 1071.5 1763 c
1072.3 1763 1073 1762.3 1073 1761.6 c
1073 1759.8 1077.3 1755 1078.9 1755 c
1080.5 1755 1083.8 1751.5 1084.2 1749.3 c
1084.4 1748.3 1085.2 1747.5 1086 1747.5 c
1087.9 1747.5 1091.7 1743.7 1092.2 1741.3 c
1092.4 1740.3 1093.2 1739.5 1094 1739.5 c
1096 1739.5 1100 1735.4 1100 1733.5 c
1100 1732.7 1100.7 1732 1101.6 1732 c
1103.8 1732 1108 1727.9 1108 1725.8 c
1108 1724.8 1108.7 1724 1109.6 1724 c
1110.5 1724 1112.6 1722.9 1114.2 1721.5 c
1115.8 1720.1 1117.6 1719.2 1118.1 1719.6 c
1118.6 1719.9 1119.3 1719.3 1119.7 1718.3 c
1120.6 1715.8 1124.8 1712 1126.6 1712 c
1127.3 1712 1128 1711.3 1128 1710.4 c
1128 1709.5 1129.1 1707.7 1130.5 1706.4 c
1131.9 1705.1 1133 1703.2 1133 1702 c
1133 1700.8 1133.7 1700 1134.6 1700 c
1136.6 1700 1139.9 1696.1 1140 1693.8 c
1140 1692.8 1140.7 1692 1141.6 1692 c
1143.6 1692 1148 1687.5 1148 1685.4 c
1148 1684.7 1148.8 1684 1149.8 1684 c
1151.7 1684 1157.3 1678.9 1157.1 1677.3 c
1157 1676.9 1157.5 1676.4 1158 1676.4 c
1158.5 1676.3 1159.4 1676.2 1159.9 1676.1 c
1161.5 1675.9 1166 1671.1 1166 1669.6 c
1166 1668.8 1167 1667.8 1168.2 1667.4 c
1171.8 1666.3 1174.9 1663.7 1175 1661.8 c
1175 1660.8 1175.7 1660 1176.6 1660 c
1178.6 1660 1183 1655.5 1183 1653.4 c
1183 1652.6 1183.8 1651.7 1184.8 1651.4 c
1185.7 1651.1 1187.3 1650.4 1188.4 1649.8 c
1190 1648.9 1190.2 1649.1 1189.7 1651.2 c
1189.4 1652.4 1188.8 1655.7 1188.4 1658.3 c
1187.9 1661.9 1187.2 1663.4 1185.6 1664 c
1182.4 1665.4 1179 1668.6 1179 1670.4 c
1179 1671.3 1178.2 1672 1177.2 1672 c
1176.3 1672 1174.9 1672.9 1174.2 1674 c
1173.5 1675.1 1171.9 1676 1170.5 1676 c
1168.7 1676 1168 1676.5 1168 1678 c
1168 1679.1 1167.4 1680 1166.6 1680 c
1165.8 1680 1164.8 1680.9 1164.5 1682 c
1164.2 1683.1 1163.2 1684 1162.4 1684 c
1161.6 1684 1161 1684.9 1161 1686 c
1161 1687.1 1160.2 1688.3 1159.2 1688.7 c
1157.1 1689.5 1153.5 1693.1 1153.5 1694.4 c
1153.5 1695 1152.6 1695.9 1151.5 1696.5 c
1147.9 1698.3 1145.2 1701.3 1145.7 1702.6 c
1146 1703.4 1145.6 1704.1 1144.9 1704.2 c
1144.1 1704.2 1143 1704.4 1142.4 1704.4 c
1141.8 1704.5 1140.5 1705.3 1139.6 1706.3 c
1138.6 1707.2 1137.4 1708 1136.9 1708 c
1136.4 1708 1136 1708.9 1136 1710 c
1136 1711.1 1135.3 1712 1134.6 1712 c
1132.5 1712 1128 1716.4 1128 1718.4 c
1128 1719.3 1127.2 1720 1126.2 1720 c
1125.1 1720 1123.5 1720.9 1122.5 1722 c
1121.5 1723.1 1119.9 1724 1118.8 1724 c
1117.7 1724 1117 1724.7 1117 1725.9 c
1117 1727 1116.1 1728.1 1115.1 1728.5 c
1114 1728.8 1112.9 1729.7 1112.6 1730.5 c
1112.3 1731.3 1111.1 1732 1110 1732 c
1108.9 1732 1108 1732.7 1108 1733.5 c
1108 1735.4 1104.7 1738.7 1102.3 1739.2 c
1101.3 1739.4 1100.4 1740.5 1100.2 1741.8 c
1100 1743 1099.2 1744 1098.4 1744 c
1097.6 1744 1097 1744.5 1097 1745 c
1097 1745.6 1095.9 1746.5 1094.5 1747 c
1093 1747.6 1092 1748.7 1092 1750 c
1092 1751.1 1091.3 1752 1090.5 1752 c
1089.7 1752 1089 1752.7 1089 1753.5 c
1089 1754.3 1088.3 1755 1087.4 1755 c
1085.2 1755 1081 1759.1 1081 1761.2 c
1081 1762.2 1080.3 1763 1079.4 1763 c
1077.4 1763 1073 1767 1073 1768.8 c
1073 1769.5 1072.2 1770.4 1071.2 1770.7 c
1068.8 1771.6 1065 1775.3 1065 1776.8 c
1065 1777.5 1064.3 1778.3 1063.5 1778.6 c
1062.7 1779 1062 1779.8 1062 1780.6 c
1062 1781.4 1061.1 1782 1060 1782 c
1058.9 1782 1057.6 1782.8 1057.3 1783.8 c
1056.4 1786.2 1052.7 1790 1051.2 1790 c
1050.5 1790 1049.6 1790.8 1049.3 1791.8 c
1048.4 1794.2 1044.7 1798 1043.2 1798 c
1042.5 1798 1041.5 1799.1 1041 1800.5 c
1040.5 1801.9 1039.6 1803 1039 1803 c
1038.5 1803 1038 1803.7 1038 1804.5 c
1038 1805.3 1037.1 1806 1036 1806 c
1034.9 1806 1033.7 1806.8 1033.3 1807.8 c
1032.6 1809.8 1028.9 1813.5 1027.6 1813.5 c
1027.1 1813.5 1026.2 1814.4 1025.6 1815.4 c
1024.2 1817.8 1020.8 1821.5 1019.8 1821.6 c
1019.3 1821.7 1018.5 1821.8 1018 1821.9 c
1017.5 1821.9 1017 1822.7 1017 1823.5 c
1017 1825.3 1013.5 1829 1011.8 1829 c
1010 1829.1 1006.9 1831.6 1007.7 1832.3 c
1008.7 1833.4 1005.8 1836.1 1004.3 1835.6 c
1003.5 1835.3 1002.7 1835.7 1002.4 1836.5 c
1002 1837.3 1001.2 1838 1000.5 1838 c
999.7 1838 999 1839 998.8 1840.2 c
998.6 1841.7 997.7 1842.6 996.2 1842.8 c
995 1843 994 1843.7 994 1844.5 c
994 1845.2 993.4 1846 992.6 1846.3 c
991.8 1846.6 991 1847.9 990.8 1849.2 c
990.6 1850.6 989.8 1851.5 988.8 1851.5 c
987 1851.5 983.7 1855.3 984.6 1856.3 c
984.9 1856.6 984.2 1857.8 983 1859 c
981.8 1860.2 980.6 1860.9 980.2 1860.6 c
979.3 1859.7 976.1 1863.1 976.6 1864.4 c
976.9 1865.1 975.8 1866.2 974.3 1867 c
972.8 1867.8 970.1 1869.7 968.4 1871.3 c
966.7 1872.8 964.7 1874 963.9 1873.8 c
963.1 1873.6 962.4 1874.5 962.2 1875.8 c
962 1877 961.4 1878 960.9 1878 c
959.5 1878 956.2 1881.6 955.8 1883.6 c
955.6 1884.7 954.6 1885.6 953.6 1885.8 c
951.5 1886.3 948.1 1889.8 948 1891.7 c
948 1892.3 948.9 1893.2 950 1893.5 c
951.1 1893.8 952 1894.6 952 1895.1 c
952 1895.6 952.7 1896 953.5 1896 c
954.4 1896 955 1896.9 955 1898.5 c
955 1900.3 955.5 1901 957 1901 c
958.3 1901 959 1900.3 959 1899 c
959 1897.9 959.7 1897 960.5 1897 c
961.3 1897 962 1896.4 962 1895.6 c
962 1894.8 963 1894 964.2 1893.8 c
965.5 1893.6 966.6 1892.7 966.8 1891.7 c
967.3 1889.3 970.3 1886.3 972.7 1885.8 c
973.7 1885.6 974.6 1884.5 974.8 1883.2 c
975 1882 975.8 1881 976.6 1881 c
977.4 1881 978 1880.3 978 1879.5 c
978 1878.7 978.9 1878 980 1878 c
981.1 1878 982.4 1877.2 982.7 1876.2 c
983.5 1874.1 987.2 1870 988.4 1870 c
990 1870 994 1865.5 994 1863.8 c
994 1862.7 994.8 1862 995.8 1862 c
997.6 1862 1003.2 1857 1003.2 1855.3 c
1003.2 1854.9 1003.6 1854.6 1004.1 1854.7 c
1005.3 1855.1 1010.2 1850 1010.5 1848.1 c
1010.6 1847.2 1011.3 1846.5 1012.2 1846.5 c
1014 1846.5 1019.1 1841.1 1018.4 1839.9 c
1018.1 1839.4 1018.4 1839 1018.9 1839 c
1019.5 1839 1020 1839.8 1020.1 1840.8 c
1020.1 1842.1 1020.3 1842.2 1020.7 1841 c
1021.5 1838.7 1026.2 1834 1027.7 1834 c
1028.4 1834 1029 1833.4 1029 1832.7 c
1029 1831 1034.5 1826 1036.4 1826 c
1037.3 1826 1038 1825.3 1038 1824.6 c
1038 1822.5 1042.4 1818 1044.4 1818 c
1045.3 1818 1046 1817.3 1046 1816.4 c
1046 1814.2 1050.1 1810 1052.2 1810 c
1053.2 1810 1054 1809.3 1054 1808.4 c
1054 1806.4 1057.9 1803.1 1060.2 1803 c
1061.4 1803 1062 1802.2 1062 1800.5 c
1062 1799.1 1062.5 1798 1063 1798 c
1064.5 1798 1067.8 1794.4 1068.2 1792.4 c
1068.4 1791.3 1069.3 1790.4 1070.4 1790.2 c
1071.4 1790 1073 1789 1074 1788 c
1075 1787 1076 1785.4 1076.2 1784.4 c
1076.4 1783.3 1077.3 1782.4 1078.4 1782.2 c
1079.4 1782 1081 1781 1082 1780 c
1083 1779 1084 1777.4 1084.2 1776.4 c
1084.4 1775.3 1085.3 1774.4 1086.4 1774.2 c
1087.4 1774 1089 1773 1090 1772 c
1091 1771 1092 1769.4 1092.2 1768.4 c
1092.4 1767.3 1093.4 1766.4 1094.4 1766.2 c
1096.9 1765.7 1099.7 1763 1100.1 1760.6 c
1100.3 1759.5 1101.4 1758.6 1102.5 1758.4 c
1103.6 1758.2 1105.6 1756.8 1107 1755.2 c
1108.4 1753.5 1110.4 1752 1111.5 1751.8 c
1112.6 1751.6 1113.4 1750.9 1113.3 1750.3 c
1113 1749.1 1116 1746.2 1119.3 1744.5 c
1120.5 1743.9 1121.4 1742.8 1121.2 1742.1 c
1121.1 1741.5 1121.7 1740.7 1122.5 1740.4 c
1123.3 1740 1124 1739.2 1124 1738.4 c
1124 1737.6 1124.8 1737 1125.9 1737 c
1127.9 1737 1130.4 1734.7 1129.3 1733.7 c
1129 1733.3 1129.5 1732.8 1130.4 1732.4 c
1131.3 1732.1 1132 1731.3 1132 1730.6 c
1132 1729.9 1133.5 1729 1135.2 1728.5 c
1137.4 1727.8 1138.4 1727 1138.2 1725.9 c
1138 1724.4 1138.9 1723.6 1141.5 1723.1 c
1143.2 1722.7 1146.2 1719.6 1147.1 1717.2 c
1147.6 1716 1148.6 1715 1149.5 1715 c
1151.4 1715 1154.7 1711.7 1155.2 1709.3 c
1155.4 1708.3 1156.5 1707.4 1157.8 1707.2 c
1159 1707 1160 1706.2 1160 1705.4 c
1160 1704.6 1160.7 1704 1161.5 1704 c
1162.3 1704 1163 1703.3 1163 1702.5 c
1163 1700.7 1167.4 1696.3 1169.7 1695.8 c
1170.7 1695.6 1171.5 1694.8 1171.5 1694 c
1171.5 1692.1 1175.3 1688.3 1177.7 1687.8 c
1178.7 1687.6 1179.5 1687 1179.5 1686.5 c
1179.5 1684.8 1183.5 1680.2 1185.4 1679.9 c
1186.3 1679.7 1187 1679.2 1186.8 1678.9 c
1186.6 1678.6 1187.7 1676.9 1189.2 1675.1 c
1190.8 1673.3 1192 1671 1192 1670.1 c
1192 1667.1 1197.9 1667.5 1199 1670.6 c
1199.5 1671.9 1200.7 1673 1201.5 1673 c
1202.4 1673 1203.8 1673.7 1204.6 1674.5 c
1205.5 1675.3 1207.2 1676 1208.6 1676 c
1210.3 1676 1211 1676.6 1211 1677.8 c
1211 1679.5 1218.1 1684 1220.9 1684 c
1221.5 1684 1222 1684.9 1222 1686 c
1222 1687.4 1222.7 1688 1224.3 1688 c
1225.5 1688 1227.3 1688.9 1228.3 1690 c
1229.2 1691.1 1231.1 1692 1232.6 1692 c
1234.7 1692 1235 1692.4 1234.5 1694 c
1234 1695.6 1234.3 1696 1236 1696 c
1237.1 1696 1238.3 1696.6 1238.6 1697.4 c
1238.9 1698.2 1240.7 1699.1 1242.6 1699.5 c
1245.1 1699.9 1246 1700.6 1245.8 1701.8 c
1245.6 1703 1246.3 1703.6 1248 1703.8 c
1249.4 1704 1251.3 1705 1252.3 1706.1 c
1253.3 1707.1 1255.2 1708 1256.6 1708 c
1258.4 1708 1259 1708.4 1258.7 1709.4 c
1258.1 1711 1262.3 1714.4 1266.2 1715.4 c
1268.1 1715.8 1269 1716.7 1269 1718 c
1269 1719.3 1269.7 1720 1271 1720 c
1272.1 1720 1273.3 1720.7 1273.6 1721.5 c
1274 1722.3 1275 1723 1275.9 1723 c
1278.2 1723 1280 1724.9 1279.3 1726.6 c
1278.9 1727.6 1279.7 1728 1281.9 1728 c
1283.7 1728 1285.9 1728.9 1287 1730 c
1288.1 1731.1 1290.1 1732 1291.5 1732 c
1293.3 1732 1294 1732.5 1294 1734 c
1294 1735.1 1294.7 1736 1295.5 1736 c
1296.4 1736 1297.3 1736.6 1297.6 1737.4 c
1297.9 1738.2 1299.4 1739 1300.9 1739.3 c
1302.6 1739.7 1304 1740.7 1304.3 1741.9 c
1304.6 1743.4 1305.6 1744 1307.4 1744 c
1309 1744 1310 1744.6 1310 1745.5 c
1310 1746.3 1311.4 1747.2 1313.5 1747.6 c
1317.3 1748.3 1319.2 1750 1316.3 1750.1 c
1315.2 1750.1 1315.7 1750.6 1317.5 1751.2 c
1319.2 1751.8 1320.9 1752.9 1321.3 1753.6 c
1321.7 1754.4 1322.9 1755 1323.9 1755 c
1324.9 1755 1326.3 1755.7 1327 1756.5 c
1327.7 1757.3 1329.5 1758 1331.1 1758 c
1333.5 1758 1334 1758.4 1334 1760.5 c
1334 1762.1 1334.6 1763 1335.5 1763 c
1336.4 1763 1337.3 1763.7 1337.6 1764.5 c
1338 1765.3 1339 1766 1340 1766 c
1343.2 1766 1345 1767.1 1345 1769.1 c
1345 1770.4 1345.7 1771 1347.1 1771 c
1348.2 1771 1350.3 1771.9 1351.7 1773 c
1353.1 1774.1 1355.1 1775 1356.1 1775 c
1357.3 1775 1358 1775.7 1358 1777 c
1358 1778.1 1358.7 1779 1359.5 1779 c
1360.4 1779 1361.3 1779.7 1361.6 1780.5 c
1362 1781.3 1363 1782 1364 1782 c
1367.1 1782 1368.9 1783.1 1368.3 1784.6 c
1368 1785.4 1368.6 1786.3 1369.6 1786.7 c
1370.7 1787.1 1372 1787.9 1372.5 1788.6 c
1373 1789.3 1374.8 1790 1376.5 1790.2 c
1378.7 1790.4 1379.6 1791.1 1379.8 1792.8 c
1380 1794.3 1380.8 1795 1382.5 1795 c
1383.7 1795 1385 1795.7 1385.4 1796.5 c
1385.7 1797.4 1387.2 1798 1389 1798 c
1391.3 1798 1392 1798.4 1392 1800 c
1392 1801.1 1392.8 1802.4 1393.8 1802.7 c
1394.7 1803.1 1395.8 1803.8 1396.2 1804.4 c
1396.6 1805 1397.5 1805.5 1398.2 1805.6 c
1398.9 1805.6 1400.2 1805.8 1401.1 1805.8 c
1402 1805.9 1403.1 1807.1 1403.4 1808.5 c
1403.8 1810.2 1404.7 1811 1406.2 1811 c
1407.3 1811 1408.8 1811.7 1409.4 1812.5 c
1410 1813.4 1411.6 1814.2 1412.9 1814.3 c
1414.3 1814.4 1415.6 1815.3 1416.1 1816.7 c
1416.6 1818 1417.6 1819 1418.5 1819 c
1419.3 1819 1420 1819.6 1420 1820.4 c
1420 1821.2 1421 1822 1422.2 1822.2 c
1423.5 1822.4 1424.5 1823.1 1424.5 1823.9 c
1424.5 1825.6 1429.4 1827.4 1431.5 1826.6 c
1432.3 1826.3 1433 1825.2 1433 1824.1 c
1433 1823.1 1433.7 1822 1434.5 1821.6 c
1435.3 1821.3 1436 1820 1436 1818.7 c
1436 1814.1 1437.3 1810 1438.6 1810 c
1439.4 1810 1440 1809.3 1440 1808.5 c
1440 1807.7 1439.2 1807 1438.1 1807 c
1437.1 1807 1435.1 1806.1 1433.7 1805 c
1432.3 1803.9 1430.5 1803 1429.6 1803 c
1428.7 1803 1427.6 1802.2 1427.3 1801.2 c
1426.5 1799.1 1425 1798 1422.8 1798 c
1420.7 1798 1416 1794.1 1416 1792.4 c
1416 1791.7 1414.7 1790.9 1413.1 1790.5 c
1411.5 1790.2 1409.6 1789.2 1408.9 1788.4 c
1408.3 1787.6 1406.9 1787 1405.9 1787 c
1404.7 1787 1404 1786.3 1404 1785.1 c
1404 1783.5 1401.3 1782 1397.7 1781.6 c
1397.3 1781.5 1396.6 1781 1396.2 1780.4 c
1395.8 1779.8 1394.7 1779 1393.6 1778.7 c
1392.5 1778.3 1392 1777.4 1392.4 1776.5 c
1392.8 1775.4 1392.3 1775 1390.6 1775 c
1389.3 1775 1387.1 1774.1 1385.7 1773 c
1384.3 1771.9 1382.5 1771 1381.6 1771 c
1380.7 1771 1380 1770.2 1380 1769.1 c
1380 1767.8 1378.3 1766.6 1374.5 1764.9 c
1371.3 1763.5 1369 1761.9 1369 1761 c
1369 1760.2 1366.6 1758.4 1363.7 1757.1 c
1360.9 1755.7 1358.1 1754 1357.7 1753.3 c
1357.3 1752.6 1355.8 1752 1354.4 1752 c
1352.7 1752 1351.6 1751.3 1351.3 1750 c
1351 1748.9 1350.5 1748 1350.1 1747.9 c
1347 1747.5 1345.5 1746.9 1344.8 1745.6 c
1344.3 1744.7 1342.6 1744 1341 1744 c
1338.7 1744 1338 1743.5 1338 1742 c
1338 1740.9 1337.6 1740 1337.1 1740 c
1336.6 1740 1335.4 1739.2 1334.4 1738.2 c
1332.6 1736.4 1332.3 1736.3 1328.9 1736.1 c
1327.7 1736.1 1326.6 1735.1 1326.3 1734 c
1326 1732.9 1325 1732 1324.1 1732 c
1323.2 1732 1321.7 1731.1 1320.7 1730 c
1319.8 1728.9 1317.9 1728 1316.5 1728 c
1314.7 1728 1314 1727.5 1314 1726 c
1314 1724.9 1313.3 1724 1312.5 1724 c
1311.6 1724 1310.7 1723.4 1310.4 1722.6 c
1310.1 1721.8 1308.3 1720.9 1306.4 1720.6 c
1303.9 1720.1 1303 1719.4 1303 1718 c
1303 1716.6 1302.3 1716 1300.7 1716 c
1299.5 1716 1297.7 1715.1 1296.7 1714 c
1295.8 1712.9 1293.9 1712 1292.5 1712 c
1290.7 1712 1290 1711.5 1290 1710 c
1290 1708.9 1289.3 1708 1288.5 1708 c
1287.6 1708 1286.7 1707.4 1286.4 1706.6 c
1286.1 1705.8 1284.3 1704.9 1282.4 1704.6 c
1279.9 1704.1 1279 1703.4 1279 1702 c
1279 1700.5 1278.3 1700 1276.5 1700 c
1275.1 1700 1273.7 1699.4 1273.4 1698.6 c
1273.1 1697.8 1271.8 1696.9 1270.4 1696.6 c
1268.9 1696.2 1268 1695.2 1268 1694 c
1268 1692.5 1267.3 1692 1265.5 1692 c
1264.1 1692 1262.7 1691.3 1262.4 1690.5 c
1262.1 1689.7 1260.3 1688.8 1258.4 1688.4 c
1256 1688 1255 1687.2 1255 1685.9 c
1255 1684.8 1254.3 1684 1253.5 1684 c
1252.6 1684 1251.7 1683.3 1251.4 1682.5 c
1251 1681.7 1249.8 1681 1248.6 1681 c
1245.8 1681 1243.8 1679.6 1244.2 1677.9 c
1244.4 1677.1 1243.5 1676.4 1242 1676.2 c
1240.6 1676 1238.7 1675 1237.7 1673.9 c
1236.7 1672.9 1235 1672 1234 1672 c
1231.8 1672 1231.3 1670.4 1233.2 1669.7 c
1233.9 1669.5 1233.2 1668.9 1231.5 1668.5 c
1229.8 1668 1228 1667.1 1227.5 1666.5 c
1227 1665.8 1225.3 1665 1223.9 1664.6 c
1222.2 1664.2 1221.3 1663.4 1221.4 1662.3 c
1221.4 1661.2 1220.6 1660.4 1219 1660 c
1215.4 1659.3 1211.3 1656.2 1210.7 1654 c
1210.4 1652.7 1209.3 1652 1207.7 1652 c
1206.4 1652 1204.7 1651.3 1204 1650.5 c
1203.3 1649.7 1201.9 1649 1200.8 1649 c
1199.7 1649 1198.6 1648.1 1198.3 1647 c
1198 1645.9 1196.6 1644.7 1195.1 1644.4 c
1193.7 1644 1192 1643.1 1191.3 1642.3 c
1189.2 1639.6 1179.5 1643.8 1180.2 1647 c
1180.4 1647.7 1179.6 1648.7 1178.5 1649.3 c
1175.2 1651.3 1171.9 1653.8 1171.9 1654.4 c
1172.1 1656.5 1171.8 1657 1170.6 1657 c
1169 1657 1164 1661.2 1164 1662.5 c
1164 1664 1159.5 1668 1157.8 1668 c
1156.7 1668 1156 1668.8 1156 1670 c
1156 1671.1 1155.4 1672 1154.6 1672 c
1153.8 1672 1152.8 1672.9 1152.5 1674 c
1152.2 1675.1 1151 1676 1149.9 1676 c
1148.7 1676 1148 1676.7 1148 1678 c
1148 1679.1 1147.4 1680 1146.6 1680 c
1145.8 1680 1144.8 1680.9 1144.5 1682 c
1144.2 1683.1 1143 1684 1141.9 1684 c
1140.7 1684 1140 1684.7 1140 1686 c
1140 1687.1 1139.3 1688 1138.5 1688 c
1137.8 1688 1136.7 1688.6 1136.3 1689.2 c
1135.9 1689.9 1134.6 1691 1133.5 1691.6 c
1132.4 1692.3 1131.6 1693.5 1131.8 1694.4 c
1132 1695.3 1131.4 1696 1130.6 1696 c
1129.8 1696 1128.7 1696.6 1128.3 1697.3 c
1127.9 1698.1 1126.7 1698.9 1125.8 1699.3 c
1124.8 1699.6 1124 1700.9 1124 1702 c
1124 1703.1 1123.3 1704 1122.5 1704 c
1121.7 1704 1121 1704.5 1121 1705 c
1121 1705.6 1119.9 1706.5 1118.5 1707 c
1117 1707.6 1116 1708.7 1116 1710 c
1116 1711.1 1115.3 1712 1114.5 1712 c
1113.7 1712 1113 1712.6 1113 1713.4 c
1113 1714.2 1112 1715 1110.8 1715.2 c
1109.3 1715.4 1108.4 1716.3 1108.2 1717.8 c
1108 1719 1107.2 1720 1106.4 1720 c
1105.6 1720 1105 1720.6 1105 1721.4 c
1105 1722.2 1104 1723 1102.8 1723.2 c
1101.3 1723.4 1100.4 1724.3 1100.2 1725.8 c
1100 1727 1099.2 1728 1098.4 1728 c
1097.6 1728 1097 1728.5 1097 1729 c
1097 1729.6 1095.9 1730.5 1094.5 1731 c
1093 1731.6 1092 1732.7 1092 1734 c
1092 1735.1 1091.3 1736 1090.5 1736 c
1089.7 1736 1089 1736.7 1089 1737.5 c
1089 1738.3 1088.1 1739 1087 1739 c
1085.9 1739 1084.7 1739.8 1084.3 1740.8 c
1083.5 1742.9 1080.3 1746.1 1077.5 1747.5 c
1076.4 1748.1 1075.5 1749 1075.5 1749.5 c
1075.5 1751.3 1071.6 1755 1069.7 1755 c
1068.8 1755 1067.7 1755.7 1067.4 1756.5 c
1067.1 1757.3 1066 1758.2 1065 1758.5 c
1064 1758.8 1063 1760.4 1062.7 1762 c
1062.3 1764 1061.4 1764.9 1059.8 1765.2 c
1058.4 1765.4 1056.8 1766.9 1055.6 1769.2 c
1054.5 1771.3 1052.8 1773 1051.6 1773.2 c
1050.5 1773.4 1048.8 1775.1 1047.6 1777.2 c
1046.5 1779.3 1044.8 1781 1043.6 1781.2 c
1042.5 1781.4 1040.8 1783.1 1039.6 1785.2 c
1038.5 1787.3 1036.9 1789 1036.1 1789 c
1033.9 1789.1 1031.2 1791.3 1031.7 1792.6 c
1031.9 1793.2 1031.1 1794.5 1030 1795.5 c
1028.9 1796.5 1028 1796.9 1028 1796.5 c
1028 1796.1 1027.1 1796.5 1026.1 1797.4 c
1025 1798.4 1024.4 1799.8 1024.6 1800.5 c
1024.9 1801.2 1023.7 1802.4 1021.8 1803.4 c
1017.1 1805.7 1015.3 1807.3 1014.9 1809.5 c
1014.6 1810.6 1013.6 1811.6 1012.6 1811.8 c
1010.3 1812.3 1007.6 1814.8 1006.7 1817.2 c
1006.3 1818.2 1005.1 1819 1004 1819 c
1002.9 1819 1002 1819.7 1002 1820.5 c
1002 1821.3 1001.5 1822 1001 1822 c
1000.4 1822 999.5 1823.1 999 1824.5 c
998.4 1826 997.3 1827 996 1827 c
994.9 1827 994 1827.7 994 1828.5 c
994 1829.3 993.4 1830 992.6 1830 c
991.8 1830 991 1831 990.8 1832.2 c
990.6 1833.7 989.7 1834.6 988.2 1834.8 c
987 1835 986 1835.8 986 1836.6 c
986 1837.4 985.4 1838 984.6 1838 c
983.8 1838 983 1839 982.8 1840.2 c
982.6 1841.7 981.7 1842.6 980.2 1842.8 c
979 1843 978 1843.8 978 1844.6 c
978 1845.4 977.3 1846 976.5 1846 c
975.7 1846 975 1846.8 975 1847.9 c
975 1848.9 974.3 1850.3 973.5 1851 c
972.7 1851.7 972 1852 972 1851.7 c
972 1851.4 970.9 1852.1 969.5 1853.4 c
968.1 1854.7 967 1856.3 967 1856.9 c
967 1857.5 966.2 1858.4 965.2 1858.7 c
962.8 1859.6 959 1863.3 959 1864.8 c
959 1866.3 955.4 1870 953.9 1870 c
952.1 1870 948 1874.3 948 1876.3 c
948 1877.3 946.9 1878.5 945.5 1879 c
944.2 1879.5 942.8 1881 942.4 1882.4 c
941.3 1887 929.9 1890 927 1886.5 c
925.1 1884.3 923.2 1886.3 923.8 1890 c
924 1891.7 924.6 1893.3 925.1 1893.6 c
926.4 1894.4 926.2 1900.4 924.9 1901.7 c
923.2 1903.4 924.7 1904.8 927.7 1904.2 c
931.3 1903.6 933 1902.2 933 1900 c
933 1897.9 934.9 1897 939.1 1897 c
941.4 1897 942 1897.4 942 1899.1 c
942 1901.5 939.8 1904 937.7 1904 c
934.8 1904 933 1905.2 933 1907.1 c
933 1908.8 933.8 1909 940.5 1909 c
947.2 1909 948 1908.8 948 1907.1 c
h
1085.5 1903.7 m
1084.5 1899.8 1085.4 1888.7 1086.8 1888.2 c
1087.7 1887.9 1088 1890.1 1088 1896.9 c
1088 1905.6 1086.8 1908.9 1085.5 1903.7 c
h
1607.7 1900.6 m
1608 1900.3 1608.3 1897.7 1608.4 1894.8 c
1608.5 1889.5 l 1601.7 1889.7 l
1597.2 1889.9 1594.4 1890.5 1593.4 1891.5 c
1591.4 1893.4 1590 1893.4 1590 1891.5 c
1590 1890.7 1589.1 1890 1588 1890 c
1586.9 1890 1586 1890.6 1586 1891.3 c
1586 1892 1585 1893 1583.8 1893.5 c
1580.6 1894.9 1580.3 1899.8 1583.3 1901.1 c
1585.5 1902 1606.7 1901.6 1607.7 1900.6 c
h
1648.8 1900.3 m
1647.8 1900.1 1647 1899.4 1647 1898.9 c
1647 1898.3 1647.5 1898.2 1648 1898.5 c
1648.6 1898.8 1649 1898.1 1649 1896.7 c
1649 1894.6 1649.6 1894.2 1652.9 1893.6 c
1655.7 1893.2 1656.9 1892.4 1657.3 1891 c
1657.8 1889 1658.6 1888.9 1670.7 1888.8 c
1677.7 1888.8 1686.2 1888.8 1689.4 1888.8 c
1693.8 1888.9 1696 1888.4 1698.1 1887 c
1703.1 1883.3 1705.7 1884.8 1704.2 1890.5 c
1703.4 1893.5 l 1688.6 1893.6 l
1678.4 1893.6 1673.6 1894 1673.1 1894.8 c
1672.6 1895.6 1670 1896 1665.9 1895.9 c
1657.1 1895.6 1653 1896.7 1653 1899.1 c
1653 1901 1652.2 1901.2 1648.8 1900.3 c
h
1621.8 1895.1 m
1622.7 1894.5 1625.6 1893.8 1628.2 1893.5 c
1632.9 1892.9 1633.8 1891.9 1632.2 1889.3 c
1631.7 1888.5 1628.9 1888.2 1623 1888.5 c
1613.6 1889 1611.6 1890.6 1616.1 1894.1 c
1618.9 1896.2 1619.4 1896.3 1621.8 1895.1 c
h
2058.5 1895 m
2058.2 1894.5 2054.9 1894 2051.2 1894 c
2043.5 1894 2042.6 1893.6 2041.6 1889.6 c
2040.9 1886.7 l 2046.2 1887.4 l
2049.1 1887.8 2052.4 1888.3 2053.5 1888.5 c
2054.6 1888.7 2059.2 1888.9 2063.8 1888.9 c
2071.3 1889 2072 1889.2 2072 1891 c
2072 1892.1 2072.7 1893 2073.5 1893 c
2074.3 1893 2074.7 1892.4 2074.4 1891.6 c
2073.7 1889.9 2077.8 1888.4 2079.2 1889.8 c
2080.7 1891.3 2079.2 1894.7 2076.7 1895.4 c
2073 1896.4 2059.2 1896.1 2058.5 1895 c
h
423.4 1891.7 m
422.7 1890.5 419.9 1889.8 412.2 1888.9 c
406.6 1888.2 402 1887.4 402 1886.9 c
402 1886.5 400.2 1885.9 398 1885.5 c
395.2 1885 394 1884.3 394 1883.2 c
394 1881.7 392 1880.4 386.7 1878.6 c
385.8 1878.3 384.5 1876.9 384 1875.5 c
383.5 1874.1 381.9 1872.6 380.6 1872 c
377.8 1871 375 1867.3 375 1864.8 c
375 1863.8 374 1862.6 372.7 1862.1 c
371.2 1861.5 369.9 1859.5 368.6 1855.6 c
367.5 1852.4 365.9 1849.5 365.1 1849 c
363.8 1848.2 363.7 1848.1 365 1848 c
366 1848 365.7 1847.5 364.2 1846.4 c
362.7 1845.4 362 1843.9 362 1841.5 c
362 1839.6 361.6 1837.8 361 1837.5 c
360.4 1837.2 360 1835.2 360 1833.2 c
360 1826.1 358.8 1821.8 356.8 1821.2 c
354.9 1820.8 354.9 1820 355.4 1805.6 c
355.9 1794.4 356.4 1790.4 357.4 1789.8 c
358.2 1789.4 359.1 1786.5 359.5 1783.3 c
360.7 1772.8 363 1765.2 365.1 1764.7 c
366.6 1764.3 367 1763.3 367 1760.1 c
367 1757.4 367.5 1755.7 368.5 1755.4 c
369.3 1755.1 370.2 1753.3 370.6 1751.4 c
371 1749 371.8 1748 373.1 1748 c
374.2 1748 375 1747.4 375 1746.6 c
375 1745.9 375.6 1744.7 376.4 1744 c
377.2 1743.4 377.7 1742.3 377.5 1741.7 c
376.9 1740 379.2 1737.3 381.5 1736.9 c
382.6 1736.6 383.5 1735.8 383.5 1734.9 c
383.5 1734 384.3 1732.5 385.3 1731.6 c
386.2 1730.6 387 1729.4 387 1728.9 c
387 1728.4 387.9 1728 389 1728 c
390.1 1728 391 1727.4 391 1726.8 c
391 1724.9 395.3 1721.2 398.3 1720.5 c
400 1720 401 1719.1 401 1717.9 c
401 1716.7 402 1715.8 403.7 1715.4 c
405.2 1715 407.1 1714.1 407.8 1713.3 c
408.5 1712.6 410.4 1712 412 1712 c
413.9 1712 414.9 1711.4 415.3 1710.1 c
416.4 1705.7 451 1705.7 451 1710.2 c
451 1711.6 451.8 1712 454.3 1712 c
456.3 1712 458.2 1712.8 459.3 1714 c
460.2 1715.1 462.1 1716 463.5 1716 c
465 1716 466 1716.6 466 1717.4 c
466 1719.5 470.4 1724 472.4 1724 c
473.3 1724 474 1724.8 474 1725.9 c
474 1726.9 474.7 1728 475.5 1728.4 c
476.3 1728.7 477 1729.6 477 1730.5 c
477 1731.3 477.8 1732 478.9 1732 c
480.2 1732 481 1733 481.4 1735.4 c
481.8 1737.3 482.7 1739.1 483.5 1739.4 c
484.4 1739.7 485 1741.3 485 1743.4 c
485 1746.2 485.4 1746.9 487.2 1747.2 c
489.1 1747.4 489.5 1748.1 489.5 1751.2 c
489.6 1753.2 490.3 1755.7 491.3 1756.8 c
492.3 1757.9 493 1760.3 493 1762.8 c
493 1766.2 493.3 1767 494.9 1767 c
496.5 1767 496.8 1768.2 497.4 1779 c
498.3 1793.8 497.3 1810 495.5 1810 c
494 1810 493.4 1812.1 492.5 1820.3 c
492.1 1823.4 491.4 1826.3 490.9 1826.6 c
490.4 1826.9 490 1828.3 490 1829.8 c
490 1834.3 488.9 1836.8 486.9 1837.3 c
485.5 1837.7 485 1838.7 485 1841.4 c
485 1843.7 484.5 1845.3 483.5 1845.6 c
482.6 1846 482 1847.5 482 1849.1 c
482 1851.3 481.4 1852.3 479.5 1853 c
478 1853.6 477 1854.7 477 1856 c
477 1857.1 476.3 1858.3 475.5 1858.6 c
474.7 1859 474 1859.8 474 1860.6 c
474 1861.4 473.1 1862 472 1862 c
470.7 1862 470 1862.7 470 1863.8 c
470 1864.8 468.6 1866.9 467 1868.5 c
465.4 1870.1 464 1871 464 1870.6 c
464 1870.2 462.8 1870.8 461.2 1872 c
459.7 1873.2 458.5 1874.9 458.5 1875.8 c
458.5 1876.8 457.6 1877.6 456.3 1877.8 c
455.1 1878 453.6 1878.8 453 1879.6 c
452.3 1880.4 450.5 1881 448.9 1881 c
446.9 1881 446.1 1881.5 445.8 1883.1 c
445.4 1885.6 440.5 1887.4 431.7 1888.5 c
427 1889 425.7 1889.6 425.1 1891.3 c
424.4 1893.2 424.2 1893.2 423.4 1891.7 c
h
2031.5 1887 m
2031.2 1886.5 2031.8 1886 2032.9 1886 c
2034.1 1886 2035 1886.5 2035 1887 c
2035 1887.5 2034.4 1888 2033.6 1888 c
2032.8 1888 2031.8 1887.5 2031.5 1887 c
h
1149.4 1876 m
1149.4 1870.2 1149.5 1867.9 1149.7 1870.8 c
1149.9 1873.6 1149.9 1878.4 1149.7 1881.2 c
1149.5 1884.1 1149.4 1881.8 1149.4 1876 c
h
431.4 1883.9 m
430.4 1882.2 433 1881 437.7 1881 c
440 1881 442.5 1880.4 443.3 1879.6 c
444 1878.8 445.8 1878 447.1 1877.8 c
448.7 1877.6 449.6 1876.7 449.8 1875.3 c
450 1873.8 451.1 1872.9 453.3 1872.5 c
455.1 1872.1 457.7 1870.5 459.2 1868.9 c
460.7 1867.3 462.6 1866 463.4 1866 c
464.3 1866 465 1865.3 465 1864.5 c
465 1863.7 466.1 1862 467.5 1860.6 c
468.9 1859.2 470 1857.2 470 1856 c
470 1854.9 470.5 1854 471.1 1854 c
471.7 1854 472 1854.7 471.6 1855.5 c
471.3 1856.3 471.5 1857 472 1857 c
472.6 1857 473 1856.4 473 1855.8 c
473 1855.1 473.6 1853.3 474.4 1851.9 c
475.1 1850.5 476 1848.1 476.4 1846.6 c
476.8 1845.1 478.1 1843.5 479.4 1843.1 c
481.2 1842.4 481.7 1841.4 481.8 1838.4 c
481.9 1836.3 482.4 1834.4 483 1834 c
483.5 1833.7 484.3 1830.6 484.6 1827.1 c
485.2 1821.8 485.6 1820.7 487.7 1819.9 c
489.9 1819.1 490 1818.6 490 1809.1 c
490 1803.5 490.4 1798.8 491 1798.5 c
492.3 1797.7 492.3 1784.1 491.1 1776.9 c
490.6 1773.9 489.9 1768.5 489.5 1764.8 c
489 1759.4 488.5 1758.1 486.9 1757.7 c
485.5 1757.3 485 1756.3 485 1754.1 c
485 1752.4 484.5 1751 483.9 1751 c
483.4 1751 483.1 1750.6 483.5 1750.1 c
483.8 1749.6 483.6 1748.9 483.1 1748.6 c
482.7 1748.3 482 1746.2 481.6 1744 c
481.2 1741.5 480.4 1740 479.6 1740 c
478.8 1740 477.8 1739.1 477.5 1738 c
477.2 1736.9 476.2 1736 475.4 1736 c
474.6 1736 474 1735.1 474 1734 c
474 1732.7 473 1731.6 471.5 1731 c
470.1 1730.5 469 1729.6 469 1729 c
469 1728.5 468.4 1728 467.6 1728 c
466.8 1728 466 1727 465.8 1725.8 c
465.6 1724.5 464.7 1723.4 463.7 1723.2 c
461.6 1722.8 457.5 1719 457.5 1717.5 c
457.5 1717 456.1 1716.4 454.5 1716.2 c
452.9 1716 449.9 1715.2 448 1714.3 c
443.1 1712 419.1 1712.1 417.8 1714.5 c
417.2 1715.4 415.5 1716 413 1716 c
409.7 1716 409 1716.3 409 1718 c
409 1719.5 408.3 1720 406.1 1720 c
404 1720 402.9 1720.6 402.5 1722 c
402.2 1723.1 401.2 1724 400.4 1724 c
399.6 1724 399 1724.9 399 1725.9 c
399 1727.1 398.2 1728 396.8 1728.2 c
394.1 1728.6 393.3 1730.8 395.5 1731.6 c
396.4 1732 398 1731.4 399.4 1730.1 c
400.6 1729 402.6 1728 403.8 1728 c
405.3 1728 406 1727.4 406 1726.2 c
406 1725.1 407.1 1723.8 408.5 1723.2 c
409.9 1722.6 411 1721.6 411 1721 c
411 1720.4 413.6 1720 417 1720 c
422.2 1720 423 1719.8 423 1718.1 c
423 1715.7 425.7 1715 434.2 1715.5 c
441.1 1715.9 443.4 1716.5 442.5 1718 c
441.8 1719.1 444.5 1720 449 1720 c
451.3 1720 453 1720.5 453.3 1721.4 c
453.6 1722.1 455.5 1723.1 457.5 1723.4 c
460.1 1723.9 461 1724.5 460.6 1725.5 c
460.1 1727 463.3 1729.4 464.3 1728.3 c
464.7 1728 465.3 1728.6 465.7 1729.6 c
466 1730.6 466.6 1731.7 467 1732 c
467.3 1732.3 468.1 1734.1 468.6 1736 c
469.3 1738.5 470.2 1739.6 471.8 1739.8 c
473.5 1740.1 474 1740.8 474 1743 c
474 1744.6 474.6 1746.5 475.3 1747.2 c
476.1 1747.9 476.7 1749.2 476.8 1750 c
477.3 1755.1 478.4 1757.9 480 1758.3 c
481.5 1758.7 481.9 1760.1 482.3 1766.1 c
482.6 1770.2 483.4 1776.7 484.1 1780.5 c
485.3 1786.5 485.8 1787.5 487.8 1787.8 c
489.7 1788.1 490 1788.7 490 1793 c
490 1797.3 489.7 1797.9 487.8 1798.2 c
486.4 1798.4 485.4 1799.3 485.2 1800.5 c
485 1801.6 484.1 1803.1 483.2 1803.8 c
481.8 1804.9 481.8 1805.1 483.5 1806.4 c
485.4 1807.8 485.4 1807.9 483.6 1809.9 c
482.5 1811.1 481.5 1814.1 481.2 1817 c
480.8 1821 480.4 1822 478.9 1822 c
477.4 1822 477 1822.7 477 1825.5 c
477 1827.7 476.4 1829.3 475.5 1829.6 c
474.7 1830 474 1831.3 474 1832.7 c
474 1834.3 473.3 1835.4 472.1 1835.7 c
470 1836.2 468.6 1838.6 469.5 1840 c
469.8 1840.5 469.1 1841.4 468 1842 c
466.9 1842.6 466 1843.7 466 1844.5 c
466 1845.3 465.1 1846 464 1846 c
462.8 1846 462 1846.7 462 1847.6 c
462 1849.8 457 1854.9 455.3 1854.3 c
454.5 1854 454 1854.5 454 1855.5 c
454 1857.6 449.8 1861.7 447.3 1862.2 c
444.3 1862.8 444.4 1866 447.4 1866 c
449.4 1866 450 1865.5 450 1863.9 c
450 1862.1 450.4 1861.9 453.2 1862.5 c
455 1862.9 456.8 1863.4 457.3 1863.7 c
458.6 1864.5 456.9 1866.2 455.4 1865.6 c
454.5 1865.2 453.6 1865.9 453 1867.4 c
452.5 1868.9 451 1870.1 449.1 1870.5 c
447.5 1870.8 445.7 1871.7 445.1 1872.4 c
443.8 1874 438 1873.2 438 1871.5 c
438 1870.7 438.9 1869.8 440 1869.5 c
443.2 1868.5 442.3 1867 438.5 1867 c
435 1867 l 435 1871.9 l
435 1876.5 434.9 1876.8 431.9 1877.4 c
428 1878.2 414.2 1878.2 411.3 1877.4 c
410.2 1877.1 409 1876 408.7 1874.9 c
408.3 1873.5 407.3 1873 404.7 1873 c
402.8 1873 400.7 1872.3 400 1871.5 c
399.3 1870.7 397.9 1870 396.9 1870 c
395.8 1870 394.1 1869.1 393 1868 c
391.9 1866.9 390.1 1866 389 1866 c
387.9 1866 387 1865.6 387 1865 c
387 1864.5 387.7 1864.3 388.5 1864.6 c
389.3 1865 390 1864.7 390 1864.1 c
390 1863.5 389.5 1863 388.9 1863 c
387.1 1863 383 1858.1 383 1855.9 c
383 1854.6 382.3 1854 380.9 1854 c
379.7 1854 378.6 1853.2 378.3 1852 c
378 1850.9 377.3 1850 376.8 1850 c
376.2 1850 376 1849.3 376.3 1848.5 c
376.7 1847.7 376.5 1846.8 376 1846.5 c
375.4 1846.1 375 1845 375 1843.9 c
375 1842.7 374.3 1842 373.1 1842 c
371.4 1842 371.1 1841 370.5 1835.2 c
370.2 1831.5 369.4 1827.6 368.7 1826.5 c
367.9 1825.2 367.4 1817.6 367.2 1803.8 c
366.9 1784 366.8 1783 364.9 1783 c
363.1 1783 363 1784 363 1805.9 c
363 1828.9 l 365.2 1829.2 l
367.3 1829.5 367.5 1830 367.5 1836.8 c
367.5 1841.2 368 1844.4 368.7 1844.8 c
369.3 1845.2 370.1 1847.2 370.5 1849.3 c
371 1852 371.7 1853 373.1 1853 c
374.4 1853 375 1853.7 375 1855.3 c
375 1856.6 375.9 1858.5 377 1859.5 c
378.1 1860.5 379 1862.4 379 1863.7 c
379 1865.3 379.6 1866 381 1866 c
382.1 1866 383 1866.6 383 1867.2 c
383 1869 387.5 1873 389.4 1873 c
390.3 1873 391.4 1873.8 391.7 1874.8 c
392.5 1877 394 1878 396.7 1878 c
397.9 1878 399 1878.5 399.2 1879 c
399.4 1879.6 401.3 1880.3 403.5 1880.6 c
412.9 1881.8 414 1882.1 414 1883.5 c
414 1884.7 415.8 1885 423.1 1885 c
429.5 1885 431.9 1884.7 431.4 1883.9 c
h
937 1880.2 m
938.9 1879.3 941.1 1877.2 941.8 1875.7 c
942.6 1874.1 943.9 1872.6 944.8 1872.2 c
945.8 1871.9 947.6 1870.3 949 1868.8 c
950.3 1867.3 952.2 1866 953.2 1866 c
954.2 1866 955 1865.3 955 1864.5 c
955 1862.9 959.6 1858 961 1858 c
961.6 1858 962 1856.9 962 1855.5 c
962 1853.7 962.5 1853 964 1853 c
965.1 1853 966 1852.4 966 1851.6 c
966 1850.8 966.7 1849.9 967.6 1849.6 c
968.5 1849.2 969 1848.7 968.6 1848.3 c
967.8 1847.4 971.1 1843.9 972.1 1844.6 c
972.6 1844.9 973.3 1844.4 973.6 1843.6 c
973.9 1842.7 974.8 1842 975.5 1842 c
976.3 1842 977 1841 977.2 1839.8 c
977.4 1838.5 978.3 1837.4 979.3 1837.2 c
981.7 1836.7 985 1833.4 985 1831.6 c
985 1830.9 985.7 1829.7 986.5 1829 c
987.3 1828.3 988 1828.1 988 1828.5 c
988 1829 988.9 1828.5 990 1827.5 c
991.2 1826.5 991.8 1825 991.6 1824.3 c
991.2 1823.2 994.2 1820.7 996.1 1820.5 c
997.1 1820.5 999.4 1817.6 1000.9 1814.7 c
1001.7 1813.2 1002.9 1812.1 1003.5 1812.4 c
1005.2 1813 1008.6 1809.7 1009.4 1806.6 c
1009.8 1805 1010.6 1804 1011.3 1804.3 c
1013 1804.9 1016.7 1801.8 1017.2 1799.4 c
1017.4 1798.4 1018.2 1797.5 1019 1797.5 c
1021 1797.5 1025 1793.4 1025 1791.5 c
1025 1790.6 1025.9 1790 1027.5 1790 c
1029.1 1790 1030 1789.4 1030 1788.5 c
1030 1787.7 1030.5 1787 1031 1787 c
1031.6 1787 1032.5 1785.9 1033 1784.5 c
1033.6 1783 1034.7 1782 1036 1782 c
1037.1 1782 1038 1781.4 1038 1780.6 c
1038 1779.8 1038.7 1779 1039.5 1778.6 c
1040.3 1778.3 1041 1777.1 1041 1776 c
1041 1774.5 1041.7 1774 1043.5 1774 c
1045.1 1774 1046 1773.4 1046 1772.5 c
1046 1771.7 1046.5 1771 1047 1771 c
1047.6 1771 1048.5 1769.9 1049 1768.5 c
1049.6 1767 1050.7 1766 1052 1766 c
1053.1 1766 1054 1765.3 1054 1764.5 c
1054 1763.7 1054.6 1763 1055.4 1763 c
1056.2 1763 1057 1762 1057.2 1760.8 c
1057.4 1759.3 1058.3 1758.4 1059.8 1758.2 c
1061 1758 1062 1757.2 1062 1756.4 c
1062 1755.6 1062.7 1755 1063.5 1755 c
1064.3 1755 1065 1754.3 1065 1753.5 c
1065 1752.7 1065.6 1752 1066.4 1752 c
1067.2 1752 1068 1751 1068.2 1749.8 c
1068.4 1748.3 1069.3 1747.4 1070.8 1747.2 c
1072 1747 1073 1746.2 1073 1745.4 c
1073 1744.6 1073.6 1744 1074.4 1744 c
1075.2 1744 1076 1743 1076.2 1741.8 c
1076.4 1740.3 1077.3 1739.4 1078.8 1739.2 c
1080 1739 1081 1738.2 1081 1737.4 c
1081 1736.6 1081.6 1736 1082.4 1736 c
1083.2 1736 1084 1735 1084.2 1733.8 c
1084.4 1732.5 1085.3 1731.4 1086.3 1731.2 c
1088.7 1730.7 1092 1727.4 1092 1725.5 c
1092 1724.7 1092.7 1724 1093.6 1724 c
1095.6 1724 1100 1719.5 1100 1717.4 c
1100 1716.7 1100.7 1716 1101.6 1716 c
1103.6 1716 1108 1711.5 1108 1709.4 c
1108 1708.7 1108.7 1708 1109.6 1708 c
1111.6 1708 1116 1703.5 1116 1701.4 c
1116 1700.7 1116.7 1700 1117.6 1700 c
1119.6 1700 1124 1695.5 1124 1693.4 c
1124 1692.7 1124.7 1692 1125.6 1692 c
1127.8 1692 1132 1687.9 1132 1685.8 c
1132 1684.8 1132.8 1684 1133.8 1684 c
1135.7 1684 1139.3 1680.5 1140.3 1677.8 c
1140.6 1676.8 1141.5 1676 1142.2 1676 c
1144.1 1675.9 1149.1 1671.3 1148.8 1669.8 c
1148.6 1669.1 1149.2 1668.6 1150.1 1668.8 c
1150.9 1668.9 1152.7 1667.9 1154 1666.5 c
1155.3 1665.1 1157.2 1664 1158.2 1664 c
1159.3 1664 1160 1663.3 1160 1662.2 c
1160 1661.2 1161.3 1659.3 1163 1658 c
1164.6 1656.6 1165.9 1654.7 1166 1653.8 c
1166 1652.9 1167 1651.8 1168.2 1651.4 c
1171 1650.6 1174 1647.6 1174 1645.6 c
1174 1644.8 1175 1643.8 1176.2 1643.4 c
1177.4 1643.1 1179.5 1641.4 1180.9 1639.8 c
1183.3 1636.9 1183.6 1636.8 1189.2 1637.4 c
1193.5 1637.8 1195.8 1638.6 1197.7 1640.5 c
1199.2 1641.8 1201.7 1643.2 1203.2 1643.5 c
1205.1 1644 1206 1644.8 1206 1646.1 c
1206 1647.3 1206.9 1648.2 1208.8 1648.6 c
1210.3 1649 1212.2 1649.8 1213 1650.5 c
1213.8 1651.2 1215.6 1652 1217 1652.2 c
1218.4 1652.3 1219.5 1653 1219.5 1653.7 c
1219.5 1655 1223.4 1658.1 1227.2 1659.8 c
1228.8 1660.4 1230 1661.6 1230 1662.5 c
1230 1663.3 1230.9 1664 1232 1664 c
1233.1 1664 1234.8 1664.9 1235.7 1666 c
1236.7 1667.1 1238.5 1668 1239.8 1668 c
1241.3 1668 1242.4 1668.7 1242.7 1670 c
1243 1671.1 1243.9 1672 1244.6 1672 c
1245.4 1672 1246.3 1672.6 1246.6 1673.4 c
1246.9 1674.2 1248.7 1675.1 1250.6 1675.4 c
1253.1 1675.9 1254 1676.6 1254 1678 c
1254 1679.3 1254.7 1680 1255.8 1680 c
1256.9 1680 1258.7 1680.9 1260 1682 c
1261.3 1683.1 1263.4 1684 1264.7 1684 c
1266.3 1684 1267 1684.6 1267 1685.9 c
1267 1688.2 1272.7 1692 1276 1692 c
1277.5 1692 1278 1692.4 1277.6 1693.5 c
1277.3 1694.4 1277.9 1695.4 1279.3 1696.1 c
1280.5 1696.8 1281.7 1697.6 1282 1697.9 c
1282.3 1698.3 1283.8 1699 1285.5 1699.5 c
1287.2 1700.1 1288.5 1701.2 1288.5 1702 c
1288.5 1702.9 1289.6 1703.6 1291.1 1703.8 c
1292.7 1704 1294 1704.9 1294.3 1706 c
1294.6 1707.3 1295.9 1708 1298.1 1708.2 c
1300 1708.4 1301.5 1709.1 1301.5 1709.7 c
1301.5 1711.2 1305.5 1714.1 1309.5 1715.5 c
1311.1 1716.1 1312.4 1717.1 1312.3 1717.8 c
1312.1 1718.4 1312.9 1719.4 1314 1720 c
1315.1 1720.6 1316 1720.7 1316 1720.3 c
1316 1719.9 1316.6 1720.2 1317.3 1721 c
1318 1721.8 1319.4 1723 1320.5 1723.6 c
1321.6 1724.2 1322.5 1725.3 1322.5 1726 c
1322.5 1726.7 1323.6 1727.5 1324.9 1727.7 c
1326.3 1727.9 1328.1 1728.7 1328.9 1729.4 c
1329.8 1730.1 1331.8 1731 1333.3 1731.4 c
1335.2 1731.8 1336 1732.6 1335.8 1733.8 c
1335.6 1735.1 1336.3 1735.6 1338.8 1735.8 c
1340.6 1736 1342 1736.7 1342 1737.5 c
1342 1738.2 1343.6 1739.1 1345.5 1739.4 c
1347.4 1739.8 1349 1740.7 1349 1741.4 c
1349 1743 1353.8 1746.5 1357.3 1747.4 c
1359.3 1747.9 1360 1748.6 1359.6 1749.5 c
1359.3 1750.5 1360 1751.2 1361.8 1751.6 c
1363.3 1752 1365 1752.7 1365.5 1753.4 c
1367 1755 1372.9 1758 1374.6 1758 c
1375.4 1758 1376.5 1759.1 1377 1760.5 c
1377.6 1762 1379 1763.2 1380.7 1763.6 c
1384.9 1764.7 1388 1767 1388 1769.1 c
1388 1770.4 1388.7 1771 1390.2 1771 c
1391.4 1771 1393.1 1771.7 1394.1 1772.6 c
1395 1773.4 1396.7 1774.3 1397.7 1774.4 c
1398.7 1774.5 1399.9 1775.6 1400.5 1776.8 c
1401 1777.9 1402.3 1779.2 1403.5 1779.6 c
1404.6 1779.9 1405.7 1780.3 1406 1780.4 c
1406.3 1780.6 1407.7 1781.2 1409.2 1781.8 c
1411 1782.5 1412 1783.7 1412 1785 c
1412 1786.4 1412.7 1787 1414.2 1787 c
1415.5 1787 1417.4 1787.7 1418.4 1788.5 c
1419.5 1789.3 1421.2 1790 1422.2 1790 c
1423.2 1790 1424.5 1791.1 1424.9 1792.4 c
1425.9 1794.8 1428.5 1796.5 1430.8 1796.1 c
1431.4 1796 1432 1796.4 1432 1797 c
1432 1797.5 1432.9 1798 1433.9 1798 c
1435.2 1798 1436 1798.8 1436.2 1800.2 c
1436.6 1803.4 1439.2 1803 1440.1 1799.6 c
1440.5 1798.1 1441.6 1796 1442.4 1795.1 c
1443.5 1793.9 1443.8 1792 1443.5 1788.6 c
1443.1 1783.7 1441.9 1782 1438.8 1782 c
1437.9 1782 1436.7 1781.4 1436.3 1780.7 c
1435.9 1779.9 1434.7 1779.1 1433.8 1778.7 c
1432.8 1778.4 1432 1777.4 1432 1776.6 c
1432 1775.8 1430.7 1774.9 1429.1 1774.5 c
1427.5 1774.2 1425.6 1773.2 1424.9 1772.4 c
1424.3 1771.6 1422.9 1771 1421.9 1771 c
1420.7 1771 1419.6 1770 1419 1768.5 c
1418.3 1766.6 1417.3 1766 1415.1 1766 c
1413.5 1766 1412 1765.4 1411.6 1764.5 c
1411.3 1763.7 1410.4 1763 1409.5 1763 c
1408.7 1763 1408 1762.1 1408 1761 c
1408 1759.7 1407.3 1759 1406.1 1759 c
1405.1 1759 1403.1 1758.1 1401.7 1757 c
1400.3 1755.9 1398.5 1755 1397.7 1755 c
1396.9 1755 1396 1754.4 1395.7 1753.6 c
1395.4 1752.8 1393.8 1751.9 1392.1 1751.5 c
1390.4 1751.1 1389 1750.3 1389 1749.6 c
1389 1748 1384.2 1744.5 1380.8 1743.7 c
1378.9 1743.2 1378.3 1742.5 1378.6 1741.5 c
1379.1 1740.4 1378.3 1739.8 1376 1739.4 c
1374.3 1739 1372.6 1738.1 1372.3 1737.4 c
1372 1736.6 1370.9 1736 1369.9 1736 c
1368.7 1736 1368 1735.3 1368 1734 c
1368 1732.7 1367.1 1731.8 1365.2 1731.4 c
1361.7 1730.5 1357 1727 1357 1725.3 c
1357 1724.6 1355.9 1724 1354.6 1724 c
1353.2 1724 1351.4 1723.2 1350.4 1722.3 c
1349.5 1721.3 1348.2 1720.5 1347.6 1720.4 c
1347 1720.4 1345.7 1720.2 1344.8 1720.2 c
1343.7 1720.1 1343 1719.2 1343 1718 c
1343 1716.5 1342.1 1715.8 1340 1715.3 c
1338.3 1715 1337 1714.4 1337 1713.9 c
1337 1713.5 1336.1 1712.8 1335 1712.5 c
1333.9 1712.2 1333 1711.1 1333 1710.1 c
1333 1708.8 1332.2 1708.2 1330.3 1708.2 c
1328.9 1708.2 1327.2 1707.6 1326.6 1706.8 c
1326 1706 1324.3 1705 1322.8 1704.6 c
1320.9 1704.2 1320 1703.3 1320 1702 c
1320 1700.4 1319.3 1700 1317 1700 c
1315.3 1700 1314 1699.5 1314 1699 c
1314 1698.4 1312.9 1697.4 1311.5 1696.8 c
1310.1 1696.2 1309.1 1695 1309.2 1694.2 c
1309.4 1693.2 1308.5 1692.6 1306.5 1692.3 c
1304.8 1692.1 1303 1691.3 1302.5 1690.6 c
1302 1689.9 1300.2 1689 1298.7 1688.6 c
1296.9 1688.2 1296 1687.4 1296.2 1686.3 c
1296.4 1685.2 1295.5 1684.2 1293.5 1683.6 c
1291.8 1683 1290.3 1682.3 1290 1681.9 c
1289.7 1681.6 1288.7 1681.1 1287.8 1680.7 c
1286.8 1680.4 1286 1679.1 1286 1678 c
1286 1676.8 1285.3 1676 1284.2 1676 c
1281 1676 1273 1671.6 1273 1669.8 c
1273 1668.7 1272.2 1668 1271 1668 c
1270 1668 1268.6 1667.1 1268 1666 c
1267.4 1664.8 1265.9 1664 1264.5 1664 c
1262.7 1664 1262 1663.5 1262 1662 c
1262 1660.4 1261.3 1660 1259 1660 c
1257.1 1660 1255.7 1659.3 1255 1658 c
1254.4 1656.9 1253.3 1656 1252.5 1656 c
1251.7 1656 1251 1655.1 1251 1654 c
1251 1652.5 1250.3 1652 1248.5 1652 c
1247.1 1652 1245.6 1651.2 1245 1650 c
1244.3 1648.7 1242.9 1648 1241 1648 c
1238.7 1648 1238 1647.5 1238 1646.1 c
1238 1645.1 1237.3 1644 1236.5 1643.6 c
1234.6 1642.9 1234.5 1641 1236.4 1641 c
1238.8 1641 1239.4 1638.9 1237.2 1638.3 c
1236 1638 1235 1636.8 1234.8 1635.6 c
1234.3 1632.4 1227.6 1632.5 1227.2 1635.7 c
1226.9 1637.4 1227.3 1637.8 1228.3 1637.4 c
1229.8 1636.9 1231.7 1638.7 1230.6 1639.7 c
1229.7 1640.6 1223 1637 1223 1635.6 c
1223 1633.8 1219.3 1631.5 1215.3 1630.6 c
1213.1 1630.1 1212 1629.2 1211.8 1627.7 c
1211.6 1626.4 1210.7 1625.4 1209.4 1625.2 c
1207.3 1624.9 1207.3 1624.4 1206.5 1596.2 c
1206.1 1580.4 1205.6 1567.2 1205.3 1566.8 c
1204.5 1565.4 1195.6 1566 1192.5 1567.6 c
1190.8 1568.5 1187.5 1569.5 1185 1569.9 c
1182.5 1570.3 1180.6 1571.1 1180.7 1571.7 c
1180.8 1572.3 1178.9 1573.1 1176.5 1573.5 c
1172 1574.1 l 1171.8 1595.3 l
1171.7 1607 1171.5 1618.1 1171.4 1620 c
1171.3 1621.9 1171.2 1624.7 1171.1 1626.2 c
1171.1 1627.9 1170.4 1629 1169.6 1629 c
1168.9 1629 1167.9 1629.8 1167.6 1630.8 c
1166.1 1634.9 1160.5 1641.9 1158.7 1642 c
1157.7 1642 1152.4 1646 1153.4 1646 c
1153.8 1646 1153.6 1646.9 1153 1648.1 c
1152.4 1649.2 1151.4 1650 1150.8 1649.8 c
1149.4 1649.3 1145.3 1653.4 1144.8 1655.7 c
1144.6 1656.7 1143.8 1657.5 1143 1657.5 c
1141.4 1657.5 1138 1661.1 1138 1662.9 c
1138 1663.5 1137.1 1664.4 1136 1665 c
1134.9 1665.6 1134 1665.8 1134 1665.4 c
1134 1664.4 1130.4 1669.2 1129.7 1671.2 c
1129.4 1672.2 1128.4 1673 1127.5 1673 c
1125.6 1673 1122 1676.5 1122 1678.4 c
1122 1679.2 1121.1 1680.2 1119.9 1680.5 c
1118.7 1680.9 1116.9 1682.1 1115.9 1683.1 c
1114.9 1684.1 1114 1685.6 1114 1686.4 c
1114 1687.2 1113 1688.2 1111.8 1688.6 c
1108.7 1689.5 1105.1 1693.1 1105.7 1694.6 c
1105.9 1695.3 1105.1 1696.1 1103.8 1696.6 c
1100.7 1697.5 1097.1 1701.1 1097.7 1702.6 c
1097.9 1703.3 1097.2 1704.1 1096 1704.5 c
1093.2 1705.4 1090 1708.6 1090 1710.4 c
1090 1711.2 1089 1712.2 1087.8 1712.6 c
1085 1713.4 1082 1716.4 1082 1718.4 c
1082 1719.2 1081 1720.2 1079.8 1720.6 c
1077.3 1721.3 1073.4 1725 1073.7 1726.2 c
1073.9 1726.6 1073 1727.5 1071.7 1728.1 c
1069 1729.5 1066 1732.6 1066 1733.9 c
1066 1734.5 1065.1 1735.4 1064 1736 c
1062.9 1736.6 1062 1737.7 1062 1738.5 c
1062 1739.3 1061.1 1740 1060 1740 c
1058.9 1740 1057.6 1740.8 1057.3 1741.7 c
1056.5 1743.8 1052.8 1747.5 1051.5 1747.5 c
1051 1747.5 1050.4 1748.5 1050.2 1749.8 c
1050 1751 1049.2 1752 1048.4 1752 c
1047.6 1752 1046.7 1752.7 1046.4 1753.5 c
1046 1754.3 1045 1755 1044.1 1755 c
1042.4 1755 1038 1760 1038 1762 c
1038 1762.5 1037.3 1763 1036.6 1763 c
1034.5 1763 1030 1767.4 1030 1769.4 c
1030 1770.3 1029.3 1771 1028.6 1771 c
1026.5 1771 1022 1775.4 1022 1777.4 c
1022 1778.3 1021.2 1779 1020.2 1779 c
1018.3 1779 1014.7 1782.5 1013.7 1785.3 c
1013.3 1786.3 1012.6 1786.9 1012.1 1786.5 c
1011.5 1786.2 1010.6 1786.9 1010 1788 c
1009.4 1789.1 1008.3 1790 1007.5 1790 c
1006.8 1790 1006 1791 1005.8 1792.2 c
1005.6 1793.5 1005 1794.5 1004.5 1794.5 c
1002.8 1794.6 998 1799.6 998 1801.4 c
998 1802.3 997.4 1803 996.8 1802.8 c
995.3 1802.5 990.6 1806.7 989.7 1809.3 c
989.3 1810.2 988.7 1810.9 988.3 1810.8 c
987.2 1810.5 982 1815.5 982 1816.9 c
982 1817.5 981.4 1818 980.8 1818 c
978.9 1818.1 974 1822.7 974 1824.5 c
974 1825.3 973.3 1826 972.5 1826 c
970.7 1826 966 1830.7 966 1832.5 c
966 1833.3 965.1 1834 964 1834 c
962.8 1834 962 1834.7 962 1835.6 c
962 1836.5 961.1 1837.4 960 1837.7 c
958.9 1838 958 1838.9 958 1839.7 c
958 1841.6 955 1844.6 952.2 1845.4 c
951 1845.8 950 1846.8 950 1847.6 c
950 1849.4 947.2 1852.2 943.7 1853.8 c
942.1 1854.4 941.2 1855.5 941.5 1856 c
942.3 1857.3 939.1 1860.6 936.2 1861.4 c
935 1861.8 934 1862.8 934 1863.6 c
934 1865.3 930.9 1869 929.5 1869 c
928.9 1869 927.2 1870.2 925.7 1871.8 c
923.5 1874.1 923.2 1875.1 923.8 1877.5 c
924.5 1880 925.3 1880.6 928.6 1881.1 c
930.7 1881.4 932.7 1881.8 933 1881.8 c
933.3 1881.9 935.1 1881.1 937 1880.2 c
h
1965 1879 m
1965 1878 1963.8 1877.7 1962.3 1878.2 c
1961.3 1878.6 1960.3 1873.7 1960.1 1868.2 c
1959.9 1861.5 1957.7 1858 1953.5 1858 c
1950.7 1858 1950 1857.6 1950 1856 c
1950 1854.4 1949.3 1854 1946.3 1854 c
1944.3 1854 1941.8 1853.3 1940.9 1852.4 c
1939.2 1850.9 1938.9 1850.9 1936.5 1853.1 c
1935.2 1854.4 1934 1856.3 1934 1857.2 c
1934 1860.2 1932.8 1862 1930.8 1862 c
1929.2 1862 1928.9 1862.6 1929.2 1865.8 c
1929.5 1869.5 l 1936 1869.8 l
1939.6 1869.9 1943.4 1870.4 1944.5 1870.9 c
1945.6 1871.4 1947.7 1872.2 1949.2 1872.9 c
1950.8 1873.5 1952 1874.6 1952 1875.5 c
1952 1876.3 1952.8 1877 1953.8 1877 c
1954.8 1877 1956.5 1877.7 1957.6 1878.5 c
1959.8 1880.1 1965 1880.5 1965 1879 c
h
1788.4 1878.1 m
1788.2 1877.9 1788 1876.6 1788 1875.3 c
1788 1873.1 1788.3 1873 1795.4 1873 c
1803 1873 1804.5 1873.6 1803.4 1876.3 c
1803 1877.4 1800.9 1877.9 1795.8 1878.2 c
1792 1878.4 1788.6 1878.3 1788.4 1878.1 c
h
882.2 1877.3 m
879.9 1876.8 879.3 1875.5 881 1874.5 c
881.5 1874.2 882 1874.5 882.1 1875.2 c
882.1 1875.9 882.7 1875.3 883.4 1873.8 c
884.4 1871.4 890 1866.1 890 1867.5 c
890 1867.8 890.8 1867.6 891.8 1867.1 c
894 1865.9 896 1867.4 896 1870.1 c
896 1872.1 894 1873 889.9 1873 c
887.5 1873 887 1873.4 887 1875.5 c
887 1878 886.6 1878.1 882.2 1877.3 c
h
1666.9 1877.4 m
1669.6 1876.8 1670 1876.4 1670 1873.4 c
1670 1869.6 1670.7 1869.2 1672.6 1871.8 c
1673.5 1873 1675.2 1873.5 1678.5 1873.5 c
1681.9 1873.5 1683.4 1873 1684.1 1871.8 c
1685.3 1869.6 1686.7 1869.5 1688.6 1871.5 c
1690.7 1873.5 1706.2 1873.6 1707.9 1871.7 c
1708.7 1870.7 1712.5 1870.3 1721.7 1870.1 c
1728.8 1870 1735.5 1869.6 1736.8 1869.3 c
1739.2 1868.7 1739.7 1867.4 1737.8 1866.8 c
1737.1 1866.5 1736.5 1865.5 1736.5 1864.4 c
1736.5 1863 1735.7 1862.4 1733 1862.2 c
1731.1 1862 1728.9 1861.1 1728.2 1860.2 c
1727.5 1859.3 1726.4 1858.5 1725.7 1858.4 c
1725 1858.4 1723.5 1858.2 1722.2 1858.2 c
1720.7 1858 1720 1857.4 1720 1856 c
1720 1854.4 1719.3 1854 1716.6 1854 c
1714.7 1854 1713 1853.5 1712.8 1852.8 c
1712.6 1852.2 1710.6 1851.1 1708.4 1850.5 c
1706.1 1849.9 1704.5 1848.8 1704.5 1848 c
1704.5 1847.1 1703.3 1846.4 1701.3 1846.2 c
1699.6 1846 1697.6 1845.2 1697 1844.4 c
1696.3 1843.6 1694.8 1843 1693.6 1843 c
1691 1843 1689.5 1842 1688.7 1839.8 c
1688.3 1838.6 1687 1838 1685.2 1838 c
1683.6 1838 1681.7 1837.3 1681 1836.5 c
1680.3 1835.7 1678.2 1834.8 1676.3 1834.4 c
1674.1 1834 1673.1 1833.3 1673.4 1832.5 c
1673.9 1831 1672 1830 1668.8 1830 c
1667.7 1830 1665.7 1829.1 1664.3 1828 c
1662.9 1826.9 1660.7 1826 1659.4 1826 c
1657.7 1826 1657 1825.4 1657 1824.1 c
1657 1822.6 1656 1822 1653 1821.5 c
1650.8 1821.1 1649 1820.4 1649 1819.9 c
1649 1819.4 1647.2 1818.7 1644.9 1818.4 c
1642.2 1817.9 1641.1 1817.3 1641.4 1816.4 c
1642 1814.9 1639.9 1814 1636 1814 c
1634.4 1814 1633 1813.3 1632.6 1812.5 c
1632.3 1811.6 1630.8 1811 1629 1811 c
1626.7 1811 1625.7 1810.4 1625 1808.5 c
1624.3 1806.6 1623.3 1806 1621.1 1806 c
1619.6 1806 1617.7 1805.3 1617 1804.5 c
1616.3 1803.7 1614.7 1803 1613.5 1803 c
1610.2 1803 1608 1802 1608 1800.5 c
1608 1798.9 1605.8 1798 1602 1798 c
1600.5 1798 1598.7 1797.3 1598 1796.5 c
1597.3 1795.7 1595.4 1795 1593.8 1795 c
1591.7 1795 1590.7 1794.4 1590.3 1793.1 c
1590 1791.8 1588.6 1790.9 1585.9 1790.5 c
1583.8 1790.1 1582 1789.5 1582 1789 c
1582 1788.5 1580.1 1787.9 1577.9 1787.5 c
1575.2 1787 1573.6 1786.2 1573.3 1785 c
1573 1783.8 1571.5 1783.1 1568.8 1782.7 c
1566.6 1782.4 1564.1 1781.5 1563.1 1780.6 c
1562.1 1779.7 1560.1 1779 1558.6 1779 c
1556.7 1779 1555.7 1778.4 1555.3 1777.1 c
1555 1775.8 1553.6 1775 1550.8 1774.6 c
1548.5 1774.2 1546.2 1773.6 1545.6 1773.2 c
1545 1772.8 1544.3 1772.5 1544 1772.4 c
1543.7 1772.4 1542.8 1772.1 1542 1771.7 c
1541.2 1771.4 1539.3 1770.9 1537.8 1770.6 c
1536.2 1770.2 1535 1769.4 1535 1768.7 c
1535 1767.7 1527.8 1764.8 1519.2 1762.4 c
1518.6 1762.2 1518 1761.4 1518 1760.7 c
1518 1759 1512 1757.6 1510.7 1758.9 c
1509.2 1760.4 1510.9 1765.7 1513.1 1766.3 c
1514.8 1766.8 1515.7 1771.2 1515.1 1776.6 c
1515 1777.2 1515.7 1778.3 1516.5 1779 c
1517.3 1779.7 1518.3 1782 1518.6 1784 c
1519 1786.5 1519.9 1788 1521 1788.3 c
1522.1 1788.6 1522.9 1790.2 1523.4 1793 c
1523.8 1795.4 1524.4 1797.8 1524.8 1798.4 c
1525.2 1799 1525.6 1801.7 1525.7 1804.4 c
1525.9 1811.4 1526.7 1813.7 1529.1 1814.3 c
1530.9 1814.8 1531.2 1815.5 1530.9 1819.7 c
1530.4 1827.3 1531.3 1828.6 1537 1829.4 c
1541.1 1829.9 1542 1830.4 1542 1832 c
1542 1833.3 1542.7 1834 1543.8 1834 c
1544.9 1834 1546.5 1834.9 1547.5 1836 c
1548.5 1837.1 1550.4 1838 1551.7 1838 c
1553.3 1838 1554 1838.6 1554 1839.9 c
1554 1842 1555.9 1843 1559.5 1843 c
1560.8 1843 1562 1843.5 1562.2 1844 c
1562.4 1844.6 1564.5 1845.4 1567 1845.8 c
1569.7 1846.2 1571.5 1847.1 1571.5 1847.9 c
1571.5 1849.4 1583.2 1854 1587.2 1854 c
1589.3 1854 1590 1854.5 1590 1855.9 c
1590 1857.4 1591 1858 1594.2 1858.5 c
1596.6 1858.9 1599.5 1859.8 1600.7 1860.6 c
1601.9 1861.4 1604.3 1862 1606.1 1862 c
1608.3 1862 1609.3 1862.5 1609.7 1864 c
1610.1 1865.5 1611.1 1866 1613.4 1866 c
1615.1 1866 1617.3 1866.7 1618.4 1867.5 c
1619.4 1868.3 1622.3 1869.2 1624.9 1869.6 c
1627.4 1870 1630.4 1870.9 1631.5 1871.6 c
1632.6 1872.4 1634.3 1873 1635.3 1873 c
1636.2 1873 1637.4 1873.8 1637.7 1874.8 c
1638.1 1875.7 1638.8 1876.8 1639.4 1877.2 c
1640.7 1878.1 1662.5 1878.2 1666.9 1877.4 c
h
2012.3 1877.4 m
2016 1876.7 l 2015.8 1839.6 l
2015.5 1802.5 l 2012.4 1802.2 l
2010.3 1802 2009 1801.2 2008.7 1800.1 c
2008.3 1798.5 2006.9 1798.2 1998.6 1797.8 c
1993 1797.6 1988.5 1796.9 1987.8 1796.2 c
1987.1 1795.5 1984.9 1795 1982.9 1795 c
1977.8 1795 1976 1794.2 1976 1791.8 c
1976 1789.9 1975.5 1789.8 1969 1790.2 c
1965.1 1790.5 1961.7 1790.9 1961.5 1791.1 c
1961.2 1791.5 1960.7 1842.4 1960.9 1851.8 c
1961 1853.3 1961.6 1854 1962.9 1854 c
1964.9 1854 1966 1857.9 1966 1865.3 c
1966 1872.1 1967.1 1873 1975.4 1873 c
1985.6 1873 1992 1874 1992 1875.6 c
1992 1876.5 1993.9 1877 1998.2 1877.3 c
2001.7 1877.5 2005.4 1877.7 2006.5 1877.8 c
2007.6 1877.9 2010.2 1877.7 2012.3 1877.4 c
h
918.5 1871 m
918.8 1870.5 920 1870 921.2 1870 c
922.3 1870 923.4 1869.2 923.7 1868 c
924 1866.9 924.9 1866 925.6 1866 c
926.4 1866 927 1865.1 927 1864 c
927 1862.5 927.7 1862 929.5 1862 c
931.1 1862 932 1861.4 932 1860.5 c
932 1859.6 932.7 1858.7 933.5 1858.4 c
934.3 1858 935 1856.9 935 1855.9 c
935 1854.7 935.7 1854 937 1854 c
938.3 1854 939 1853.3 939 1852.1 c
939 1851.1 938.1 1850 937 1849.7 c
935.9 1849.4 935 1848.4 935 1847.3 c
935 1846.3 934.3 1844.6 933.5 1843.6 c
932.7 1842.5 932 1840.1 932 1838.2 c
932 1835.7 931.5 1834.7 930.1 1834.3 c
928.7 1834 928 1832.5 927.4 1829.2 c
927 1826.6 926.8 1824.1 926.9 1823.6 c
927 1823.2 926.4 1821.8 925.6 1820.6 c
924.8 1819.4 923.8 1815.7 923.4 1812.4 c
923 1809.2 922.4 1807.3 922.2 1808.2 c
921.3 1812.4 919 1807.7 919 1801.7 c
919 1800.6 918.2 1798.8 917.3 1797.8 c
916.2 1796.6 915.4 1793.4 915.1 1789 c
914.6 1783.5 914.2 1782.2 913.1 1782.9 c
912.2 1783.5 911.7 1787.3 911.4 1797 c
911 1809.3 911.1 1810.2 912.9 1810.7 c
914.6 1811.1 914.8 1812.6 915.4 1830.8 c
915.8 1841.7 916.2 1855.3 916.3 1861.2 c
916.5 1871.3 917 1873.5 918.5 1871 c
h
415 1869 m
415 1867.5 414.3 1867 412.1 1867 c
407.9 1867 406 1866 406 1863.9 c
406 1862.4 405.3 1862 402.5 1862 c
400.1 1862 399 1861.5 399 1860.6 c
399 1859.8 398 1859 396.8 1858.8 c
395.3 1858.6 394.4 1857.7 394.2 1856.2 c
394 1855 393.3 1854 392.5 1854 c
391.8 1854 391 1853.1 390.7 1852 c
390.4 1850.9 389.3 1850 388.2 1850 c
386.8 1850 386.2 1849.3 386.2 1847.3 c
386.2 1845.9 385.5 1844.1 384.6 1843.5 c
383.7 1842.8 383 1840.9 383 1839.1 c
383 1836.4 382.6 1836 380.4 1836 c
378 1836 377.9 1835.8 378.2 1831.2 c
378.4 1827.4 378.9 1826.4 380.5 1826.2 c
382.8 1825.9 384.3 1828.6 386.1 1836.8 c
387.1 1840.7 387.8 1842 389.2 1842 c
390.2 1842 391 1842.6 391 1843.4 c
391 1844.1 391.6 1845.3 392.4 1845.9 c
393.2 1846.6 394.2 1848.4 394.5 1850 c
395 1852.1 395.9 1853 398.1 1853.5 c
400.1 1854 401 1854.8 401 1856.1 c
401 1857.3 401.9 1858.2 403.8 1858.6 c
405.3 1859 407.4 1859.9 408.5 1860.6 c
409.6 1861.4 411.7 1862 413.3 1862 c
415.3 1862 416.3 1862.6 416.7 1864 c
417.2 1865.7 418.2 1866 423.6 1866.2 c
427.1 1866.3 430.8 1866.4 431.8 1866.4 c
432.8 1866.5 433.6 1865.6 433.8 1864.2 c
434.1 1862.5 434.8 1862 437.3 1862 c
439.3 1862 441.2 1861.2 442.3 1860 c
443.2 1858.9 445.1 1858 446.5 1858 c
447.9 1858 449 1857.4 449 1856.7 c
449 1855.1 453.7 1850.6 456.3 1849.7 c
457.3 1849.3 457.9 1848.6 457.6 1848.1 c
457.3 1847.7 458.2 1846 459.5 1844.4 c
460.9 1842.8 462 1840.7 462 1839.8 c
462 1838.7 462.8 1838 463.8 1838 c
465.4 1838 466 1837 469 1829.2 c
469.7 1827.3 470.9 1826 472 1826 c
473.3 1826 473.7 1825.1 473.8 1822.3 c
473.9 1820 474.6 1818 475.7 1817.3 c
476.8 1816.4 476.9 1816 476.1 1816 c
475 1816 475 1815.7 476 1814.5 c
476.7 1813.7 477 1812 476.6 1810.8 c
475.8 1807.5 478 1798 479.7 1798 c
480.6 1798 481 1796.6 481 1793.5 c
481 1790.1 480.7 1789.2 479.6 1789.6 c
478 1790.2 477.5 1787.6 476.5 1773 c
476.2 1768.3 475.5 1764.3 475 1764.2 c
474.4 1764 474 1762.3 474 1760.4 c
474 1758 473.5 1756.7 472.2 1756.3 c
469.9 1755.4 469 1754 469 1751.2 c
469 1748.5 465.2 1743 463.3 1743 c
462.6 1743 462 1742.5 462 1741.9 c
462 1739.7 456.9 1736 453.9 1736 c
451.7 1736 450.7 1735.4 450 1733.6 c
449.3 1731.6 448.5 1731.3 445.1 1731.4 c
442.5 1731.4 440.6 1730.9 439.8 1729.9 c
439 1728.9 436.3 1728 432.8 1727.7 c
427.9 1727.2 427 1727.4 425.8 1729.1 c
425 1730.4 422.9 1731.3 420.3 1731.7 c
417.4 1732.1 416 1732.8 415.7 1734.1 c
415.4 1735.2 414.4 1736 413.3 1736 c
411.4 1736 406.5 1740.6 406.5 1742.4 c
406.5 1743 405.5 1743.6 404.2 1743.8 c
403 1744 402 1744.7 402 1745.5 c
402 1746.2 401.3 1747 400.5 1747.4 c
399.7 1747.7 399 1748.9 399 1750 c
399 1751.3 398.3 1752 397.1 1752 c
395.9 1752 394.8 1752.9 394.4 1754.2 c
394 1755.5 393.1 1756.9 392.4 1757.5 c
391.7 1758 391 1759.6 390.8 1761 c
390.6 1762.7 389.8 1763.6 388.2 1763.8 c
386.3 1764.1 386 1764.7 386 1768.6 c
386 1771.3 385.4 1773.8 384.5 1774.6 c
383.5 1775.7 383 1778.3 383 1783.2 c
383 1789.3 382.8 1790.2 381 1790.7 c
379.1 1791.2 379 1792.1 379 1806.6 c
379 1819.6 378.8 1822 377.5 1822 c
376.3 1822 376 1823.4 376 1828.4 c
376 1832.8 376.5 1835.3 377.5 1836.4 c
378.3 1837.2 379 1839.6 379 1841.9 c
379 1845.3 379.3 1846 381 1846 c
382.2 1846 383 1846.7 383 1847.6 c
383 1848.5 383.9 1850.3 385 1851.7 c
386.1 1853.1 387 1855.1 387 1856.1 c
387 1857.3 387.7 1858 389 1858 c
390.2 1858 391 1858.7 391 1859.6 c
391 1860.5 391.9 1861.4 393 1861.7 c
394.1 1862 395 1863.1 395 1864.1 c
395 1865.5 395.7 1866 398 1866 c
399.6 1866 401.3 1866.6 401.7 1867.4 c
402.1 1868.2 404.5 1869.2 407 1869.8 c
414 1871.3 415 1871.2 415 1869 c
h
1665.5 1869.1 m
1664.8 1867.9 1666.7 1866.7 1668 1867.5 c
1669.1 1868.2 1668.4 1870 1667 1870 c
1666.5 1870 1665.9 1869.6 1665.5 1869.1 c
h
1679 1868 m
1677.7 1866.9 1675.6 1866 1674.3 1866 c
1672.7 1866 1672 1865.4 1672 1864 c
1672 1862.4 1671.3 1862 1669 1862 c
1667.3 1862 1665.1 1861.1 1664 1860 c
1662.9 1858.9 1660.9 1858 1659.5 1858 c
1657.7 1858 1657 1857.5 1657 1856 c
1657 1853.6 1654.2 1853.3 1653.3 1855.6 c
1652.9 1856.6 1653.4 1857.8 1654.3 1858.5 c
1655.3 1859.2 1656 1860.2 1656 1860.9 c
1656 1862.5 1651 1862.3 1649.1 1860.6 c
1648.2 1859.8 1645.9 1858.8 1644 1858.3 c
1639.2 1857 1639.4 1854.6 1644.4 1854 c
1648.7 1853.4 1650.2 1851.6 1647 1850.7 c
1645.9 1850.4 1645 1849.5 1645 1848.7 c
1645 1846.9 1637.8 1845.2 1637.2 1846.9 c
1636.6 1848.8 1634.1 1848.1 1632.4 1845.5 c
1631.3 1843.8 1629.9 1843 1628 1843 c
1625.5 1843 1622.1 1840.5 1622.8 1839.1 c
1622.9 1838.8 1621.8 1838.3 1620.3 1838.2 c
1618.8 1838 1616.8 1837.3 1616 1836.5 c
1615.2 1835.8 1612.8 1834.9 1610.7 1834.6 c
1607.9 1834.1 1607 1833.5 1607.2 1832.2 c
1607.4 1830.9 1606.6 1830.4 1603.8 1830.2 c
1601.2 1830 1599.7 1829.2 1598.9 1827.9 c
1598.2 1826.5 1597 1825.9 1595.2 1826 c
1590.7 1826.3 1590 1826.1 1590 1824 c
1590 1822.4 1589.3 1822 1586.5 1822 c
1584.4 1822 1582.7 1821.4 1582.4 1820.6 c
1582.1 1819.8 1580.5 1819 1578.9 1818.6 c
1576.4 1818.1 1576 1817.7 1576.5 1816 c
1577.1 1814.2 1576.7 1814 1571.6 1814 c
1567.3 1814 1566 1813.7 1566 1812.5 c
1566 1811.5 1564.9 1811 1562.5 1811 c
1559.5 1811 1559 1810.7 1559 1808.6 c
1559 1806.6 1558.4 1806.2 1555 1805.6 c
1552.8 1805.3 1551 1804.6 1551 1804.1 c
1551 1803.6 1550.1 1803 1548.9 1802.7 c
1547.8 1802.4 1546.6 1801.2 1546.3 1800.1 c
1545.9 1798.3 1545.2 1798.2 1539.9 1798.5 c
1535 1798.9 1533.7 1798.7 1532 1797 c
1530.9 1795.9 1529.3 1795 1528.5 1795 c
1526.5 1795 1525.4 1792.2 1526.8 1790.8 c
1528.3 1789.3 1535.1 1790.7 1534.4 1792.4 c
1534 1793.3 1535.2 1793.9 1538.1 1794.4 c
1540.4 1794.8 1544.2 1795.9 1546.6 1797 c
1548.9 1798.1 1551.6 1799 1552.4 1799 c
1553.3 1799 1554 1799.9 1554 1801 c
1554 1802.7 1554.7 1803 1557.9 1803 c
1560.4 1803 1562 1803.5 1562.4 1804.5 c
1562.7 1805.3 1564.7 1806.2 1566.9 1806.6 c
1569.6 1807 1571 1807.8 1571.3 1809.1 c
1571.6 1810.2 1572.7 1811 1573.9 1811 c
1575.1 1811 1576.3 1811.7 1576.6 1812.5 c
1577 1813.3 1578.3 1814 1579.6 1814 c
1581.3 1814 1582.3 1814.8 1583 1816.5 c
1583.7 1818.4 1584.7 1819 1586.9 1819 c
1588.4 1819 1590.3 1819.7 1591 1820.4 c
1591.6 1821.2 1594 1822 1596.3 1822.2 c
1599.7 1822.4 1600.5 1822.9 1600.5 1824.5 c
1600.5 1826.1 1601.3 1826.6 1604.5 1826.8 c
1606.7 1827 1608.9 1827.8 1609.3 1828.6 c
1609.8 1829.4 1611.6 1830 1613.6 1830 c
1616.3 1830 1617.3 1830.5 1617.7 1831.9 c
1618 1833.2 1619.4 1834 1622.1 1834.4 c
1624.2 1834.7 1626 1835.5 1626 1836.1 c
1626 1836.7 1626.7 1837 1627.5 1836.7 c
1628.3 1836.3 1629.2 1836.5 1629.5 1837 c
1629.8 1837.4 1631.8 1838.1 1633.9 1838.5 c
1636.6 1838.9 1637.7 1839.6 1637.4 1840.4 c
1636.9 1841.8 1639.8 1843 1643.6 1843 c
1644.8 1843 1646 1843.7 1646.4 1844.5 c
1646.7 1845.4 1648.2 1846 1650.1 1846 c
1652.3 1846 1653.3 1846.5 1653.7 1847.9 c
1654 1849.1 1655.4 1850.1 1657.4 1850.6 c
1659.1 1850.9 1661.2 1851.8 1662 1852.5 c
1662.8 1853.2 1664.6 1854 1666 1854.2 c
1667.5 1854.4 1668.4 1855.1 1668.3 1856 c
1668.1 1857.4 1671.3 1859.3 1678.2 1861.9 c
1679.8 1862.5 1681 1863.6 1681 1864.4 c
1681 1865.1 1681.7 1866 1682.5 1866.4 c
1684.4 1867.1 1684.5 1870 1682.7 1870 c
1681.9 1870 1680.3 1869.1 1679 1868 c
h
1770.1 1864.5 m
1770.1 1864 1770.6 1862.9 1771.2 1862.2 c
1772 1861.3 1771.9 1860.2 1771 1858.4 c
1769.9 1856.5 1769.9 1855 1770.6 1852 c
1771.3 1849.5 1771.3 1847.6 1770.7 1846.4 c
1770.1 1845.4 1770.1 1844.5 1770.6 1844.3 c
1771.1 1844.1 1771.3 1839.6 1771.1 1834.3 c
1770.7 1821 1772 1788 1773.1 1788 c
1773.5 1788 1774.1 1790.4 1774.3 1793.2 c
1774.5 1796.1 1774.7 1791.8 1774.8 1783.5 c
1774.9 1775.2 1775.3 1767.5 1775.6 1766.3 c
1776.4 1763.3 1773.4 1762 1771.6 1764.5 c
1770.4 1766.1 1765.4 1766.3 1693.9 1766.4 c
1617.5 1766.5 l 1617.5 1782.5 l
1617.5 1798.3 1617.5 1798.5 1619.8 1798.8 c
1621.2 1799 1622 1799.8 1622 1801.1 c
1622 1802.6 1622.7 1803 1625.5 1803 c
1627.7 1803 1629.3 1803.6 1629.6 1804.5 c
1630 1805.4 1631.5 1806 1633.6 1806 c
1636 1806 1637.3 1806.5 1637.7 1807.8 c
1638.6 1810.1 1640 1811 1643.1 1811 c
1644.6 1811 1646 1811.7 1646.4 1812.5 c
1646.7 1813.4 1648.2 1814 1650.1 1814 c
1652.3 1814 1653.3 1814.5 1653.7 1815.9 c
1654 1817.2 1655.4 1818.1 1658 1818.5 c
1660.1 1818.9 1662.1 1819.8 1662.4 1820.6 c
1662.7 1821.4 1664.3 1822 1666 1822 c
1668 1822 1669.3 1822.6 1669.7 1823.8 c
1670.5 1826 1672 1827 1674.6 1827 c
1675.8 1827 1677.3 1827.7 1678 1828.5 c
1678.7 1829.3 1680.3 1830 1681.6 1830 c
1683.3 1830 1684 1830.6 1684 1831.9 c
1684 1833.3 1685 1833.9 1688 1834.4 c
1690.2 1834.7 1692 1835.4 1692 1835.9 c
1692 1836.4 1693.8 1837.1 1696 1837.5 c
1699 1838 1700 1838.7 1700 1840 c
1700 1841.3 1701 1842 1704 1842.5 c
1706.5 1842.9 1708 1843.7 1708 1844.6 c
1708 1845.4 1708.6 1846 1709.2 1845.8 c
1711.5 1845.4 1715 1847.1 1715 1848.6 c
1715 1849.5 1716.1 1850 1718 1850 c
1719.6 1850 1721.7 1850.9 1722.7 1851.9 c
1723.7 1853 1726.1 1854 1728 1854.2 c
1730.3 1854.4 1731.5 1855 1731.5 1856 c
1731.5 1856.8 1732.4 1857.6 1733.5 1857.8 c
1737.9 1858.5 1745 1862.5 1745 1864.3 c
1745 1865.9 1746 1866 1757.5 1865.8 c
1764.9 1865.6 1770 1865.1 1770.1 1864.5 c
h
1925.8 1860 m
1926 1856.5 1926.7 1854.2 1927.6 1853.7 c
1928.4 1853.3 1929 1852.3 1929 1851.6 c
1929 1850.8 1929.9 1850 1931 1849.7 c
1932.1 1849.4 1933 1848.8 1932.9 1848.3 c
1932.8 1847.9 1932.8 1845.4 1932.9 1842.8 c
1933 1836.7 1935.5 1836.2 1936.4 1842 c
1937 1845.7 1937.2 1846 1940.4 1846 c
1942.9 1846 1943.9 1846.5 1944.3 1848 c
1944.6 1849.3 1945.7 1850 1947.3 1850 c
1948.7 1850 1951.1 1850.5 1952.6 1851 c
1954.1 1851.6 1955.7 1851.7 1956.2 1851.2 c
1956.6 1850.8 1957.2 1836.9 1957.4 1820.4 c
1957.7 1804 1958.1 1786.5 1958.4 1781.5 c
1959 1772.2 1960.6 1563.9 1960.3 1538.1 c
1960.1 1526.2 1959.8 1523.5 1958.5 1522.8 c
1957.7 1522.3 1957 1521.3 1957 1520.5 c
1957 1519.6 1955 1519 1950.8 1518.5 c
1947.3 1518.1 1944 1517.4 1943.5 1517 c
1943 1516.6 1939.3 1516 1935.5 1515.6 c
1924.2 1514.5 1921 1513.8 1921 1512.5 c
1921 1511.6 1918.4 1511 1912.8 1510.5 c
1908.2 1510.1 1904 1509.4 1903.4 1508.9 c
1902.8 1508.4 1897.9 1507.7 1892.5 1507.3 c
1884.5 1506.8 1882.6 1506.4 1882.3 1505 c
1881.9 1503.6 1880 1503.2 1870.7 1502.6 c
1862.3 1502.1 1859.1 1501.5 1857.6 1500.2 c
1856.1 1498.9 1855.6 1498.8 1855.2 1499.8 c
1855 1500.5 1853.7 1501.5 1852.4 1502 c
1850.5 1502.8 1850 1503.7 1850 1506.5 c
1850 1509.3 1849.6 1510 1848 1510 c
1846.1 1510 1846.1 1511.5 1846 1618.9 c
1846 1678.7 1846.2 1728.5 1846.6 1729.4 c
1847.9 1732.7 1850.4 1730.8 1851.4 1725.8 c
1851.4 1725.4 1852.1 1724.5 1852.8 1723.8 c
1853.4 1723.2 1854 1720.2 1854 1717.4 c
1854 1712.7 1854.2 1712.1 1856.2 1711.8 c
1857.9 1711.6 1858.6 1710.7 1858.8 1708.5 c
1858.9 1706.8 1859.7 1703.2 1860.5 1700.5 c
1861.3 1697.8 1862.2 1693.8 1862.5 1691.6 c
1863.1 1688.1 1863.2 1687.9 1864.6 1689.6 c
1865.9 1691.4 1866 1691.2 1865.8 1688 c
1865.6 1685.8 1865 1684.5 1864.1 1684.5 c
1863.3 1684.5 1862.3 1683.2 1861.8 1681.5 c
1860.7 1677.6 1860.1 1603.1 1861.2 1602.4 c
1861.6 1602.1 1862 1599.6 1862 1596.8 c
1862 1592.8 1862.4 1591.7 1863.9 1591.3 c
1865.2 1591 1865.9 1589.6 1866.3 1586.8 c
1866.6 1584.5 1867.3 1582.4 1867.8 1582.1 c
1868.3 1581.8 1869.1 1580.1 1869.4 1578.3 c
1869.9 1576.1 1870.8 1575 1872.6 1574.6 c
1873.9 1574.2 1875 1573.3 1875 1572.5 c
1875 1570.2 1878.4 1567.3 1882 1566.5 c
1884 1566.1 1885.4 1565 1886 1563.4 c
1886.7 1561.7 1887.7 1561 1889.6 1561 c
1891.1 1561 1893.1 1560.3 1894 1559.5 c
1895.5 1558.1 1895.8 1558.1 1897 1559.5 c
1897.7 1560.3 1899.3 1561 1900.5 1561 c
1903.8 1561 1906 1562 1906 1563.5 c
1906 1564.2 1907.2 1565.1 1908.7 1565.5 c
1910.2 1565.8 1911.9 1566.9 1912.6 1567.8 c
1913.3 1568.7 1914.3 1569.6 1914.9 1569.6 c
1915.5 1569.7 1916.5 1569.8 1917 1569.9 c
1917.5 1569.9 1918 1570.9 1918 1571.9 c
1918 1572.9 1918.7 1574 1919.5 1574.4 c
1920.3 1574.7 1921 1575.6 1921 1576.5 c
1921 1577.3 1921.7 1578 1922.5 1578 c
1924.3 1578 1924.5 1579.6 1922.8 1580.3 c
1922 1580.7 1922.1 1580.9 1923.2 1580.9 c
1925.4 1581 1928 1586.3 1928.7 1592.2 c
1929.1 1595.5 1929.8 1597 1931 1597.3 c
1933.6 1598 1933.8 1602.7 1934 1690.4 c
1934.2 1752.1 1934 1770.4 1933 1771 c
1932.4 1771.4 1925.5 1771.5 1917.8 1771.2 c
1903.7 1770.7 l 1904.3 1773.1 l
1904.7 1774.4 1905 1776.5 1905 1777.8 c
1905 1779.9 1905.4 1780 1911.9 1780 c
1915.8 1780 1919.2 1780.5 1919.5 1781 c
1919.8 1781.5 1923.1 1782 1926.8 1782 c
1937 1782 1941 1782.9 1941 1785.1 c
1941 1786.7 1941.8 1787 1945.2 1787 c
1949.6 1787 1953 1788.4 1951.7 1789.6 c
1950.6 1790.7 1935.7 1790 1934.1 1788.7 c
1933.3 1788 1928.2 1787.3 1922.6 1787 c
1912.9 1786.5 1912.6 1786.4 1912 1784 c
1911.6 1782.2 1911.2 1781.9 1910.6 1782.8 c
1909.5 1784.6 1909.7 1793.5 1910.9 1795.8 c
1911.5 1796.9 1912.2 1800.8 1912.6 1804.5 c
1913.2 1809.9 1913.7 1811.4 1915.2 1811.7 c
1916.5 1812.1 1917 1813.2 1917 1816 c
1917 1818.1 1917.3 1821.2 1917.6 1822.9 c
1918.2 1825.6 1918.6 1826 1921.7 1826 c
1925 1826 1930 1829.8 1930 1832.3 c
1930 1832.8 1930.7 1833.8 1931.7 1834.5 c
1932.6 1835.2 1933.1 1836.4 1932.7 1837.4 c
1931.9 1839.6 1930.3 1839.4 1929.5 1837.1 c
1929.2 1836 1927.5 1834.9 1924.9 1834.4 c
1922.7 1833.9 1920.9 1833.1 1921 1832.6 c
1921.2 1831.3 1918.8 1830 1915.8 1830 c
1914.4 1830 1911.9 1829.3 1910.3 1828.5 c
1908.8 1827.7 1906.3 1826.8 1904.9 1826.6 c
1903.4 1826.2 1902 1825.2 1901.7 1824 c
1901.3 1822.5 1900.4 1822 1897.7 1822 c
1895.5 1822 1894 1821.4 1893.6 1820.4 c
1893.2 1819.4 1892 1819 1889.8 1819.2 c
1886.5 1819.5 1886.5 1819.5 1885.7 1826.3 c
1885.3 1830.2 1884.3 1833.8 1883.4 1834.7 c
1882.1 1836.1 1882.1 1836.4 1883.7 1838.2 c
1885 1839.7 1885.2 1840.5 1884.3 1841.8 c
1882.7 1844.5 1881.7 1850 1882.8 1850 c
1883.4 1850 1884.6 1850.7 1885.4 1851.5 c
1886.3 1852.4 1888.9 1853.4 1891.2 1853.8 c
1894.5 1854.4 1895.4 1855 1895.2 1856.3 c
1895 1857.6 1895.7 1858 1898.2 1858 c
1900.3 1858 1902.2 1858.7 1903.3 1860 c
1904.4 1861.3 1906.2 1862 1908.4 1862 c
1911 1862 1911.9 1862.5 1912.3 1864 c
1912.8 1865.9 1913.5 1866.1 1919.2 1865.8 c
1925.5 1865.5 l 1925.8 1860 l
h
1657.5 1864 m
1657.8 1863.5 1658.8 1863 1659.6 1863 c
1660.4 1863 1661 1863.5 1661 1864 c
1661 1864.5 1660.1 1865 1658.9 1865 c
1657.8 1865 1657.2 1864.5 1657.5 1864 c
h
1821.3 1856.3 m
1821 1854.9 1826.3 1854.3 1845.8 1853.5 c
1853.6 1853.2 1860.8 1852.5 1861.8 1852 c
1862.7 1851.5 1866.1 1850.8 1869.2 1850.5 c
1874 1850 1875 1849.5 1875 1847.9 c
1875 1846.9 1875.5 1846 1876 1846 c
1876.5 1846 1877 1845.3 1877 1844.5 c
1877 1842.6 1863.1 1842.3 1861.2 1844.2 c
1860.4 1845 1855.4 1845.5 1846.7 1845.8 c
1831 1846.1 1828.9 1846.5 1829.6 1848.5 c
1830.1 1849.8 1828.7 1850 1820.7 1850 c
1810.5 1850 1810.1 1850.2 1810.8 1855.2 c
1811.2 1858 1811.4 1858.1 1816.4 1857.8 c
1819.6 1857.6 1821.4 1857.1 1821.3 1856.3 c
h
275.2 1838.3 m
276 1836.6 276 1834.3 275.1 1828.8 c
274.2 1823.9 274 1814.8 274.3 1800.8 c
274.6 1788.4 274.5 1780 273.9 1780 c
273.4 1780 273.1 1795.1 273.2 1817.2 c
273.3 1837.7 273.5 1851.3 273.7 1847.5 c
273.9 1843.7 274.5 1839.5 275.2 1838.3 c
h
1633.7 1853.3 m
1632.2 1851.9 1633 1849 1635 1849 c
1637 1849 1639.4 1852.2 1638.3 1853.4 c
1637.5 1854.2 1634.5 1854.2 1633.7 1853.3 c
h
1901.4 1852.6 m
1901.1 1851.7 1899.7 1851 1898.5 1851 c
1895.2 1851 1893 1850 1893 1848.5 c
1893 1847.8 1891.3 1846.8 1889.3 1846.3 c
1887.3 1845.9 1885.5 1844.9 1885.2 1844.2 c
1884.6 1842.4 1895.4 1842.6 1897 1844.4 c
1897.6 1845.2 1899.6 1846 1901.3 1846.2 c
1903.1 1846.4 1904.5 1847 1904.5 1847.5 c
1904.5 1849.5 1906.1 1851 1908.1 1851 c
1911.7 1851 1909.5 1853.5 1905.7 1853.8 c
1903 1854 1901.8 1853.7 1901.4 1852.6 c
h
1619.6 1849.1 m
1617.7 1848.4 1617.8 1848.3 1620.1 1847.7 c
1624.4 1846.5 1631.2 1846.9 1630.8 1848.2 c
1630.3 1849.7 1622.5 1850.3 1619.6 1849.1 c
h
1606.4 1844.6 m
1606.1 1843.9 1604.1 1842.9 1601.9 1842.6 c
1598.9 1842.1 1598 1841.6 1598.2 1840.2 c
1598.4 1838.8 1597.4 1838.4 1592.6 1837.9 c
1589.4 1837.5 1586.5 1836.8 1586.1 1836.3 c
1585.8 1835.8 1584.7 1835.1 1583.8 1834.7 c
1582.8 1834.4 1582 1833.2 1582 1832.2 c
1582 1830.8 1581.2 1830.3 1578.8 1830.2 c
1577 1830.2 1575.1 1829.5 1574.5 1828.6 c
1573.9 1827.8 1571.7 1826.9 1569.7 1826.5 c
1567 1826 1566 1825.3 1566 1823.9 c
1566 1822.4 1565.3 1822 1562.5 1822 c
1560.3 1822 1558.7 1821.4 1558.4 1820.5 c
1558.1 1819.7 1556.3 1818.5 1554.4 1817.8 c
1551.6 1816.8 1551.3 1816.4 1552.7 1815.9 c
1554.1 1815.4 1553.8 1815.1 1551.3 1814.6 c
1549.4 1814.2 1547.8 1813.1 1547.5 1811.9 c
1547.1 1810.8 1546.3 1810 1545.7 1810.1 c
1542.2 1810.5 1540.4 1808.1 1543.1 1806.5 c
1544.9 1805.3 1549.2 1806.9 1548.6 1808.5 c
1548.3 1809.5 1549 1810.2 1550.8 1810.6 c
1552.3 1811 1554 1811.8 1554.6 1812.5 c
1555.1 1813.3 1557.2 1814 1559.1 1814.2 c
1561.7 1814.4 1562.6 1815 1562.8 1816.8 c
1563 1818 1563.8 1819 1564.6 1819 c
1565.4 1819 1566.3 1819.7 1566.6 1820.5 c
1567 1821.3 1568.4 1822 1569.9 1822 c
1574.3 1822 1576.9 1823.1 1576.3 1824.6 c
1576 1825.4 1576.2 1826.1 1576.6 1826.1 c
1577.1 1826.2 1578.5 1826.4 1579.8 1826.5 c
1581 1826.6 1582.9 1827.5 1583.9 1828.4 c
1584.8 1829.3 1587.3 1830 1589.3 1830 c
1592.3 1830 1593 1830.4 1593 1832 c
1593 1833.6 1593.7 1834 1596 1834 c
1597.8 1834 1599.7 1834.8 1600.7 1836 c
1601.8 1837.2 1603.7 1838 1605.7 1838 c
1608.2 1838 1609 1838.4 1609 1839.8 c
1609 1841.1 1610.2 1841.9 1613.2 1842.6 c
1615.5 1843.1 1617.5 1844.1 1617.8 1844.8 c
1618.4 1846.6 1607.1 1846.5 1606.4 1844.6 c
h
2084 1824 m
2084 1822.9 2084.4 1822 2085 1822 c
2085.6 1822 2086 1822.9 2086 1824 c
2086 1825.1 2085.6 1826 2085 1826 c
2084.4 1826 2084 1825.1 2084 1824 c
h
1463 1820.2 m
1474.7 1818.6 1475.5 1818.3 1475.8 1816.2 c
1476.1 1814.1 1476.6 1813.9 1480.4 1814.1 c
1487.5 1814.6 1487.4 1815.1 1486.7 1793.1 c
1486.3 1782.3 1485.6 1771.2 1485 1768.5 c
1484.3 1765.5 1483.9 1752.4 1483.9 1735.5 c
1484 1700.1 1483.4 1692 1481 1692 c
1479.8 1692 1479.1 1693.1 1478.7 1695.8 c
1477.8 1701.2 1477.5 1702.4 1476.8 1703.6 c
1476.4 1704.2 1475.8 1706.7 1475.4 1709.1 c
1475 1711.5 1474.1 1714.3 1473.2 1715.2 c
1472.4 1716.2 1472 1717.9 1472.3 1719.1 c
1473.1 1722 1472.1 1724 1469.9 1724 c
1468.2 1724 1468 1724.8 1468 1730 c
1468 1734 1467.6 1736.2 1466.6 1736.7 c
1465.8 1737.2 1464.9 1740.4 1464.4 1745 c
1463.6 1751.3 1463.2 1752.5 1461.7 1752.2 c
1460.3 1752 1460 1752.7 1460 1756.8 c
1460 1760.3 1459.4 1762.4 1458 1764 c
1456.7 1765.4 1456 1767.7 1456 1770.2 c
1456 1773.3 1455.7 1774 1454 1774 c
1452.2 1774 1452 1774.7 1452 1779.5 c
1452 1783.1 1451.3 1786.3 1450 1788.7 c
1448.7 1791.1 1448 1794.4 1448 1797.7 c
1448 1802.3 1447.7 1803 1446 1803 c
1444.5 1803 1444 1803.7 1444 1805.9 c
1444 1809.8 1443.1 1812 1441.4 1812 c
1439.9 1812 1439.3 1820 1440.7 1821.3 c
1441.7 1822.4 1449.5 1822 1463 1820.2 c
h
2163 1818 m
2163 1815.8 2163.4 1814 2164 1814 c
2164.6 1814 2165 1815.8 2165 1818 c
2165 1820.2 2164.6 1822 2164 1822 c
2163.4 1822 2163 1820.2 2163 1818 c
h
1910.1 1818.9 m
1910.9 1817.3 1910.9 1816.1 1910.1 1814.3 c
1909.5 1813 1909 1810.6 1909 1809 c
1909 1807 1908.5 1806 1907.5 1806 c
1905.4 1806 1904 1801.9 1904 1795.4 c
1904 1792.4 1903.5 1790 1903 1790 c
1902.5 1790 1902 1787.5 1902 1784.4 c
1902 1779.7 1901.7 1778.7 1900.1 1778.3 c
1898.6 1777.9 1897.9 1776.3 1897 1771.3 c
1896.4 1767.7 1895.2 1762.8 1894.4 1760.3 c
1893.5 1757.6 1893.1 1754.4 1893.4 1752.5 c
1894.2 1748.6 1893.3 1745.9 1891.5 1746.6 c
1890.1 1747.2 1889.3 1744.6 1888.7 1736.8 c
1888.5 1734.8 1887.9 1732.5 1887.3 1731.8 c
1886.7 1731.1 1886 1728.3 1885.6 1725.5 c
1885.3 1722.7 1884.3 1720.2 1883.5 1719.7 c
1881.4 1718.6 1881.3 1704 1883.4 1704 c
1884.9 1704 1886 1707 1886 1711.5 c
1886 1713.2 1886.5 1715.1 1887.1 1715.7 c
1887.6 1716.2 1888.4 1719.3 1888.7 1722.4 c
1889.2 1726.8 1889.6 1728 1891 1728 c
1892.4 1728 1892.8 1729.2 1893.3 1733.7 c
1893.6 1736.8 1894.4 1739.6 1894.9 1740 c
1895.8 1740.5 1897.8 1751.8 1898 1756.8 c
1898 1757.4 1898.6 1758 1899.4 1758 c
1900.1 1758 1901.1 1759.8 1901.6 1762.2 c
1902.5 1766.2 1905 1768.8 1905 1765.6 c
1905 1763.8 1908.5 1763.4 1909.5 1765 c
1910.5 1766.6 1919.8 1766.2 1920.7 1764.6 c
1921.1 1763.8 1922.6 1763 1924 1762.8 c
1926.3 1762.5 1926.5 1762.2 1926.2 1757.5 c
1926 1754.8 1925.4 1752.3 1924.9 1751.9 c
1924.3 1751.6 1924.3 1748.8 1925 1744.4 c
1925.5 1740.6 1926 1720.6 1926 1700 c
1926 1679.4 1926.5 1654.2 1927 1644 c
1927.5 1632.8 1927.5 1625.1 1927 1624.6 c
1926.4 1624 1926.5 1623.1 1927.1 1622.4 c
1928.5 1620.7 1928.5 1609.4 1927.2 1607.7 c
1926.7 1607.1 1925.9 1602.8 1925.5 1598.4 c
1924.9 1591.7 1924.5 1590.3 1923.2 1590.4 c
1922.1 1590.5 1921.4 1589.6 1921.2 1587.9 c
1921 1586.4 1920 1584.4 1918.9 1583.4 c
1917.9 1582.5 1917 1580.6 1917 1579.3 c
1917 1577.9 1916.6 1577.1 1915.9 1577.5 c
1914.7 1578.3 1910.3 1573.8 1909.8 1571.3 c
1909.6 1570.3 1908.4 1569.3 1907.1 1569.2 c
1905.8 1569 1904 1568.2 1903.3 1567.4 c
1901.3 1565.4 1890.7 1565.5 1889 1567.5 c
1888.3 1568.3 1886.9 1569 1885.9 1569 c
1884.7 1569 1883.6 1570 1883 1571.5 c
1882.4 1573 1881.3 1574 1880 1574 c
1878.9 1574 1878 1574.7 1878 1575.5 c
1878 1576.2 1877.4 1577.3 1876.7 1577.7 c
1876 1578.1 1875 1579.8 1874.5 1581.5 c
1873.9 1583.2 1872.8 1584.5 1872 1584.5 c
1871.1 1584.5 1870.3 1585.9 1869.9 1588 c
1869.5 1589.9 1868.7 1594 1868 1597 c
1866.6 1603.6 1866.7 1600.8 1866.8 1637.9 c
1867 1668.2 l 1869.8 1667.7 l
1872.8 1667.1 1874.3 1667.7 1875.4 1670 c
1877.4 1674.3 1879.1 1676.5 1880.2 1676.5 c
1880.9 1676.5 1881.6 1677.9 1881.8 1679.8 c
1882.1 1682.5 1881.8 1683 1880 1683 c
1878.1 1683 1877.9 1683.5 1878.1 1689.1 c
1878.3 1694.3 1878.6 1695.3 1880.5 1696 c
1882.4 1696.7 1882.6 1697.4 1882.1 1700.7 c
1881.4 1704.9 1878.7 1706 1878.2 1702.2 c
1877.9 1700 1876.6 1699.3 1875.6 1700.8 c
1875.3 1701.3 1875.7 1705.3 1876.5 1709.9 c
1878.2 1719.7 1877.8 1734.9 1875.8 1736.1 c
1874.7 1736.8 1874.7 1737.3 1875.9 1739.2 c
1877.5 1741.7 1877.7 1745.9 1878 1776.4 c
1878.2 1796.6 1878.4 1798.2 1880.6 1797.3 c
1881.7 1796.9 1882 1797.8 1882 1801.5 c
1882 1805.2 1881.7 1806.1 1880.6 1805.7 c
1878.3 1804.8 1877 1807.3 1877.9 1810.6 c
1878.6 1813.2 1879.1 1813.5 1882.6 1813.5 c
1886.4 1813.5 1886.5 1813.4 1888.2 1808.5 c
1890.1 1802.5 1892.2 1801.7 1894.4 1806.1 c
1896.4 1810.1 1895.8 1811 1891.4 1811 c
1886.2 1811 1887.6 1813.4 1893.1 1814 c
1896.1 1814.3 1897.5 1815 1897.5 1816 c
1897.5 1816.8 1898.9 1817.7 1901 1818.1 c
1902.9 1818.5 1904.6 1819.3 1904.8 1819.9 c
1905.4 1821.8 1908.9 1821.1 1910.1 1818.9 c
h
374.8 1816.1 m
375.2 1811.8 374.4 1809.9 372.5 1810.6 c
371 1811.2 370.3 1818 371.7 1819.4 c
373.1 1820.7 374.5 1819.3 374.8 1816.1 c
h
1518.4 1804.2 m
1518 1800.5 1517.1 1796.3 1516.4 1794.8 c
1515.6 1793.3 1515 1790.1 1515 1787.7 c
1515 1784.1 1514.6 1783.1 1513 1782.7 c
1511.5 1782.3 1511 1781.3 1511 1778.8 c
1511 1777 1510.4 1774.5 1509.6 1773.4 c
1508.8 1772.3 1507.9 1769.3 1507.5 1766.7 c
1506.9 1763.1 1506.4 1762 1504.9 1762 c
1503.7 1762 1503.2 1761.3 1503.3 1759.8 c
1503.6 1755 1501.7 1745.1 1500.4 1744.6 c
1499.5 1744.3 1499 1742.5 1499 1740 c
1499 1737.4 1498.6 1736 1497.7 1736 c
1496 1736 1494.1 1730.5 1494.2 1725.6 c
1494.2 1723.5 1493.7 1721.5 1493.2 1721.1 c
1492.6 1720.8 1491.9 1718.8 1491.5 1716.7 c
1491 1714.1 1490.3 1713 1489 1713 c
1487.5 1713 1487.1 1714.4 1486.6 1723.2 c
1486.2 1728.9 1486.3 1737.3 1486.8 1742 c
1487.4 1746.7 1487.6 1752 1487.3 1753.8 c
1486.9 1756.4 1487.1 1756.9 1488.3 1756.4 c
1490.7 1755.5 1490.9 1757.9 1491.2 1782.7 c
1491.4 1794.9 1491.9 1805.2 1492.3 1805.7 c
1492.8 1806.1 1493.7 1805.7 1494.4 1804.7 c
1496.2 1802.4 1507.8 1802.2 1508.6 1804.5 c
1509 1805.3 1510.3 1806 1511.6 1806 c
1513.3 1806 1514.3 1806.8 1515 1808.5 c
1515.5 1809.9 1516.6 1811 1517.5 1811 c
1518.8 1811 1519 1810 1518.4 1804.2 c
h
2066.5 1809.6 m
2064.6 1808.2 2064.6 1808.1 2067.3 1806.9 c
2070.4 1805.5 2072.7 1806.8 2071.7 1809.4 c
2070.9 1811.4 2069 1811.4 2066.5 1809.6 c
h
375 1793.5 m
375 1789.7 374.7 1789 373.1 1789 c
371.6 1789 371.1 1789.9 370.8 1793.1 c
370.4 1797.6 370.6 1798 373.2 1798 c
374.7 1798 375 1797.2 375 1793.5 c
h
1171.7 1797.3 m
1169.6 1795.3 1174.5 1779.8 1177.4 1779.2 c
1178.3 1779 1179 1778.2 1179 1777.3 c
1179 1775.2 1183.7 1771 1186.1 1771 c
1187.3 1771 1188 1770.3 1188 1769.1 c
1188 1765.6 1197 1761.9 1201.9 1763.5 c
1204.8 1764.4 1204.5 1766 1201.6 1766 c
1198.2 1766 1196 1767 1196 1768.5 c
1196 1769.2 1194.3 1770.7 1192.2 1771.7 c
1190 1772.9 1188.4 1774.5 1188.2 1775.8 c
1188 1777 1187.3 1778 1186.7 1778 c
1184.5 1778 1180 1783.7 1180 1786.5 c
1180 1788.3 1179.4 1789.4 1178.1 1789.7 c
1176.8 1790 1176 1791.4 1175.6 1794.1 c
1175 1797.7 1173.4 1799.1 1171.7 1797.3 c
h
2050.7 1728.8 m
2050.6 1683.5 2050.2 1659.5 2049.5 1659.5 c
2048.5 1659.5 2047.7 1795.7 2048.7 1797.2 c
2050.7 1800.6 2051 1792 2050.7 1728.8 c
h
2017.2 1794.4 m
2018.9 1792.8 2018.9 1792.6 2016.7 1790.4 c
2015.5 1789.1 2014 1788 2013.3 1788 c
2011.9 1788 2010.6 1782.8 2010.8 1777.5 c
2010.9 1775.3 2010.6 1772.8 2010 1772 c
2009 1770.4 2008.9 1770.7 2008.6 1776.4 c
2008.5 1779.1 2004.7 1779.9 1995.3 1779.1 c
1988.8 1778.6 1987.5 1778.2 1987.6 1776.8 c
1987.8 1775 1987.4 1774.9 1977 1773.5 c
1974.5 1773.2 1971 1772.7 1969.3 1772.4 c
1965.5 1771.9 1964.7 1773.6 1965.2 1781.6 c
1965.5 1786.5 l 1970 1786.8 l
1972.5 1786.9 1975.4 1787.5 1976.5 1788 c
1979.2 1789.2 1988.4 1791 1991.9 1791 c
1993.9 1791 1994.9 1791.6 1995.3 1792.9 c
1995.8 1794.9 1997 1795.2 2009.9 1795.7 c
2013.8 1795.9 2015.9 1795.5 2017.2 1794.4 c
h
1611.8 1794 m
1612.7 1794 1612.9 1791 1612.8 1781.8 c
1612.6 1769.5 l 1612.3 1779.5 l
1612.1 1785 1611.5 1789.9 1611 1790.4 c
1610.3 1791.1 1610 1785.2 1610 1774.1 c
1610 1762.9 1610.3 1757.1 1611 1757.5 c
1611.5 1757.8 1612.1 1759.6 1612.1 1761.3 c
1612.2 1763.1 1612.6 1761.1 1613 1757 c
1613.9 1747.8 1613.4 1744.2 1611.2 1744.4 c
1610.1 1744.5 1609.5 1743.7 1609.6 1742.2 c
1609.6 1741 1609.7 1700.8 1609.8 1653 c
1610 1574.6 1610.4 1558.7 1612.3 1568.2 c
1612.5 1569.5 1612.8 1560.5 1612.9 1548.2 c
1613 1529.1 1612.8 1526 1611.5 1526 c
1610.7 1526 1610 1525.3 1610 1524.4 c
1610 1523.4 1610.6 1523 1611.5 1523.4 c
1612.8 1523.9 1613 1522.2 1613 1511.6 c
1613 1504.8 1613.3 1496.5 1613.6 1493.1 c
1614.3 1487 l 1609.6 1487 l
1606.4 1487 1605 1487.4 1605 1488.4 c
1605 1490.2 1597.8 1491 1580.3 1491 c
1572.5 1491 1565 1491.4 1563.7 1491.9 c
1562.4 1492.4 1551.6 1493.4 1539.7 1494.1 c
1523.7 1495 1518.3 1495.6 1518.6 1496.5 c
1519.2 1497.9 1516 1499 1511.2 1499 c
1507.9 1499 1505.6 1501.5 1507.7 1502.9 c
1508.3 1503.2 1509 1504.5 1509.4 1505.7 c
1509.8 1506.9 1511.3 1508.5 1512.7 1509.2 c
1515.2 1510.5 l 1515.1 1601 l
1515 1696.4 1514.6 1712 1512.4 1712 c
1511.4 1712 1511 1714.4 1510.8 1721.2 c
1510.6 1728 1510.2 1730.5 1509.2 1730.5 c
1508.2 1730.5 1507.9 1719.1 1508.1 1670.5 c
1508.4 1573.5 1507.9 1510.6 1506.8 1509.2 c
1506.2 1508.6 1505.2 1508 1504.5 1508 c
1502.9 1508 1501.8 1505.2 1502.5 1502.9 c
1503.4 1500.3 1502.2 1500.1 1495 1501.6 c
1491.4 1502.3 1485.5 1503 1481.8 1503 c
1475.7 1503 1475 1503.2 1475 1505 c
1475 1506.8 1474.3 1507 1466.2 1507 c
1460.9 1507 1456.9 1507.5 1456.2 1508.2 c
1455.6 1508.8 1448.9 1509.8 1441 1510.3 c
1431.3 1511.1 1427 1511.8 1427 1512.6 c
1427 1514.3 1424.6 1515 1418.2 1515 c
1415.1 1515 1411.2 1515.7 1409.6 1516.5 c
1407.9 1517.4 1404 1518 1399.8 1518 c
1393.8 1518 1392.7 1518.3 1392.3 1519.9 c
1391.8 1521.8 1388.3 1523 1383.4 1523 c
1380.5 1523 1379.9 1524.1 1380.6 1527.8 c
1381 1529.7 1381.7 1530.7 1382.5 1530.4 c
1383.9 1529.8 1384.7 1568.9 1384.9 1646 c
1385 1674 1385.4 1691.6 1386 1691.8 c
1386.6 1692 1387 1693 1387 1694.1 c
1387 1695.5 1387.7 1696 1389.9 1696 c
1391.5 1696 1393.6 1696.7 1394.5 1697.6 c
1396 1699.1 1397.3 1699.5 1402.2 1699.9 c
1403.3 1699.9 1404 1700.8 1404 1702.1 c
1404 1703.7 1404.5 1704.1 1406.8 1703.8 c
1409.5 1703.5 l 1409.5 1663.5 l
1409.5 1641.5 1409.2 1621.6 1408.8 1619.2 c
1408.3 1616.1 1408.5 1613.7 1409.7 1610.7 c
1410.6 1608.4 1411.5 1603.4 1411.7 1599.6 c
1412.1 1594 1412.5 1592.7 1414 1592.3 c
1415.2 1592 1416.1 1590.5 1416.5 1588 c
1416.9 1585.8 1417.8 1583.6 1418.6 1582.9 c
1419.4 1582.3 1420 1580.7 1420 1579.4 c
1420 1577.7 1420.6 1577 1422 1577 c
1423.1 1577 1424 1576.3 1424 1575.5 c
1424 1574.7 1424.6 1574 1425.4 1574 c
1426.2 1574 1427 1573 1427.2 1571.8 c
1427.4 1570.3 1428.3 1569.4 1429.8 1569.2 c
1431 1569 1432 1568.2 1432 1567.4 c
1432 1566.6 1432.7 1566 1433.5 1566 c
1434.4 1566 1435.5 1564.9 1436 1563.5 c
1436.6 1562 1437.7 1561 1438.9 1561 c
1439.9 1561 1441.3 1560.3 1442 1559.5 c
1442.9 1558.4 1445.2 1558 1450.1 1558 c
1454.8 1558 1457.3 1558.5 1458.4 1559.5 c
1459.2 1560.3 1460.7 1561 1461.8 1561 c
1463.7 1561 1467.2 1564 1465.4 1564 c
1463.4 1564 1467.7 1566 1469.8 1566 c
1471.1 1566 1472 1566.6 1472 1567.5 c
1472 1568.3 1472.9 1569.4 1474 1570 c
1475.1 1570.6 1475.8 1571.4 1475.6 1571.9 c
1475.3 1572.3 1476 1573.9 1477.1 1575.6 c
1478.1 1577.2 1479 1579.3 1479 1580.3 c
1479 1581.4 1479.9 1582.4 1480.9 1582.7 c
1483.1 1583.3 1485.2 1590.6 1484.2 1594.2 c
1483.9 1595.5 1484.3 1596.6 1485.2 1597.1 c
1486.6 1597.9 1486.7 1602.6 1486.5 1635.7 c
1486.2 1677.8 1486.3 1679.6 1489.2 1680.4 c
1491.1 1680.8 1491.2 1681.4 1490.6 1686.7 c
1490.2 1690.7 1490.6 1695.8 1492.1 1703.5 c
1493.2 1709.5 1494.4 1715.7 1494.7 1717.2 c
1495 1719 1495.9 1720 1497.4 1720.2 c
1498.9 1720.4 1499.6 1721.3 1499.8 1723.5 c
1500 1725.2 1500.8 1727.9 1501.6 1729.7 c
1502.3 1731.4 1503 1734.4 1503 1736.3 c
1503 1738.9 1503.5 1739.9 1504.7 1740.2 c
1506.6 1740.6 1506.6 1740.5 1506.8 1749.2 c
1507 1755 l 1512.4 1755 l
1516.3 1755 1517.9 1754.6 1518.4 1753.5 c
1518.7 1752.7 1519.9 1752 1521 1752 c
1523.1 1752 l 1523 1661.8 l
1522.9 1573.2 1523.1 1566 1526 1566 c
1526.5 1566 1527 1564.4 1527 1562.5 c
1527 1559.7 1527.4 1559 1528.9 1559 c
1530.3 1559 1530.9 1558 1531.3 1554.9 c
1531.6 1552.6 1532.3 1550.4 1532.8 1550.1 c
1533.3 1549.8 1534.1 1548.1 1534.4 1546.4 c
1534.8 1544.4 1535.9 1543 1537.1 1542.7 c
1538.1 1542.4 1539 1541.4 1539 1540.5 c
1539 1537.6 1543.2 1534 1546.7 1534 c
1548.4 1534 1550.1 1533.6 1550.4 1533.1 c
1551.2 1531.9 1557 1531.1 1557.6 1532.2 c
1557.9 1532.6 1556.9 1533.5 1555.3 1534 c
1550.1 1535.9 1546 1538.4 1546 1539.7 c
1546 1540.4 1545.3 1541 1544.5 1541 c
1543.6 1541 1542.6 1541.8 1542.3 1542.8 c
1541.9 1543.7 1541.1 1545 1540.4 1545.5 c
1539.8 1546 1538.9 1547.8 1538.6 1549.3 c
1538.1 1551.2 1537.4 1552 1536.5 1551.7 c
1534.9 1551 1534 1553 1534 1557 c
1534 1558.6 1533.4 1560.3 1532.6 1560.7 c
1531.8 1561.1 1531 1563.3 1530.8 1565.5 c
1530.6 1568.5 1530.1 1569.5 1528.8 1569.4 c
1526.2 1569.2 1525.9 1580.3 1526.2 1667.5 c
1526.5 1747.5 l 1541.5 1747.1 l
1549.8 1746.9 1557 1746.4 1557.6 1745.9 c
1558.2 1745.4 1566.4 1744.7 1575.9 1744.3 c
1591.6 1743.7 1593 1743.5 1593 1741.8 c
1593 1740.3 1593.8 1740 1597.5 1740 c
1601.4 1740 1602 1740.3 1602 1742.1 c
1602 1743.5 1602.5 1744 1603.4 1743.7 c
1604.2 1743.4 1605.1 1743.7 1605.3 1744.5 c
1606.1 1746.4 1600.6 1747.3 1586.5 1747.5 c
1566.2 1747.8 1566 1747.9 1566 1749.5 c
1566 1750.3 1565.4 1751 1564.8 1751.1 c
1564.1 1751.1 1555.6 1751.5 1546 1751.9 c
1530.9 1752.5 1528.1 1752.9 1526.2 1754.5 c
1523.1 1757.2 1523.4 1757.8 1527.8 1758.2 c
1530.8 1758.4 1531.6 1758.9 1531.8 1760.8 c
1532.1 1762.5 1532.8 1763 1535 1763 c
1536.6 1763 1538.5 1763.7 1539.4 1764.5 c
1540.2 1765.3 1541.7 1766 1542.7 1766 c
1546.3 1766 1548.8 1767.2 1549.3 1769.1 c
1549.7 1770.5 1550.7 1771 1553.1 1771 c
1557.5 1771 1565.7 1774.8 1566.3 1777.1 c
1566.7 1778.5 1567.7 1779 1570.3 1779 c
1572.2 1779 1574.3 1779.7 1575 1780.5 c
1575.7 1781.3 1577.8 1782 1579.7 1782 c
1582 1782 1583.3 1782.6 1583.7 1783.8 c
1584.6 1786.1 1586 1787 1589.1 1787 c
1590.6 1787 1592.3 1787.7 1593 1788.5 c
1593.7 1789.3 1595.8 1790 1597.7 1790 c
1600.3 1790 1601.3 1790.5 1601.7 1791.9 c
1602.2 1794 1605.1 1795 1608.5 1794.4 c
1609.6 1794.2 1611.1 1794 1611.8 1794 c
h
2042.8 1725.7 m
2043 1651.9 2042.9 1654.2 2047.9 1656.9 c
2049.5 1657.8 2050.1 1657.7 2050.8 1656.3 c
2052.1 1653.8 2051.5 1630.7 2050.1 1630.2 c
2049.6 1630 2048.8 1627.2 2048.4 1623.8 c
2047.9 1619.7 2047.2 1617.7 2046.1 1617.3 c
2043.9 1616.5 2041 1613.4 2041 1611.8 c
2040.9 1610.1 2038.5 1606.9 2037.7 1607.6 c
2037.4 1607.9 2036.2 1607.5 2035 1606.8 c
2033.2 1605.7 2032.8 1605.7 2031.9 1607.2 c
2031.3 1608.2 2030.3 1609 2029.5 1609 c
2028.2 1609 2025.8 1612.3 2024.4 1616.2 c
2024.1 1617.2 2023 1618 2022 1618 c
2020.3 1618 2018.9 1622.3 2018.5 1628.7 c
2018.5 1630 2017.9 1631.5 2017.2 1632.2 c
2015.3 1634.1 2015.5 1781.9 2017.4 1782.6 c
2018.2 1782.9 2018.7 1783.7 2018.4 1784.4 c
2017.9 1785.8 2024.3 1788.5 2031 1789.8 c
2033.6 1790.4 2034.6 1791.1 2034.8 1792.8 c
2035.1 1794.8 2035.6 1795.1 2038.8 1794.8 c
2042.5 1794.5 l 2042.8 1725.7 l
h
378.5 1774.4 m
378.8 1773.1 379.7 1772.3 380.7 1772.4 c
382.1 1772.5 382.6 1771.6 382.8 1768.5 c
383 1766.3 383.7 1764 384.4 1763.5 c
385.1 1763 386 1760.8 386.4 1758.7 c
386.9 1755.9 387.5 1755 388.6 1755.4 c
389.5 1755.8 390.4 1755.1 391 1753.5 c
391.5 1752.1 392.4 1751 393 1751 c
393.5 1751 394 1749.4 394 1747.5 c
394 1743.7 392.6 1742.8 391.7 1746 c
391.4 1747.2 390.3 1748 389.2 1748 c
387.7 1748 387.1 1748.9 386.6 1751.4 c
386.2 1753.3 385.3 1755.1 384.5 1755.4 c
383.7 1755.7 383 1756.6 383 1757.5 c
383 1758.3 382.2 1759 381.1 1759 c
379.6 1759 379.2 1760 378.7 1764.4 c
378.4 1767.4 377.4 1771 376.5 1772.4 c
375.2 1774.4 375 1776.1 375.5 1780.2 c
376.5 1787.7 377.5 1788.4 377.8 1782 c
377.9 1779 378.2 1775.5 378.5 1774.4 c
h
370 1771.9 m
370 1768.2 369.6 1766.1 369 1766.5 c
368.4 1766.8 368 1769.6 368 1772.6 c
368 1775.6 368.4 1778 369 1778 c
369.6 1778 370 1775.3 370 1771.9 c
h
2001.4 1772.3 m
2003.8 1769.7 l 2003.6 1668.9 l
2003.5 1613.4 2003.2 1567.8 2002.8 1567.5 c
2002.5 1567.2 1998.8 1566.7 1994.5 1566.5 c
1986.6 1566.1 1985.5 1565.7 1985.5 1563.7 c
1985.5 1562.1 1973.2 1557.8 1969.5 1558.2 c
1966.5 1558.5 l 1966.2 1662.2 l
1966 1766 l 1969.9 1766 l
1976.1 1766 1980.2 1767.2 1980.7 1769 c
1981 1770.2 1982.6 1770.9 1985.8 1771.3 c
1988.4 1771.6 1991.8 1772.6 1993.5 1773.4 c
1997.6 1775.6 1998.5 1775.4 2001.4 1772.3 c
h
1449 1772.2 m
1450.6 1770.9 1451.3 1769 1451.7 1764.2 c
1452.2 1759 1452.6 1758 1454.1 1758 c
1455.7 1758 1456 1757.2 1456 1753.7 c
1456 1751.4 1456.7 1748.5 1457.5 1747.3 c
1458.4 1746 1459.3 1742.1 1459.7 1738.5 c
1460.3 1732.4 1460.2 1732 1458.2 1732 c
1457.1 1732 1455.8 1731.5 1455.5 1731 c
1455.1 1730.4 1454.4 1730.2 1453.9 1730.5 c
1453.4 1730.9 1452.3 1730.4 1451.4 1729.6 c
1450.6 1728.7 1448.5 1728 1446.9 1728 c
1444.7 1728 1444 1727.5 1444 1726.1 c
1444 1724.7 1443 1724 1440.4 1723.5 c
1438.4 1723.2 1436.1 1722.2 1435.3 1721.4 c
1434.5 1720.6 1432.3 1720 1430.4 1720 c
1427.7 1720 1427 1719.6 1427 1718 c
1427 1716.4 1426.3 1716 1423.5 1716 c
1421.2 1716 1419.7 1715.4 1419.4 1714.5 c
1419 1713.7 1417 1712.7 1414.9 1712.4 c
1412 1711.9 1411 1711.3 1411 1709.9 c
1411 1708.8 1410.2 1707.9 1409.2 1707.8 c
1408.3 1707.8 1406.2 1707.6 1404.7 1707.5 c
1403.1 1707.4 1401.5 1706.8 1401.2 1706.3 c
1400.8 1705.7 1398.8 1705 1396.8 1704.6 c
1393.9 1704.1 1393 1703.4 1393 1702 c
1393 1700.3 1392.3 1700 1389.1 1700 c
1386.9 1700 1385 1699.5 1384.8 1698.8 c
1384.5 1698.1 1382.4 1697.1 1379.9 1696.5 c
1377.2 1695.8 1375.5 1694.8 1375.5 1694 c
1375.5 1692.5 1375.1 1692.4 1370.6 1692.1 c
1369.2 1692.1 1367.5 1691.3 1366.6 1690.5 c
1365.8 1689.7 1363.8 1689 1362.1 1689 c
1359.3 1689 1357.5 1687.7 1357.5 1685.5 c
1357.5 1685 1355.8 1684.4 1353.8 1684.2 c
1351.7 1684 1350 1683.5 1350 1683.1 c
1350 1682.6 1347.3 1681.7 1344 1680.9 c
1339.6 1679.9 1338.1 1679.2 1338.3 1678 c
1338.4 1676.9 1337.4 1676.4 1334.6 1676.2 c
1332.4 1676 1330.1 1675.2 1329.6 1674.5 c
1328.7 1673.3 1326.2 1672.6 1321.8 1672.1 c
1321.3 1672 1321 1671.1 1321 1670 c
1321 1668.4 1320.3 1668 1317.2 1668 c
1315.1 1668 1312.6 1667.4 1311.5 1666.6 c
1310.4 1665.9 1307.8 1665 1305.8 1664.6 c
1302.9 1664.1 1302 1663.4 1302 1662 c
1302 1660.5 1301.3 1660 1299.1 1660 c
1297.5 1660 1295.5 1659.3 1294.6 1658.5 c
1293.8 1657.7 1292 1657 1290.7 1657 c
1285.5 1657 1282 1655.8 1282.2 1654.1 c
1282.4 1652.9 1281.5 1652.4 1278.2 1652.2 c
1275.9 1652 1274 1651.4 1274 1650.9 c
1274 1650.3 1272.6 1649.4 1270.9 1648.8 c
1269 1648.1 1268.1 1647.3 1268.4 1646.4 c
1268.9 1645 1268.3 1644.8 1263.2 1644.6 c
1259.5 1644.5 1259.5 1647.4 1263.3 1647.8 c
1264.8 1648 1266.4 1649 1267 1650 c
1267.5 1651 1269 1652 1270.2 1652.2 c
1271.5 1652.4 1272.5 1653.2 1272.5 1654 c
1272.5 1654.9 1273.6 1655.6 1275.2 1655.8 c
1276.8 1656 1278 1656.7 1278 1657.6 c
1278 1658.4 1279.1 1659.5 1280.5 1660 c
1281.9 1660.5 1282.9 1661.5 1282.8 1662.2 c
1282.6 1662.9 1283 1663.5 1283.5 1663.5 c
1286 1663.7 1288.9 1665.2 1289.4 1666.5 c
1289.7 1667.3 1290.9 1668 1292.1 1668 c
1293.3 1668 1294.4 1668.8 1294.7 1669.9 c
1295.1 1671.6 1298.3 1673.4 1300.3 1673.1 c
1300.7 1673 1301.3 1673.7 1301.6 1674.5 c
1302 1675.3 1303.1 1676 1304.1 1676 c
1305.3 1676 1306 1676.7 1306 1678 c
1306 1679.2 1306.7 1680 1307.8 1680 c
1308.8 1680 1310.3 1680.9 1311.3 1682 c
1312.2 1683.1 1314.1 1684 1315.5 1684 c
1317.3 1684 1318 1684.5 1318 1686 c
1318 1687.1 1318.7 1688 1319.5 1688 c
1320.4 1688 1321.3 1688.7 1321.6 1689.5 c
1322 1690.3 1323 1691 1324 1691 c
1327.2 1691 1329 1692.1 1329 1694.1 c
1329 1695.2 1329.7 1696 1330.6 1696 c
1331.5 1696 1333.3 1696.9 1334.7 1698 c
1336.1 1699.1 1338.3 1700 1339.6 1700 c
1341.3 1700 1342 1700.6 1342 1702 c
1342 1703.1 1342.7 1704 1343.5 1704 c
1344.4 1704 1345.3 1704.6 1345.6 1705.4 c
1345.9 1706.2 1347.4 1707 1349.1 1707.4 c
1351.2 1707.8 1352 1708.5 1352 1710 c
1352 1711.5 1352.8 1712.2 1355 1712.7 c
1356.7 1713 1358 1713.6 1358 1714 c
1358 1714.4 1359.1 1715.2 1360.5 1715.8 c
1362.1 1716.5 1362.8 1717.5 1362.4 1718.5 c
1361.9 1719.6 1362.5 1720 1364.3 1720 c
1365.7 1720 1367.5 1720.6 1368.2 1721.3 c
1368.9 1722 1370.3 1722.9 1371.2 1723.3 c
1372.2 1723.6 1373 1724.9 1373 1726 c
1373 1727.6 1373.6 1728 1376.5 1728 c
1378.8 1728 1380 1728.5 1380 1729.4 c
1380 1730.2 1381.5 1731.1 1383.5 1731.4 c
1386.1 1731.9 1387 1732.6 1387 1734 c
1387 1735.5 1387.7 1736 1389.5 1736 c
1390.9 1736 1392.3 1736.7 1392.6 1737.5 c
1392.9 1738.3 1394.7 1739.2 1396.6 1739.6 c
1399 1740 1400 1740.8 1400 1742.1 c
1400 1743.2 1400.7 1744 1401.5 1744 c
1402.2 1744 1403.3 1744.6 1403.7 1745.4 c
1404.1 1746.2 1405.4 1746.9 1406.5 1747.1 c
1407.6 1747.3 1408.9 1748.5 1409.5 1749.8 c
1410.1 1751.1 1411.4 1752 1412.7 1752 c
1414 1752 1415.9 1752.8 1416.9 1753.8 c
1420.5 1757 1421.8 1757.9 1422.3 1757.4 c
1423.4 1756.3 1427.9 1759.1 1428.2 1761.1 c
1428.4 1762.4 1429.3 1763.4 1430.4 1763.6 c
1431.4 1763.7 1432.6 1764.3 1433 1764.9 c
1433.3 1765.5 1434.9 1766.1 1436.4 1766.2 c
1438.3 1766.4 1439.5 1767.2 1440.1 1768.7 c
1440.6 1770 1441.6 1771 1442.4 1771 c
1443.1 1771 1444 1771.7 1444.4 1772.5 c
1445.1 1774.5 1446.3 1774.4 1449 1772.2 c
h
2248 1770.5 m
2248 1767.9 2244.6 1763.8 2241.8 1762.7 c
2240.8 1762.4 2240 1761.2 2240 1760.2 c
2240 1759.1 2239.3 1757.7 2238.5 1757 c
2237.7 1756.3 2237 1755.1 2237 1754.4 c
2237 1753.6 2236 1752.6 2234.7 1752.1 c
2233.4 1751.6 2232.4 1750.3 2232.3 1749 c
2232 1745.8 2230.1 1744 2226.9 1744 c
2224.7 1744 2224 1743.5 2224 1742 c
2224 1740.6 2223.1 1739.9 2220.3 1739.4 c
2218.2 1739 2215.9 1738.1 2215.2 1737.3 c
2214.5 1736.6 2212.3 1736 2210.4 1736 c
2207.7 1736 2207 1735.6 2207 1734 c
2207 1732.5 2206.3 1732 2204.2 1732 c
2202.6 1732 2200.5 1731.1 2199.5 1730 c
2197.6 1727.9 2193.5 1727.3 2192.5 1729 c
2192.2 1729.6 2192.2 1733.2 2192.6 1737 c
2193.2 1742.9 2193.5 1744 2195.1 1744 c
2196.6 1744 2197 1744.8 2197 1747.9 c
2197 1751.4 2196.7 1751.8 2193.9 1752.4 c
2189.7 1753.2 2188.7 1752.3 2189.3 1748.6 c
2189.5 1746.9 2189.1 1743.2 2188.3 1740.5 c
2187.5 1737.8 2186.5 1733 2186.2 1730 c
2185.7 1725.9 2185.1 1724.4 2183.8 1724.2 c
2182.5 1724 2182 1724.5 2182 1725.9 c
2182 1728.2 2181.1 1728.4 2170.4 1728 c
2165.7 1727.9 2163.9 1728.2 2162.5 1729.6 c
2161.1 1731 2158.6 1731.5 2150 1731.8 c
2140.5 1732.2 2139.1 1732.5 2138.7 1734.1 c
2138.2 1735.8 2137.1 1736 2127.7 1736 c
2118.6 1736 2117.1 1736.2 2115.5 1738 c
2114.5 1739.1 2112.9 1740 2111.8 1740 c
2110.4 1740 2110 1740.8 2110 1743.5 c
2110 1745.7 2109.4 1747.3 2108.5 1747.6 c
2107.7 1748 2107 1749.1 2107 1750.1 c
2107 1751.2 2106.2 1752.3 2105.2 1752.7 c
2102.6 1753.6 2098 1758.9 2098 1761 c
2098 1762 2097.6 1763.2 2097 1763.5 c
2096.4 1763.8 2096 1763.5 2096 1762.8 c
2096 1761.8 2095.7 1761.9 2095.1 1763 c
2094.5 1763.8 2094.3 1764.7 2094.6 1765.2 c
2095.3 1766.2 2116.3 1765.9 2117.6 1764.8 c
2118.3 1764.3 2124 1763.7 2130.4 1763.3 c
2140.8 1762.8 2142 1762.5 2142 1760.8 c
2142 1759.3 2142.8 1759 2146.9 1759 c
2151.8 1759 2176.1 1756.5 2181.1 1755.4 c
2182.6 1755.1 2186.6 1754.9 2190.1 1754.8 c
2193.6 1754.8 2197.1 1754.3 2197.8 1753.7 c
2198.7 1753 2199.4 1753 2199.8 1753.7 c
2200.2 1754.2 2202.8 1755 2205.5 1755.3 c
2208.2 1755.6 2211.8 1756.6 2213.5 1757.4 c
2215.2 1758.3 2217.5 1759 2218.8 1759 c
2220.3 1759 2221 1759.6 2221 1761 c
2221 1762.5 2221.9 1763.1 2225 1763.6 c
2227.2 1764 2229 1764.6 2229 1765 c
2229 1765.5 2230.8 1766.1 2232.9 1766.5 c
2235.6 1766.9 2237 1767.8 2237.3 1769.1 c
2237.7 1770.5 2238.7 1771 2241.4 1771 c
2243.7 1771 2245.3 1771.5 2245.6 1772.5 c
2246.5 1774.6 2248 1773.3 2248 1770.5 c
h
275.4 1759.2 m
275.7 1752.2 276 1737.5 276.1 1726.5 c
276.3 1700.3 276.3 1700.2 280.6 1699.4 c
282.5 1699.1 284 1698.2 284 1697.5 c
284 1696.8 284.9 1696 286 1695.7 c
287.6 1695.3 287.9 1694.6 287.5 1692.7 c
286.6 1689.2 288.1 1688.6 299 1688.4 c
316.9 1688.1 316 1688.3 316 1685.5 c
316 1684.1 316.6 1683 317.2 1683 c
318.1 1683 318 1682.6 317 1682 c
314.9 1680.7 308.3 1680.7 307.8 1682.1 c
307.6 1682.8 303.1 1683.4 296.6 1683.7 c
286.3 1684.3 285.8 1684.4 284.9 1686.7 c
284 1689 283.6 1689.2 278.2 1688.8 c
273.7 1688.6 272.5 1688.8 272.5 1690 c
272.5 1691 273.6 1691.5 276 1691.6 c
279.8 1691.6 284 1692.9 284 1693.9 c
284 1695.2 277.8 1697.2 275.6 1696.6 c
274.1 1696.2 273.1 1696.5 272.8 1697.3 c
272.5 1698.4 272.5 1733.6 272.8 1759.8 c
272.9 1766.5 273.4 1772 273.9 1772 c
274.4 1772 275 1766.3 275.4 1759.2 c
h
2088.3 1765.1 m
2089.8 1763.5 2091 1761.5 2091 1760.6 c
2091 1758.6 2095.1 1754.4 2096.6 1754.8 c
2097.7 1755 2099.4 1751.5 2099.1 1749.6 c
2099 1749.2 2099.7 1748.2 2100.6 1747.6 c
2102.1 1746.4 2102.1 1744 2101.1 1717.4 c
2100.5 1701.5 2100 1677 2100 1663 c
2100 1634.1 2098.8 1622 2095.8 1622 c
2094.8 1622 2094 1621.3 2094 1620.4 c
2094 1617.8 2089.2 1614 2085.9 1614 c
2083 1614 l 2083 1690.3 l
2083 1732.3 2083.3 1767 2083.7 1767.3 c
2084.8 1768.4 2085.4 1768.1 2088.3 1765.1 c
h
375 1762.5 m
375 1760.3 375.8 1758.2 377 1757 c
378.1 1755.9 379 1754.3 379 1753.5 c
379 1752.7 379.9 1752 381 1752 c
382.3 1752 383 1751.3 383 1750 c
383 1748.9 383.9 1747.1 385 1746 c
386.1 1744.9 387 1743.2 387 1742.1 c
387 1741.1 387.9 1740 389 1739.7 c
391.5 1739.1 391.7 1736 389.2 1736 c
387.2 1736 383.8 1739.5 382.9 1742.5 c
382.6 1743.6 381.6 1744.4 380.7 1744.4 c
379.6 1744.3 378.9 1745.4 378.5 1748.1 c
378.1 1750.5 377.3 1752 376.4 1752 c
375.5 1752 375 1753.1 375 1755 c
375 1757.3 374.6 1758 373 1758 c
371.3 1758 371 1758.7 371 1762 c
371 1765.3 371.3 1766 373 1766 c
374.6 1766 375 1765.3 375 1762.5 c
h
1424 1765 m
1424 1764.5 1423.1 1764 1422 1764 c
1420.9 1764 1420 1764.5 1420 1765 c
1420 1765.5 1420.9 1766 1422 1766 c
1423.1 1766 1424 1765.5 1424 1765 c
h
1767.5 1753 m
1767.5 1743.5 l 1764.9 1743.2 l
1763.1 1743 1762 1742.1 1761.6 1740.7 c
1761.3 1739.5 1761 1706.9 1761 1668.2 c
1761 1598 l 1764 1598 l
1766.7 1598 1767 1597.7 1767 1594.8 c
1767 1592.6 1766.7 1591.9 1766.1 1592.8 c
1765.6 1593.6 1764.4 1594 1763.4 1593.8 c
1761.1 1593.4 1760.2 1590 1762.4 1590 c
1763.3 1590 1764 1589.1 1764 1588 c
1764 1586.6 1764.6 1586 1765.8 1586.2 c
1767.4 1586.5 1767.5 1583.9 1767.5 1543.5 c
1767.5 1510.2 1767.2 1500.6 1766.3 1500.7 c
1764.8 1501 1763.5 1498.6 1762.6 1494 c
1762 1490.5 l 1749.3 1490.8 l
1730.2 1491.3 1712 1490.1 1712 1488.4 c
1712 1487.2 1705 1487 1667.4 1487 c
1624.1 1487 1622.8 1487.1 1622.3 1488.9 c
1622 1490 1620.8 1491 1619.6 1491.2 c
1617.5 1491.5 l 1617.2 1623 l
1617.1 1695.3 1617.2 1756.4 1617.5 1758.7 c
1618.1 1763 l 1689.2 1763 l
1728.3 1762.9 1760.4 1763.1 1760.7 1763.3 c
1760.9 1763.5 1762.5 1763.4 1764.3 1763.1 c
1767.5 1762.4 l 1767.5 1753 l
h
1419 1761 m
1419 1759.9 1418.6 1759 1418.1 1759 c
1416.7 1759 1415.8 1760.8 1416.5 1762 c
1417.5 1763.7 1419 1763.1 1419 1761 c
h
1683.5 1747.7 m
1659.8 1747.3 1638.8 1747 1636.7 1747 c
1633.9 1747 1632.9 1746.7 1633.3 1745.8 c
1633.5 1745 1635 1744.6 1636.8 1744.7 c
1638.5 1744.9 1640.2 1744.4 1640.7 1743.7 c
1641.1 1743.1 1641.7 1723.4 1642 1700 c
1642.4 1668.3 1642.8 1657.6 1643.7 1657.7 c
1644.5 1657.9 1644.9 1647.9 1645.2 1618.2 c
1645.4 1590.6 1645.9 1577.9 1646.7 1576.5 c
1647.3 1575.4 1648.2 1572.7 1648.7 1570.5 c
1649.3 1567.5 1650 1566.6 1651.3 1566.8 c
1652.5 1567 1653 1566.4 1653 1564.8 c
1653 1562.2 1657.3 1557 1659.5 1557 c
1660.3 1557 1661 1556.2 1661 1555.2 c
1661 1552.7 1664.1 1550 1666.8 1550 c
1668.3 1550 1669 1549.4 1669 1548.1 c
1669 1545.8 1673.4 1542.7 1677.5 1542 c
1679.6 1541.6 1680.4 1541 1680.2 1539.8 c
1680 1538.6 1680.8 1537.8 1682.5 1537.4 c
1685.9 1536.5 1691.5 1538.2 1691.5 1540 c
1691.5 1540.9 1692.7 1541.6 1694.5 1541.8 c
1696.2 1542 1698.3 1542.9 1699.3 1543.8 c
1700.4 1544.7 1701.9 1545.5 1702.8 1545.5 c
1703.8 1545.5 1704.6 1546.5 1704.8 1547.8 c
1705 1549 1705.8 1550 1706.6 1550 c
1707.4 1550 1708 1550.6 1708 1551.4 c
1708 1552.2 1709 1553 1710.2 1553.2 c
1711.5 1553.4 1712.6 1554.3 1712.9 1555.5 c
1713.1 1556.6 1713.8 1557.9 1714.6 1558.3 c
1715.4 1558.7 1716 1559.8 1716 1560.5 c
1716 1561.3 1716.9 1562 1718 1562 c
1719.4 1562 1720 1562.7 1720 1564.3 c
1720 1565.5 1720.8 1567.7 1721.7 1569 c
1723.7 1571.8 1723.6 1571.7 1723.8 1578.2 c
1724 1582.3 1724.3 1583 1726 1583 c
1727.8 1583 1728 1583.7 1728 1590 c
1728 1595.4 1728.4 1597.2 1729.5 1597.6 c
1730.8 1598.1 1731 1607.2 1731 1671.1 c
1731 1743.9 l 1728.8 1746.2 l
1726.5 1748.5 l 1683.5 1747.7 l
h
1793.7 1747.1 m
1785.7 1746.3 1786.1 1744.6 1794.4 1744.2 c
1801.5 1743.9 1804.9 1745.2 1802 1747 c
1801.2 1747.5 1800.3 1747.9 1800 1747.8 c
1799.7 1747.7 1796.9 1747.4 1793.7 1747.1 c
h
399 1742 m
399 1740.7 398.3 1740 397 1740 c
395.7 1740 395 1740.7 395 1742 c
395 1743.3 395.7 1744 397 1744 c
398.3 1744 399 1743.3 399 1742 c
h
1717 1743.4 m
1720.5 1742.8 l 1720.8 1707.2 l
1721.3 1656.5 1720.2 1608.7 1718.5 1609.4 c
1716.9 1610 1715.9 1607.8 1717 1606.1 c
1717.5 1605.2 1717.9 1605.1 1718.4 1605.9 c
1718.9 1606.7 1719.7 1606.7 1721.1 1606 c
1722.6 1605.2 1723 1603.9 1723 1600.2 c
1723 1597.5 1722.6 1595 1722.1 1594.5 c
1721.3 1593.7 1720.4 1587.1 1720 1579.8 c
1719.8 1577.1 1718 1576.6 1717.9 1579.2 c
1717.8 1583.4 1716.2 1578.1 1716.1 1573.2 c
1716 1570.3 1715.4 1568.5 1714 1567.3 c
1712.9 1566.3 1712 1564.5 1712 1563.3 c
1712 1561.7 1711.4 1561 1710 1561 c
1708.9 1561 1708 1560.4 1708 1559.6 c
1708 1558.8 1707.3 1557.9 1706.4 1557.6 c
1705.5 1557.2 1705 1556.7 1705.3 1556.3 c
1706.4 1555.3 1703.9 1553 1701.9 1553 c
1700.8 1553 1700 1552.3 1700 1551.5 c
1700 1550.7 1699.1 1550 1698 1550 c
1696.7 1550 1696 1549.3 1696 1548 c
1696 1546.8 1695.3 1546 1694.2 1546 c
1693.3 1546 1691.2 1545.3 1689.6 1544.5 c
1686.4 1542.8 1682 1542.5 1682 1544 c
1682 1544.5 1680.9 1545.2 1679.6 1545.6 c
1678.3 1545.9 1677 1547 1676.7 1548.1 c
1676.4 1549.2 1675.3 1550 1674.1 1550 c
1672.9 1550 1671.2 1550.9 1670.3 1552 c
1669.3 1553.1 1667.8 1554 1666.8 1554 c
1665.7 1554 1665 1554.8 1665 1556 c
1665 1557.1 1664.4 1558.3 1663.6 1558.6 c
1662.8 1558.9 1661.8 1560.5 1661.5 1562 c
1661.1 1563.6 1660.1 1565.2 1659.1 1565.5 c
1656.1 1566.4 1654 1571.7 1653.3 1579.8 c
1652.9 1584.1 1652.5 1585 1650.9 1585 c
1649 1585 1649 1587 1649 1664.5 c
1649 1744 l 1681.2 1744 l
1699 1744 1715.1 1743.7 1717 1743.4 c
h
402 1737.6 m
402 1736.8 403 1736 404.2 1735.8 c
405.5 1735.6 406.6 1734.7 406.8 1733.8 c
407.3 1731.2 403 1731.4 402.3 1734 c
402 1735.1 401.1 1736 400.4 1736 c
399.6 1736 399 1736.7 399 1737.5 c
399 1738.3 399.7 1739 400.5 1739 c
401.3 1739 402 1738.4 402 1737.6 c
h
1612.7 1721.8 m
1612.5 1718.3 1612.4 1720.9 1612.4 1727.5 c
1612.4 1734.1 1612.5 1736.9 1612.7 1733.8 c
1612.9 1730.6 1612.9 1725.2 1612.7 1721.8 c
h
394 1734 m
394 1731.9 392.5 1731.3 391.5 1733 c
390.8 1734.2 391.7 1736 393.1 1736 c
393.6 1736 394 1735.1 394 1734 c
h
1768 1728 m
1768 1723 1768.4 1720 1769.1 1720 c
1769.8 1720 1769.9 1718.1 1769.5 1714.2 c
1768.5 1704.6 1768.2 1704 1765.3 1704 c
1762.7 1704 l 1763.4 1713.2 l
1763.7 1718.2 1764 1725.4 1764 1729.2 c
1764 1735.3 1764.2 1736 1766 1736 c
1767.8 1736 1768 1735.3 1768 1728 c
h
413.1 1731 m
414.1 1731 415 1730.4 415 1729.6 c
415 1728.2 418.4 1726.6 420.8 1726.9 c
422.9 1727.2 422.1 1725.3 419.8 1724.6 c
416 1723.6 415 1723.9 415 1726 c
415 1727.6 414.3 1728 411.6 1728 c
409.7 1728 407.8 1728.5 407.5 1729 c
406.6 1730.5 408 1732.2 409.7 1731.6 c
410.5 1731.3 412 1731 413.1 1731 c
h
2213.1 1729 m
2214.8 1728 2215 1726.8 2215 1716 c
2215 1708.1 2214.6 1704 2213.9 1704 c
2213.2 1704 2213 1707.2 2213.2 1713.5 c
2213.5 1722.8 2213.4 1723 2211.2 1723 c
2209.4 1723 2209 1723.6 2209 1725.8 c
2209 1730 2209.9 1730.7 2213.1 1729 c
h
1464 1726.1 m
1464 1724.6 1464.9 1722.1 1466 1720.7 c
1467.4 1718.9 1468 1716.7 1468 1713.1 c
1468 1708.7 1468.3 1708 1470 1708 c
1471.6 1708 1472 1707.3 1472 1704.2 c
1472 1702.1 1472.7 1699.5 1473.5 1698.4 c
1474.4 1697.2 1474.9 1694 1475 1689.4 c
1475 1680.4 1475.9 1676 1477.6 1676 c
1478.4 1676 1479 1675.5 1479 1675 c
1479 1674.4 1480.2 1673.5 1481.6 1673 c
1483.7 1672.2 1484.1 1671.5 1483.6 1669.7 c
1483.3 1668.5 1483 1651.9 1483 1632.8 c
1483 1599.5 1482.9 1598 1481.1 1598 c
1479.6 1598 1479.2 1597 1478.7 1592.8 c
1478.2 1587.9 1474.5 1579 1472.8 1578.2 c
1472.3 1578 1472 1577.2 1472 1576.5 c
1472 1574.4 1470.3 1573.8 1468.8 1575.2 c
1468 1575.9 1466.5 1577 1465.5 1577.6 c
1464.4 1578.2 1463.5 1579.3 1463.5 1580 c
1463.5 1580.9 1461.7 1581.5 1458.1 1581.8 c
1451.9 1582.2 1448.1 1584.5 1448 1587.8 c
1448 1589.3 1447.4 1590 1446.1 1590 c
1444.6 1590 1444 1591 1443.5 1594 c
1443.1 1596.2 1442.4 1598 1441.9 1598 c
1441.4 1598 1441 1599.3 1441 1600.9 c
1441 1605.1 1440 1607 1437.9 1607 c
1436 1607 1436 1608.5 1436.2 1661.2 c
1436.5 1714.7 1436.5 1715.5 1438.5 1715.5 c
1439.8 1715.5 1440.6 1716.3 1440.8 1717.8 c
1441.1 1719.6 1441.8 1720 1444.5 1720 c
1446.5 1720 1448.3 1720.6 1448.8 1721.5 c
1449.5 1722.8 1451.5 1723.5 1456.2 1723.9 c
1456.7 1724 1457 1724.9 1457 1725.9 c
1457 1727.8 1458.5 1728.6 1462.2 1728.9 c
1463.5 1729 1464 1728.2 1464 1726.1 c
h
2140.6 1727.3 m
2141.9 1726.8 2141.9 1726.5 2140.5 1725 c
2139 1723.4 2138.9 1720.6 2139.3 1701.8 c
2139.9 1676.6 2141.6 1645.4 2142.5 1644 c
2142.8 1643.5 2143.8 1643 2144.6 1643 c
2145.4 1643 2146 1642.1 2146 1641 c
2146 1640 2146.9 1638.6 2148 1638 c
2149.1 1637.4 2149.9 1636.6 2149.9 1636.2 c
2149.5 1633.7 2150.3 1633 2154 1633 c
2157.3 1633 2158 1633.3 2158 1635 c
2158 1636.1 2158.5 1637 2159.2 1637 c
2159.8 1637 2161.5 1638.3 2162.9 1639.9 c
2165.3 1642.6 2165.5 1643.4 2165.2 1650.4 c
2164.8 1658.1 2163.1 1661.1 2162.9 1654.2 c
2162.7 1647.8 2161.6 1644.5 2159.8 1644.8 c
2158.7 1645 2158 1644.2 2157.8 1642.8 c
2157.4 1639.6 2150 1638.7 2150 1641.9 c
2150 1643 2149.2 1644.3 2148.2 1644.9 c
2146.6 1645.8 2146.5 1648.8 2146.4 1684.2 c
2146.4 1705.3 2146.6 1723.6 2147 1725 c
2147.6 1727.5 2149.5 1728.1 2149.5 1725.8 c
2149.5 1724.9 2151.5 1724.4 2155.5 1724.2 c
2159.7 1724 2161.9 1723.4 2162.8 1722.2 c
2163.9 1720.8 2164.2 1720.7 2164.9 1721.9 c
2165.5 1722.9 2168.1 1723.3 2173.4 1723.4 c
2180.3 1723.5 2181.1 1723.3 2181.6 1721.5 c
2181.8 1720.4 2181.9 1694.8 2181.8 1664.5 c
2181.5 1614 2181.4 1609.5 2179.8 1609.2 c
2178.7 1609 2178 1609.6 2177.8 1611 c
2177.5 1613 2176.8 1613.2 2168 1613.6 c
2162.8 1613.9 2157.2 1614.5 2155.7 1615 c
2154.1 1615.5 2148.7 1616.2 2143.7 1616.5 c
2138.6 1616.8 2132.6 1617.3 2130.2 1617.6 c
2126 1618.1 l 2126.2 1672.8 l
2126.3 1702.9 2126.6 1727.9 2126.8 1728.4 c
2127.3 1729.2 2137.7 1728.4 2140.6 1727.3 c
h
450 1726 m
450 1724.4 449.3 1724 446.6 1724 c
442.8 1724 440.9 1725.7 443.1 1727.1 c
443.9 1727.6 445.7 1728 447.2 1728 c
449.3 1728 450 1727.5 450 1726 c
h
430.5 1723.6 m
432.2 1721.9 431.4 1721 428.3 1721 c
425.8 1721 425.7 1721.1 426.6 1723.4 c
427.4 1725.4 428.7 1725.4 430.5 1723.6 c
h
2205 1686.9 m
2205.3 1666.3 2205.3 1648.5 2205.1 1647.2 c
2204.9 1645.9 2204.1 1645 2202.9 1645 c
2201.1 1645 2201 1646.7 2200.8 1683.8 c
2200.6 1705.6 2200.9 1723.1 2201.4 1723.8 c
2204.1 1727.6 2204.5 1723.5 2205 1686.9 c
h
2197 1684.6 m
2197 1662.9 2197.4 1644.1 2197.9 1642.8 c
2198.4 1641.5 2199.9 1639.9 2201.3 1639.1 c
2205.2 1637 2208 1640 2208.1 1646.5 c
2208.2 1649.2 2208.5 1652.6 2208.9 1653.9 c
2209.8 1657.3 2212 1657.8 2212 1654.6 c
2212 1653.2 2212.4 1652 2213 1652 c
2213.6 1652 2214 1648.2 2214 1642.6 c
2214 1637.1 2214.4 1632.8 2215 1632.5 c
2215.8 1632 2215.8 1631.4 2215 1630.5 c
2214.4 1629.8 2214.2 1628.5 2214.6 1627.6 c
2215.1 1626.4 2214.4 1625.8 2212 1625.4 c
2210.3 1625 2208.6 1624.1 2208.3 1623.5 c
2208.1 1622.8 2206.4 1621.9 2204.5 1621.6 c
2202.4 1621.2 2201 1620.2 2200.7 1619 c
2200.4 1617.8 2199 1616.9 2196.6 1616.5 c
2194.6 1616.1 2193 1615.4 2193 1614.9 c
2193 1614.4 2191.4 1614 2189.4 1614 c
2185.9 1614 l 2186.5 1638.2 l
2186.9 1651.6 2187.6 1664.1 2188.1 1666 c
2188.6 1667.9 2189 1679.9 2189 1692.7 c
2189 1713 2188.8 1716 2187.4 1716.8 c
2184.8 1718.3 2190.8 1723.7 2195.2 1723.9 c
2196.9 1724 2197 1721.5 2197 1684.6 c
h
2128.4 1711 m
2128.4 1704.7 2128.5 1702.1 2128.7 1705.2 c
2128.9 1708.4 2128.9 1713.6 2128.7 1716.8 c
2128.5 1719.9 2128.4 1717.3 2128.4 1711 c
h
2212 1716 m
2212 1713.1 2211.6 1712 2210.5 1712 c
2209.4 1712 2209 1713.1 2209 1716 c
2209 1718.9 2209.4 1720 2210.5 1720 c
2211.6 1720 2212 1718.9 2212 1716 c
h
1431.8 1711.7 m
1432.6 1710.8 1432.8 1693.6 1432.7 1656.8 c
1432.6 1607.5 1432.7 1603.1 1434.3 1601.6 c
1435.2 1600.6 1436 1598.3 1436 1596.4 c
1436 1593.7 1436.4 1593 1437.9 1593 c
1439.3 1593 1440.1 1592 1440.6 1589.8 c
1441.5 1585.5 1444 1582.1 1446.3 1582 c
1447.3 1582 1448.5 1580.9 1449 1579.5 c
1449.7 1577.6 1450.7 1577 1452.9 1577 c
1454.5 1577 1456 1576.4 1456.4 1575.5 c
1456.8 1574.4 1458.4 1574 1462 1574 c
1465.7 1574 1467 1573.6 1467 1572.6 c
1467 1570 1462.4 1566 1459.5 1566 c
1457.7 1566 1456.7 1565.4 1456.3 1564.1 c
1455.4 1560.6 1444 1560.6 1444 1564.1 c
1444 1565.3 1443.3 1566 1442.1 1566 c
1441.1 1566 1439.9 1566.7 1439.6 1567.6 c
1439.3 1568.4 1438.7 1568.9 1438.2 1568.7 c
1437.1 1568 1434.7 1570.1 1433.1 1573.3 c
1432.2 1574.9 1431.1 1575.9 1430.3 1575.6 c
1429.4 1575.2 1428.7 1576.1 1428.3 1578.1 c
1428 1579.8 1427.1 1581.4 1426.4 1581.7 c
1425.7 1581.9 1424.9 1583.9 1424.5 1586.1 c
1424 1589 1423.4 1590 1421.9 1590 c
1420.3 1590 1420 1590.7 1420 1594 c
1420 1596.3 1419.5 1598.3 1418.8 1598.6 c
1417.1 1599.2 1416.4 1608 1416.8 1623.2 c
1416.8 1623.9 1416.6 1642.7 1416.3 1664.9 c
1415.9 1702.9 1415.9 1705.5 1417.6 1706.7 c
1418.6 1707.4 1420.4 1708 1421.7 1708 c
1423.3 1708 1424 1708.6 1424 1709.9 c
1424 1711.3 1424.8 1712 1426.8 1712.3 c
1428.3 1712.5 1429.8 1712.8 1430.1 1712.9 c
1430.5 1712.9 1431.2 1712.4 1431.8 1711.7 c
h
824.7 1708.2 m
825 1705.2 824.8 1705 821.2 1704.9 c
814.8 1704.6 814.2 1704.5 813.4 1703.8 c
813 1703.4 813.5 1702.7 814.5 1702.3 c
816.3 1701.7 816.3 1701.6 814.4 1700.9 c
813.4 1700.5 810.4 1700.1 807.9 1700.1 c
805.2 1700 802.8 1699.4 802.1 1698.6 c
801.5 1697.9 798.3 1696.9 795 1696.6 c
789.9 1696 789 1695.6 789 1694 c
789 1692.3 788.3 1692 785 1692 c
781.4 1692 781 1692.3 781 1694.5 c
781 1697.7 784 1699.3 791 1700 c
795 1700.4 796.5 1700.9 796.5 1702 c
796.5 1703.2 797.8 1703.5 802.4 1703.5 c
806.8 1703.5 808.5 1704 809.5 1705.3 c
810.2 1706.3 811.4 1707 812.2 1706.9 c
815.5 1706.2 820.8 1708.1 821.3 1710.1 c
822.1 1713.2 824.4 1711.9 824.7 1708.2 c
h
828 1699 m
828 1698.4 829.1 1697.5 830.5 1697 c
832 1696.4 833 1695.3 833 1694.1 c
833 1693.1 833.7 1691.7 834.5 1691 c
835.3 1690.3 836 1688.5 836 1686.9 c
836 1684.2 835.7 1684 832.1 1684 c
830 1684 827.7 1683.4 827.1 1682.6 c
826.4 1681.8 822.8 1680.9 818.4 1680.5 c
812.7 1680 811 1679.5 811.4 1678.5 c
812 1676.9 810 1676 806.1 1676 c
804.7 1676 802.5 1675.4 801.4 1674.6 c
800.3 1673.8 796.7 1672.8 793.4 1672.3 c
789.2 1671.7 787.5 1671.1 787.5 1670 c
787.5 1668.9 785.8 1668.4 780.5 1668 c
776.6 1667.7 772.6 1666.9 771.5 1666.2 c
770.4 1665.6 766.8 1664.7 763.5 1664.3 c
759.2 1663.7 757.5 1663.1 757.5 1662 c
757.5 1661 755.9 1660.3 752.5 1659.7 c
749.8 1659.3 747.1 1658.5 746.5 1657.9 c
746 1657.4 743.9 1657 741.8 1657 c
738.6 1657 737.8 1656.6 737 1654.5 c
736.2 1652.4 735.4 1652 731.7 1652 c
729.3 1652 726.9 1651.5 726.4 1651 c
725.8 1650.4 722.9 1649.7 719.9 1649.3 c
713.9 1648.7 710.7 1647.4 711.5 1646 c
712.3 1644.6 710.9 1644.2 704.6 1643.8 c
701.1 1643.6 698.6 1643 698.3 1642.2 c
698 1641.6 696.1 1641 694.1 1641 c
692.1 1641 689.2 1640.3 687.6 1639.5 c
686 1638.6 682 1637.7 678.8 1637.3 c
674.5 1636.9 672.6 1636.2 671.9 1634.9 c
671.4 1633.8 669.9 1633 668.6 1633 c
667.3 1633 664.3 1632.3 662 1631.5 c
659.7 1630.7 656.3 1630 654.6 1630 c
651 1630 649.5 1629.1 649.5 1627 c
649.5 1625.9 648.2 1625.4 645 1625.2 c
642.4 1625 640.2 1624.2 639.7 1623.4 c
639.3 1622.6 637.6 1622 636 1622 c
632 1622 630 1621.1 630.7 1619.4 c
631 1618.6 630.6 1618 629.9 1617.9 c
625.7 1617.7 621.5 1616.9 620.4 1616 c
619.8 1615.4 616.8 1614.7 613.9 1614.4 c
605.5 1613.6 604.3 1613.2 603.7 1611 c
603.3 1609.5 602.4 1609 599.6 1609 c
597.6 1609 596 1608.6 596 1608.2 c
596 1607 586.9 1605.4 583.5 1606 c
580.5 1606.5 l 580.7 1614.9 l
581 1623.8 581.6 1625 585.8 1625 c
587.3 1625 588.4 1625.7 588.7 1627 c
589.1 1628.5 590.1 1629 592.4 1629 c
594.1 1629 596.9 1629.7 598.5 1630.6 c
600.1 1631.5 603.9 1632.4 606.9 1632.7 c
610.9 1633.2 612.4 1633.8 612.7 1635.1 c
613.3 1637.2 615.9 1638 622.6 1638 c
625.3 1638 628.1 1638.5 628.8 1639.2 c
630 1640.4 630.5 1639.6 631.2 1635.5 c
631.4 1634.3 632.4 1633.4 633.8 1633.2 c
635 1633 636 1632.2 636 1631.5 c
636 1629.6 638 1628.6 639.2 1629.8 c
639.8 1630.4 639.5 1632.2 638.1 1635.1 c
636.9 1637.4 636 1640 636 1640.7 c
636 1641.4 635.1 1642 634.1 1642 c
632.1 1642 631 1643.8 631 1647.1 c
631 1648.1 630.5 1649 630 1649 c
629.5 1649 629 1649.7 629 1650.5 c
629 1651.6 630.2 1652 634 1652 c
638.2 1652 639 1652.3 639 1653.9 c
639 1655.4 640 1655.8 644.1 1656.3 c
646.9 1656.7 649.8 1657.4 650.5 1658 c
651.2 1658.6 654.7 1659.4 658.2 1659.8 c
662.3 1660.3 664.4 1661 664.2 1661.8 c
663.9 1663.4 667.2 1664.7 673.2 1665.5 c
675.8 1665.8 678.2 1666.5 678.5 1667.1 c
678.9 1667.6 681.3 1668 684.1 1668 c
688.2 1668 689 1668.3 689 1669.9 c
689 1671.4 690 1671.8 694.8 1672.3 c
697.9 1672.6 701.9 1673.5 703.5 1674.4 c
705.1 1675.3 708.2 1676 710.2 1676 c
713.2 1676 714 1676.4 714 1677.9 c
714 1679.4 715 1679.8 720.1 1680.3 c
723.4 1680.7 727.1 1681.7 728.3 1682.5 c
729.5 1683.3 732.1 1684 734.2 1684 c
737.3 1684 738 1684.4 738 1686 c
738 1687.7 738.7 1688 742.2 1688.2 c
748.5 1688.4 748.6 1688.4 750.4 1690 c
751.4 1690.7 754.9 1691.6 758.1 1691.8 c
762.7 1692.1 764 1692.6 763.6 1693.6 c
762.7 1695.9 766.7 1697.2 772.1 1696.5 c
777 1695.8 l 777 1689 l
777 1680.7 777.9 1675.8 779.4 1676.3 c
780 1676.5 780.6 1678.3 780.8 1680.2 c
781 1682.8 781.7 1683.9 783.1 1684.3 c
784.2 1684.6 784.9 1685.4 784.8 1686.1 c
784.6 1687 786.3 1687.8 790 1688.4 c
793 1688.9 795.8 1689.7 796.1 1690.2 c
796.4 1690.6 799.3 1691.4 802.6 1691.8 c
806.8 1692.3 808.5 1692.9 808.5 1694 c
808.5 1695 810.1 1695.7 813.4 1696.2 c
816.1 1696.6 819 1697.6 819.9 1698.4 c
821.6 1700.2 828 1700.6 828 1699 c
h
2215 1698 m
2215 1696.9 2214.6 1696 2214 1696 c
2213.4 1696 2213 1696.9 2213 1698 c
2213 1699.1 2213.4 1700 2214 1700 c
2214.6 1700 2215 1699.1 2215 1698 c
h
1768 1694 m
1768 1692.7 1767.3 1692 1766 1692 c
1764.7 1692 1764 1692.7 1764 1694 c
1764 1695.3 1764.7 1696 1766 1696 c
1767.3 1696 1768 1695.3 1768 1694 c
h
570.4 1678 m
570.4 1670 570.6 1666.8 570.7 1670.8 c
570.9 1674.7 570.9 1681.3 570.7 1685.2 c
570.6 1689.2 570.4 1686 570.4 1678 c
h
271.5 1685.7 m
271.5 1685.1 273 1684.3 274.7 1683.9 c
276.5 1683.6 278.6 1682.7 279.4 1682.1 c
280.1 1681.5 283.4 1680.6 286.6 1680.2 c
290.8 1679.7 292.5 1679.1 292.5 1678 c
292.5 1676.8 294.5 1676.4 301.5 1675.9 c
311.7 1675.2 319 1672.7 319 1670 c
319 1666.8 321.5 1665.7 324.4 1667.5 c
327.4 1669.5 328.1 1675.4 325.5 1676.4 c
324.7 1676.7 324 1677.6 324 1678.3 c
324 1681.7 345.8 1681.4 346.7 1678 c
347.1 1676.6 349 1676.2 358.2 1675.6 c
364.3 1675.3 370.1 1674.5 371.2 1673.9 c
372.4 1673.3 377.4 1672.5 382.4 1672.1 c
389.5 1671.6 391.5 1671.2 391.5 1670 c
391.5 1668.8 393.3 1668.4 399.7 1668 c
404.3 1667.7 408.5 1666.9 409.2 1666.2 c
409.8 1665.6 412.9 1665 416 1664.9 c
423 1664.8 426.5 1663.8 426.5 1662 c
426.5 1660.8 428.5 1660.4 435 1659.9 c
439.7 1659.6 447.6 1658.5 452.5 1657.6 c
457.4 1656.7 464.3 1656 467.6 1656 c
472.8 1656 473.8 1655.7 474.3 1654.1 c
474.7 1652.4 475.9 1652.1 483.1 1651.7 c
487.7 1651.4 493.8 1650.7 496.5 1650.1 c
499.2 1649.5 504.6 1648.7 508.3 1648.4 c
514.5 1647.9 515.2 1647.6 516.1 1645.2 c
516.9 1643.2 516.8 1642.3 515.7 1641.5 c
514.9 1641 514 1638.8 513.6 1636.8 c
513.2 1634.4 512.3 1633 511.4 1633 c
509.9 1633 508 1629.2 508 1625.9 c
508 1624.5 508.7 1624 510.5 1624 c
512.5 1624 513.2 1624.6 513.6 1626.9 c
514.6 1631.9 517 1633.2 524.2 1632.7 c
527.7 1632.5 533.2 1631.6 536.5 1630.7 c
539.8 1629.8 544.8 1629.1 547.7 1629 c
551.9 1629 552.8 1628.7 552.4 1627.5 c
552 1626.5 552.4 1626 553.6 1626 c
555.8 1626 562.6 1623.7 563.6 1622.7 c
564.7 1621.6 567.8 1621.9 568.2 1623.1 c
568.4 1623.8 570 1624.4 571.7 1624.5 c
574.8 1624.8 l 575.5 1616.4 l
576.5 1605.3 576.2 1604.8 570.3 1605.5 c
567.6 1605.8 562.8 1606.2 559.4 1606.4 c
556.1 1606.6 552.4 1607.2 551.3 1607.9 c
550.1 1608.5 547.6 1609 545.7 1609 c
540.4 1609 536 1610.1 536 1611.5 c
536 1612.8 529.6 1614 522.1 1614 c
519.5 1614 517 1614.4 516.4 1614.8 c
515.2 1616 503.3 1618 498.1 1618 c
495.3 1618 494 1618.4 494 1619.4 c
494 1621.1 490.9 1622 484 1622 c
481 1622 477.4 1622.7 476 1623.5 c
474.5 1624.3 470.7 1624.9 466.9 1625 c
460.9 1625 460.1 1625.3 458.6 1627.5 c
457.1 1629.8 456.4 1630 449.2 1630 c
444.3 1630 440.7 1630.5 439.5 1631.4 c
438.3 1632.2 433.8 1632.9 428.1 1633.2 c
420.9 1633.5 418.6 1634 417.9 1635.2 c
417.3 1636.3 414.9 1637 410.2 1637.5 c
406.5 1637.8 400.8 1638.8 397.4 1639.6 c
394.1 1640.4 389.6 1641 387.4 1641 c
385.2 1641 383 1641.4 382.5 1641.9 c
381.9 1642.5 377.2 1643.2 372 1643.6 c
363 1644.3 355.1 1645.7 359.3 1645.9 c
360.3 1646 360.9 1646.4 360.6 1646.9 c
360.3 1647.4 355.8 1648.1 350.8 1648.5 c
345.7 1648.9 340.9 1649.7 340.2 1650.3 c
339.5 1650.9 334.5 1651.6 329.2 1651.9 c
321 1652.4 319.5 1652.8 319.8 1654.1 c
320 1655.5 318.4 1655.8 310.3 1656.4 c
304.9 1656.8 299 1657.8 297.2 1658.6 c
295.2 1659.4 290.1 1660 285.1 1660.1 c
280.4 1660.2 275.4 1660.6 274 1661 c
271.5 1661.8 l 274 1662 l
276.5 1662.2 l 273.7 1663 l
272.2 1663.5 267.6 1664.1 263.5 1664.5 c
256 1665.2 l 256 1668.6 l
256 1671.5 256.4 1672 258.3 1672 c
260.8 1672 263.3 1675.1 264 1679.3 c
264.3 1680.8 264.8 1681.9 265.1 1681.8 c
266.2 1681.3 270 1685.2 270 1686.8 c
270 1687.7 270.3 1688 270.8 1687.6 c
271.2 1687.2 271.5 1686.3 271.5 1685.7 c
h
1379.2 1685.5 m
1379.1 1684.4 1379 1673.8 1379 1662 c
1379 1649.2 1378.6 1638.5 1377.9 1635.5 c
1376.6 1629.8 1376 1573.7 1377.1 1562 c
1377.7 1556 1377.5 1554.2 1376.4 1552.8 c
1375.4 1551.7 1375.2 1551 1375.9 1550.5 c
1377.4 1549.6 1377.4 1525.3 1375.9 1524.4 c
1375.3 1524.1 1373.1 1524.2 1371.1 1524.8 c
1369.1 1525.4 1365.4 1526.2 1362.8 1526.5 c
1359.8 1526.9 1358 1527.6 1358 1528.4 c
1358 1529.8 1353.8 1531 1349 1531 c
1347.5 1531 1345.7 1531.7 1345 1532.5 c
1344.3 1533.3 1342.6 1534 1341.1 1534 c
1339.7 1534 1337.2 1534.9 1335.5 1536 c
1333.8 1537.1 1331 1538 1329.2 1538 c
1326.7 1538 1326 1538.4 1326 1539.9 c
1326 1541.5 1325 1541.9 1318.8 1542.5 c
1314.8 1542.9 1311.2 1543.7 1310.8 1544.4 c
1309.5 1546.3 1309.9 1550 1311.5 1550.6 c
1312.3 1551 1313 1552.2 1313 1553.5 c
1313 1558.6 1314.2 1562 1316.1 1562 c
1317.9 1562 1318 1563.9 1318 1610.8 c
1317.9 1651.2 1318.2 1659.6 1319.3 1659.8 c
1320.4 1660 1320.8 1653.1 1321.3 1619.8 c
1321.9 1581.4 1322.6 1570.7 1324.1 1579 c
1324.7 1582.5 l 1324.9 1579.2 l
1324.9 1577.4 1325.4 1575 1326 1574 c
1327.4 1571.3 1326.2 1569 1323.3 1569 c
1320 1569 1320.6 1565.9 1324 1564.9 c
1325.4 1564.5 1326 1564.1 1325.5 1564.1 c
1323.7 1563.8 1328.3 1561 1330.6 1561 c
1331.8 1561 1333.3 1560.3 1334 1559.5 c
1334.9 1558.4 1337.3 1558 1342.6 1558 c
1349.2 1558 1350 1557.8 1350 1556.1 c
1350 1554.1 1352.6 1553 1357.7 1553 c
1359.4 1553 1361.1 1552.6 1361.5 1552.1 c
1362.2 1550.8 1370.5 1549.6 1372.6 1550.4 c
1374.2 1551 1374.2 1551.2 1372.6 1552.8 c
1371.7 1553.8 1371 1555.2 1371 1555.8 c
1371 1557.5 1368.9 1558.4 1364.3 1558.6 c
1361.9 1558.6 1359.2 1559.4 1358.2 1560.3 c
1357.2 1561.3 1355.4 1562 1354.2 1562 c
1351.9 1562 1350 1564.2 1351.8 1564.8 c
1353.3 1565.3 1353.4 1568 1352 1568 c
1351.4 1568 1350.1 1567.5 1349.1 1566.9 c
1347.6 1565.9 1346.9 1566.1 1345.1 1567.9 c
1344 1569 1341.9 1570 1340.5 1570 c
1338.7 1570 1338 1570.5 1338 1572 c
1338 1573.1 1337.4 1574 1336.6 1574 c
1335.9 1574 1334.7 1574.7 1334 1575.5 c
1333.4 1576.3 1332.3 1576.8 1331.7 1576.7 c
1330.1 1576.4 1329.1 1583.2 1329.1 1595.2 c
1329 1601.2 1328.6 1606 1328.1 1606 c
1326.5 1606 1326.1 1612.3 1325.9 1639.4 c
1325.7 1668.5 1325.6 1668 1331.2 1668 c
1333.3 1668 1334 1668.5 1334 1669.9 c
1334 1671.4 1335 1672 1338.2 1672.5 c
1340.6 1672.9 1343.4 1673.9 1344.5 1674.6 c
1345.6 1675.4 1347.7 1676 1349.3 1676 c
1351.3 1676 1352.3 1676.6 1352.7 1678 c
1353 1679.3 1354.1 1680 1355.5 1680 c
1356.7 1680 1358.8 1680.8 1360.1 1681.9 c
1361.7 1683.1 1364 1683.7 1367 1683.7 c
1370.2 1683.7 1371.5 1684 1371.6 1685.1 c
1371.7 1685.9 1371.8 1686.9 1371.9 1687.3 c
1371.9 1687.8 1373.7 1688 1375.8 1687.8 c
1378.8 1687.6 1379.5 1687.2 1379.2 1685.5 c
h
1483 1682.5 m
1483 1681.7 1482.1 1681 1481 1681 c
1479.9 1681 1479 1681.7 1479 1682.5 c
1479 1683.3 1479.9 1684 1481 1684 c
1482.1 1684 1483 1683.3 1483 1682.5 c
h
1874 1679.5 m
1874 1676.7 1873.6 1676 1872.1 1676 c
1869.8 1676 1869 1677.8 1870.1 1680.8 c
1871.5 1684.4 1874 1683.6 1874 1679.5 c
h
843.8 1674.6 m
844.2 1667.5 842.7 1665.5 836.4 1664.5 c
833.2 1664.1 832 1663.5 832.4 1662.5 c
832.7 1661.5 831 1660.8 825.7 1659.9 c
821.7 1659.3 818.1 1658.3 817.5 1657.8 c
817 1657.4 815.4 1657 813.9 1657 c
810.2 1657 808 1656.1 808 1654.5 c
808 1653.7 805.8 1652.7 802.5 1652 c
799.5 1651.4 796.8 1650.5 796.5 1650 c
796.2 1649.5 792.8 1648.8 788.8 1648.4 c
783.4 1647.9 781.6 1647.3 781.3 1646 c
780.9 1644.4 776.8 1643.1 766.3 1641.3 c
764.5 1641 762.5 1640.2 761.9 1639.4 c
761.3 1638.6 759.3 1638 757.6 1638 c
753.1 1638 750 1637 750 1635.5 c
750 1634.6 748 1633.9 744.2 1633.5 c
741.1 1633.1 737.1 1632.3 735.5 1631.7 c
731.7 1630.2 728 1629.4 723.8 1629.1 c
722.8 1629.1 722 1628.4 722 1627.6 c
722 1626 719 1625 714.3 1625 c
712.6 1625 710.9 1624.6 710.5 1624.1 c
710.2 1623.5 707.8 1622.8 705.2 1622.5 c
697.3 1621.5 696.3 1621.1 695.7 1619.1 c
695.3 1617.5 694 1617 689.1 1616.4 c
685.7 1616 682.7 1615.3 682.4 1614.9 c
682.1 1614.4 680.6 1614 679 1614 c
675.2 1614 673 1613.1 673 1611.4 c
673 1610.7 671.4 1609.8 669.2 1609.5 c
667.2 1609.2 663.7 1608.4 661.5 1607.8 c
659.3 1607.2 654.7 1606.6 651.2 1606.6 c
645.1 1606.5 644.8 1606.4 644.3 1603.8 c
643.9 1601.5 643.2 1601 640.9 1601 c
639.4 1601 637.5 1600.3 636.6 1599.5 c
635.8 1598.7 634 1598 632.7 1598 c
628.2 1598 624 1596.8 624 1595.4 c
624 1594.7 622.4 1593.8 620.2 1593.5 c
618.2 1593.1 614.9 1592.2 613 1591.5 c
611.1 1590.7 607.4 1589.8 604.8 1589.5 c
601.7 1589.1 600 1588.4 600 1587.5 c
600 1586.6 598.5 1585.9 596.2 1585.5 c
594.2 1585.2 591.1 1584.2 589.3 1583.3 c
584.6 1581 583 1582.1 583 1587.4 c
583 1589.9 582.5 1592.2 582 1592.5 c
579.2 1594.2 582.5 1598.9 586.4 1599 c
588.3 1599 593 1600.3 597.8 1602.1 c
599.1 1602.6 599.9 1603.4 599.5 1603.9 c
599.2 1604.4 601.6 1605.1 604.7 1605.5 c
607.9 1605.8 611.2 1606.5 612.1 1607 c
613 1607.5 615.7 1608.2 618.1 1608.5 c
623.2 1609.3 624 1609.7 624 1611.5 c
624 1612.4 625.9 1613.1 629.8 1613.5 c
632.9 1613.8 636.8 1614.8 638.3 1615.6 c
640 1616.6 642.1 1616.9 643.9 1616.5 c
646.4 1616 646.9 1616.3 647.8 1618.9 c
648.7 1621.4 649.5 1622 651.8 1622 c
653.4 1622 655 1622.3 655.4 1622.8 c
655.8 1623.2 658.5 1624 661.3 1624.5 c
665.2 1625.2 666.5 1625.9 666.4 1627.2 c
666.3 1628.5 667.6 1629 673.6 1629.5 c
678.4 1630 681.1 1630.7 681.4 1631.6 c
681.8 1632.6 683.8 1633 688.1 1633 c
693.3 1633 694.3 1633.3 694.7 1635 c
695.1 1636.3 696.4 1637.2 698.9 1637.6 c
700.9 1638 703 1638.6 703.5 1639 c
704 1639.4 707.4 1640.1 710.9 1640.5 c
714.5 1640.9 718 1641.9 718.8 1642.6 c
719.6 1643.4 722.2 1644 725.1 1644 c
729.3 1644 730 1644.3 730 1645.9 c
730 1647.5 731 1648 735.8 1648.6 c
738.9 1649 742.4 1649.9 743.5 1650.6 c
744.6 1651.4 747.2 1652 749.3 1652 c
752.3 1652 753.3 1652.4 753.7 1654 c
754.1 1655.5 755.1 1656 757.7 1656 c
759.6 1656 762.4 1656.7 764 1657.5 c
765.5 1658.3 769.4 1659.3 772.5 1659.6 c
776.3 1660.1 778.4 1660.8 779 1662.1 c
779.7 1663.4 781.8 1664 786.5 1664.5 c
790 1664.9 793.5 1665.9 794.1 1666.6 c
794.8 1667.4 797.2 1668 800 1668 c
803.8 1668 804.9 1668.4 805.3 1669.9 c
805.6 1671.3 807.1 1671.9 812.1 1672.4 c
815.6 1672.8 818.8 1673.7 819.2 1674.3 c
819.6 1675 822.8 1675.7 826.2 1676 c
831.4 1676.4 832.5 1676.8 832.2 1678.2 c
831.9 1680 834.9 1680.9 840.5 1680.6 c
843.4 1680.5 843.5 1680.4 843.8 1674.6 c
h
1297 1678.5 m
1297 1677.7 1296.3 1677 1295.5 1677 c
1293.9 1677 1293.5 1678.2 1294.7 1679.3 c
1295.8 1680.5 1297 1680.1 1297 1678.5 c
h
1767.7 1669.8 m
1767.7 1644.7 1766.7 1624 1765.5 1624 c
1763.9 1624 1762.6 1652.5 1763.6 1666.3 c
1764.2 1674.5 1764.6 1676 1766 1676 c
1767.5 1676 1767.7 1675 1767.7 1669.8 c
h
2212 1670 m
2212 1665.3 2211.7 1664 2210.5 1664 c
2209.3 1664 2209 1665.3 2209 1670 c
2209 1674.7 2209.3 1676 2210.5 1676 c
2211.7 1676 2212 1674.7 2212 1670 c
h
2214.7 1666.8 m
2214.5 1665 2214.3 1666.4 2214.3 1670 c
2214.3 1673.6 2214.5 1675 2214.7 1673.2 c
2214.9 1671.5 2214.9 1668.5 2214.7 1666.8 c
h
1285.8 1670.2 m
1286 1669.5 1285.2 1669 1284.1 1669 c
1282 1669 1281.4 1670.1 1282.7 1671.4 c
1283.6 1672.3 1285.3 1671.6 1285.8 1670.2 c
h
1278.9 1667.1 m
1280.1 1666.3 1279.8 1666 1277.7 1665.4 c
1274.7 1664.7 1273.4 1665.3 1274.5 1666.9 c
1275.3 1668.2 1277 1668.3 1278.9 1667.1 c
h
1273.7 1662.3 m
1273.9 1661.7 1273.1 1660.8 1271.8 1660.5 c
1270.5 1660.1 1269.3 1659.4 1269 1658.9 c
1268.7 1658.5 1267.2 1657.8 1265.7 1657.5 c
1263.6 1656.9 1263 1657.1 1263 1658.4 c
1263 1659.5 1263.9 1660 1265.9 1660 c
1268 1660 1268.9 1660.6 1269.3 1662.1 c
1269.9 1664.3 1273 1664.5 1273.7 1662.3 c
h
260 1658.5 m
263 1657.6 270.3 1656.7 276.2 1656.3 c
285.1 1655.8 286.9 1655.4 287.3 1654 c
287.7 1652.5 289.3 1652.2 297.4 1651.8 c
303 1651.6 307.5 1650.9 308.2 1650.2 c
308.9 1649.5 312.4 1649 316.4 1648.9 c
324.3 1648.9 327.5 1648 327.5 1645.9 c
327.5 1644.8 329.8 1644.3 336.5 1643.9 c
341.4 1643.5 346.9 1642.8 348.7 1642.2 c
350.4 1641.7 355.7 1640.9 360.4 1640.5 c
365.2 1640.1 369.2 1639.4 369.5 1639 c
369.8 1638.5 373.8 1637.9 378.4 1637.5 c
385.3 1636.9 386.7 1636.5 386.6 1635.1 c
386.5 1633.8 388.1 1633.4 396.3 1632.9 c
401.8 1632.5 406.7 1631.7 407.3 1631.1 c
407.9 1630.5 411 1630 414.1 1630 c
421.7 1630 426 1629.1 425.4 1627.5 c
425 1626.7 426.7 1626.1 430.7 1625.6 c
436.2 1625 441.4 1624.3 457.5 1622.1 c
461.4 1621.5 465 1621.1 465.7 1621.1 c
466.4 1621 466.7 1620.3 466.4 1619.5 c
466 1618.7 466.2 1618 466.6 1618 c
467.1 1618 470.6 1617.5 474.5 1616.9 c
478.4 1616.3 482.8 1615.8 484.4 1615.8 c
486 1615.9 488.9 1615.2 490.8 1614.4 c
492.7 1613.6 497.3 1613 501 1613 c
506.9 1613 507.8 1612.8 508.3 1611 c
508.7 1609.2 509.7 1609 515.7 1609 c
520.2 1609 523.3 1608.5 524.6 1607.5 c
525.8 1606.6 528.8 1606.1 532.7 1606 c
539.8 1606 542.1 1605.4 541.4 1603.6 c
540.9 1602.2 545.7 1601 551.7 1601 c
553.5 1601 557.5 1600.3 560.7 1599.5 c
563.8 1598.7 568.3 1598 570.6 1598 c
574.9 1598 574.9 1598 575.5 1593.8 c
575.9 1591.4 576 1587.7 575.8 1585.5 c
575.5 1581.5 l 570.5 1581.8 l
567.8 1582 564.8 1582.7 564 1583.4 c
563.2 1584 559.8 1584.7 556.5 1584.9 c
549 1585.2 546.7 1585.8 547.4 1587.5 c
548 1589 543.9 1590 536.8 1590 c
534.1 1590 531 1590.4 530 1591 c
529 1591.5 524.2 1592.2 519.3 1592.6 c
508.1 1593.3 506 1593.7 506 1595.4 c
506 1597.1 501.6 1598 493.3 1598 c
489.8 1598 485.3 1598.7 483.3 1599.5 c
481.4 1600.3 478.4 1601 476.8 1601 c
474.7 1601 473.7 1601.6 473.3 1602.9 c
472.9 1604.6 471.4 1604.9 458.4 1605.5 c
448.1 1606 443.7 1606.6 442.9 1607.6 c
442.2 1608.5 439.8 1609 436.6 1609 c
429.8 1609 427.3 1609.8 426.7 1612.1 c
426.3 1613.8 425.2 1614 418.7 1614 c
413.5 1614 410.9 1614.4 410.1 1615.4 c
409.4 1616.3 407.2 1616.8 404.7 1616.8 c
395.5 1616.7 393.8 1617 393.3 1618.9 c
392.9 1620.5 391.5 1620.8 382.7 1621.3 c
377 1621.6 370.8 1622.6 368.8 1623.4 c
366.7 1624.3 362.3 1625 358.9 1625 c
353.6 1625 352.7 1625.3 352.3 1627 c
351.7 1629.3 350.1 1629.8 341 1630.3 c
328.8 1631.1 311.7 1634 310.6 1635.6 c
309.9 1636.5 306.7 1637.2 301.2 1637.7 c
296.2 1638 292.6 1638.8 291.9 1639.6 c
291.2 1640.5 288.5 1641 284.4 1641 c
281 1641 277.9 1641.4 277.5 1641.9 c
276.9 1642.9 270.2 1643.8 261 1644.3 c
256.9 1644.4 255.5 1644.9 255.5 1646 c
255.5 1646.9 254 1647.9 251.8 1648.4 c
248.1 1649.3 248 1649.5 248 1654 c
248 1656.6 248.3 1659 248.7 1659.3 c
249.8 1660.4 254.2 1660.1 260 1658.5 c
h
538 1658.6 m
538 1657.8 538.5 1657 539.1 1656.8 c
539.6 1656.6 540.2 1655.6 540.4 1654.5 c
540.6 1653 541.6 1652.4 544.4 1652.2 c
546.5 1652 548.4 1651.2 548.7 1650.4 c
549 1649.4 550.8 1649 554.5 1649 c
560.5 1649 562.5 1650.5 558.6 1652 c
557.1 1652.5 556.1 1653.5 556.2 1654.1 c
556.4 1654.8 555 1655.7 553.1 1656.2 c
551.2 1656.7 548.7 1657.8 547.6 1658.6 c
544.9 1660.5 538 1660.5 538 1658.6 c
h
1313.5 1652.1 m
1313.1 1648.5 1312.4 1645.1 1311.9 1644.5 c
1311.4 1644 1310.9 1626.9 1310.9 1605.5 c
1310.7 1562 1310.3 1553.4 1308 1553.7 c
1307.1 1553.9 1306 1553 1305.5 1551.7 c
1304.4 1549.2 1299.7 1549.1 1296.9 1551.7 c
1296 1552.5 1293.9 1553.5 1292.4 1553.9 c
1290.8 1554.3 1289.5 1555.3 1289.5 1556 c
1289.5 1557.4 1284.6 1559.2 1283.6 1558.3 c
1283.3 1558 1282.8 1558.5 1282.4 1559.4 c
1282.1 1560.3 1281.1 1561 1280.4 1561 c
1279.6 1561 1278.6 1562 1278.1 1563.3 c
1277.5 1564.9 1276.3 1565.6 1274.1 1565.8 c
1272.4 1565.9 1270.1 1566.9 1269 1568 c
1267.9 1569.1 1266.1 1570 1265 1570 c
1263.7 1570 1263 1570.7 1263 1572 c
1263 1573.1 1262.3 1574 1261.5 1574 c
1260.6 1574 1259.7 1574.6 1259.4 1575.4 c
1259.1 1576.2 1257.5 1577 1255.9 1577.4 c
1254.2 1577.7 1253 1578.5 1253.2 1579.2 c
1253.5 1580.8 1250 1585 1248.3 1585 c
1247.6 1585 1247 1586 1247 1587.3 c
1247 1588.6 1245.9 1590.6 1244.5 1591.8 c
1243.1 1593 1242 1594.7 1242 1595.5 c
1242 1596.3 1241.3 1597 1240.5 1597 c
1239.7 1597 1239 1597.6 1238.9 1598.2 c
1238.8 1599.4 1237.8 1609.7 1236.4 1622.8 c
1235.7 1629 1237.1 1630.6 1245 1632.7 c
1251.6 1634.4 1252.3 1633.1 1251.7 1620.4 c
1251.3 1609.6 1250.8 1608 1248.2 1608 c
1247.3 1607.9 1248 1607.3 1249.8 1606.5 c
1252.8 1605.2 1253.5 1605.2 1256.2 1606.6 c
1259.3 1608.2 l 1258.8 1622.3 l
1258.4 1635.7 1258.5 1636.6 1260.4 1638.2 c
1261.6 1639.2 1264.2 1639.9 1266.2 1640 c
1270 1640 l 1270 1635.1 l
1270 1631.9 1270.5 1630 1271.4 1629.7 c
1272.1 1629.4 1273 1627.8 1273.3 1626.1 c
1273.8 1623.9 1274.5 1623 1276 1623 c
1277.1 1623 1278.1 1622.4 1278.1 1621.8 c
1278.2 1621.1 1278.3 1619.9 1278.4 1619.2 c
1278.5 1617.9 1280.4 1616.7 1286.1 1614 c
1287.5 1613.4 1290 1613 1291.6 1613.2 c
1294.1 1613.5 1294.5 1613.9 1294.4 1616.4 c
1294.4 1619.5 1298.2 1624.6 1299.9 1623.6 c
1301.8 1622.4 1302.4 1627.6 1302.2 1641.4 c
1301.9 1655.4 l 1304.6 1657.5 l
1306.5 1659 1308.2 1659.5 1310.7 1659.2 c
1314.2 1658.8 l 1313.5 1652.1 l
h
1261.6 1653.4 m
1261.1 1652.1 1260.6 1652 1259.8 1652.8 c
1259.2 1653.4 1259 1654.6 1259.4 1655.6 c
1259.9 1656.9 1260.4 1657 1261.2 1656.2 c
1261.8 1655.6 1262 1654.4 1261.6 1653.4 c
h
1258 1651.2 m
1258 1650.8 1256.7 1649.9 1255 1649.3 c
1252.3 1648.3 1252 1648.4 1252 1650.1 c
1252 1651.5 1252.7 1652 1255 1652 c
1256.7 1652 1258 1651.6 1258 1651.2 c
h
1294.3 1649 m
1294.2 1647.6 1294.6 1643.7 1295.1 1640.2 c
1296.1 1633.9 1295.5 1625.4 1294 1622.9 c
1293.5 1622.1 1291.3 1621.6 1288.2 1621.7 c
1282.5 1621.8 1279.6 1624 1278.2 1629.2 c
1277.8 1631 1276.7 1632.5 1275.9 1632.5 c
1274.9 1632.5 1274.4 1634.1 1274.2 1638.2 c
1273.9 1643.8 1274 1644 1276.5 1644 c
1278.3 1644 1279 1644.5 1279 1645.9 c
1279 1647.8 1281.5 1649 1285.6 1649 c
1286.8 1649 1288.3 1649.7 1289 1650.5 c
1291.1 1653 1294.5 1652 1294.3 1649 c
h
627.5 1646 m
627.5 1645.2 626.6 1644.4 625.5 1644.1 c
624.4 1643.9 623.1 1643.2 622.5 1642.5 c
622 1641.8 618.6 1641 615.1 1640.7 c
611.6 1640.4 608.3 1639.7 607.7 1639.1 c
607.1 1638.5 604.8 1638 602.5 1638 c
597.9 1638 595.8 1636.9 596.2 1635 c
596.4 1634 594.9 1633.4 591.1 1632.9 c
588.1 1632.5 584.7 1631.6 583.4 1630.9 c
580.4 1629.4 580.1 1629.7 580.7 1633.6 c
581.2 1636.6 581.5 1636.8 586.6 1637.5 c
589.6 1637.8 592 1638.6 592 1639.1 c
592 1639.6 594.4 1640 597.4 1640 c
601.3 1640 603.4 1640.5 604.6 1641.8 c
605.8 1642.9 608.5 1643.7 612.9 1644 c
617.2 1644.3 619.5 1644.9 619.6 1645.8 c
619.7 1646.4 619.8 1647.3 619.9 1647.6 c
620.2 1648.9 627.5 1647.4 627.5 1646 c
h
811.8 1613.5 m
811.5 1576 811.6 1577 806 1577 c
804.5 1577 803 1576.6 802.4 1576 c
801.9 1575.5 798.6 1574.7 795.1 1574.3 c
790.1 1573.8 788.6 1573.3 788.2 1571.8 c
787.8 1570.2 786.8 1569.7 780.8 1568.5 c
779 1568.2 775.6 1571.2 776.6 1572.3 c
777.7 1573.4 776 1578 774.5 1578 c
773.2 1578 773 1581.6 773.2 1605.2 c
773.5 1632.4 l 776.6 1633.2 l
778.5 1633.7 780 1634.8 780.3 1636 c
780.7 1637.7 781.7 1638 786.3 1638 c
789.4 1638 793.1 1638.6 794.7 1639.4 c
796.2 1640.1 799.3 1641.6 801.5 1642.6 c
803.7 1643.7 805.6 1645.1 805.6 1645.8 c
805.7 1646.4 805.8 1647.2 805.9 1647.5 c
805.9 1647.8 807.4 1648 809 1648 c
812.1 1648 l 811.8 1613.5 l
h
1251.6 1646.9 m
1252.2 1645.9 1250.5 1644 1249 1644 c
1248.7 1644 1247.9 1644.4 1247.1 1644.9 c
1245.4 1646 1246.6 1648 1249 1648 c
1250 1648 1251.2 1647.5 1251.6 1646.9 c
h
552.5 1639.8 m
553.6 1639.6 555 1639.2 555.5 1638.8 c
556.1 1638.5 558.2 1637.9 560.3 1637.5 c
564.5 1636.7 565.3 1635.9 564.4 1633.5 c
563.8 1632.1 562.7 1631.9 556.1 1632.5 c
546 1633.3 544 1633.8 544 1635.4 c
544 1637.1 539.6 1638 530.5 1638 c
523.1 1638 521.8 1638.4 522.6 1640.3 c
523 1641.4 545.2 1640.9 552.5 1639.8 c
h
573 1635.5 m
573 1634.8 573.7 1633.7 574.7 1633.2 c
575.7 1632.6 576.1 1631.6 575.7 1630.6 c
575.1 1629 573.4 1629 568.4 1630.5 c
567.8 1630.7 567.5 1632.2 567.8 1633.9 c
568.1 1636.4 568.7 1637 570.6 1637 c
572 1637 573 1636.4 573 1635.5 c
h
769.8 1600.6 m
769.5 1569.5 l 767 1569.5 l
764.5 1569.5 l 764 1600.4 l
763.5 1630 763.6 1631.3 765.4 1632.6 c
769.8 1635.7 770 1633.9 769.8 1600.6 c
h
295 1631 m
293 1629.7 288 1629.7 288 1631 c
288 1631.5 289.9 1632 292.2 1632 c
295.4 1632 296.1 1631.7 295 1631 c
h
800 1629.6 m
798.1 1629.1 796.3 1628.5 796.2 1628.4 c
795.7 1628 793.8 1602.4 793.9 1597.7 c
793.9 1595.6 794.8 1592.7 795.9 1591.2 c
796.9 1589.7 797.8 1588 797.9 1587.5 c
797.9 1586.1 802 1585.6 802 1586.9 c
802 1587.5 801.4 1588 800.8 1588 c
800.1 1588 800.5 1588.6 801.8 1589.3 c
804.1 1590.5 804.2 1590.7 804.4 1609.7 c
804.6 1620.2 804.4 1629.3 804.1 1629.8 c
803.8 1630.2 802 1630.2 800 1629.6 c
h
757 1601.5 m
757 1575 756.9 1574.1 755 1573.5 c
753.9 1573.2 753 1572.3 753 1571.5 c
753 1570 750.8 1569 747.5 1569 c
746.2 1569 744.5 1568.4 743.8 1567.7 c
742.2 1566.1 730.1 1564.7 728.2 1565.8 c
727.3 1566.4 726.9 1570 726.8 1578.1 c
726.6 1589.6 727.4 1595.4 729.3 1597.8 c
730.9 1599.8 728.8 1601.2 724.9 1600.8 c
722.3 1600.6 721.5 1599.9 720.9 1597.9 c
720.6 1596.4 720.6 1594.6 721.1 1593.9 c
721.6 1593.1 722 1585.5 722 1576.9 c
722 1561.2 l 718 1559.6 l
715.8 1558.7 712.2 1558 710 1558 c
706.8 1558 706.1 1557.6 705.8 1555.8 c
705.6 1554 704.7 1553.4 702 1553.2 c
700.1 1553 697.8 1552.2 696.9 1551.4 c
695.9 1550.5 692.7 1549.9 688.4 1549.7 c
683.2 1549.6 681.5 1549.1 681.5 1548.1 c
681.5 1546.4 676.6 1544.8 674.3 1545.7 c
673 1546.2 672.9 1548.4 673.5 1560.9 c
673.8 1568.9 674.3 1576.6 674.6 1578 c
675.3 1582.1 673.8 1583.5 670.2 1581.9 c
666.7 1580.4 666 1576.9 666 1560.5 c
666 1547.4 666.7 1543.3 669.1 1542.7 c
670.2 1542.4 671 1541.3 671 1540.1 c
671 1538.3 671.6 1538 675 1538 c
678.3 1538 679 1538.3 678.8 1539.8 c
678.6 1541.2 679.4 1541.6 683.2 1541.8 c
685.7 1542 688.4 1542.8 689 1543.6 c
689.7 1544.3 691.7 1545 693.4 1545 c
697.1 1545 699.2 1546.2 698.8 1548 c
698.6 1548.9 700.1 1549.4 703.5 1549.7 c
706.2 1549.9 709.9 1550.7 711.5 1551.5 c
713.1 1552.3 716.2 1553.2 718.3 1553.5 c
721.1 1554 722 1554.5 721.8 1555.8 c
721.5 1557.2 722.5 1557.6 727.4 1557.8 c
730.7 1558 734.2 1558.8 735.4 1559.6 c
736.5 1560.3 738.7 1561 740.3 1561 c
743.6 1561 747.3 1562.7 746.5 1564 c
746.2 1564.4 747.8 1565.1 750 1565.5 c
752.2 1565.9 754.7 1566.8 755.4 1567.6 c
757.1 1569.3 760.6 1569.4 761.6 1567.9 c
761.9 1567.3 763.6 1566.2 765.4 1565.4 c
767.1 1564.7 767.9 1564.1 767.2 1564 c
766.6 1564 766 1562.9 766 1561.6 c
766 1560.2 765.5 1558.8 765 1558.5 c
764.5 1558.2 764 1556.8 764 1555.4 c
764 1554.1 763.6 1553 763 1553 c
762.5 1553 761.8 1551.5 761.5 1549.6 c
761 1547.4 760.1 1546 758.9 1545.7 c
757 1545.2 757 1541.9 757.1 1388.5 c
757.2 1300.5 756.9 1231.5 756.4 1231 c
755.9 1230.5 754.4 1230 753 1229.8 c
751.6 1229.6 750.5 1228.8 750.5 1228 c
750.5 1227 749.3 1226.4 746.7 1226.2 c
744.6 1226 742.6 1225.2 742.4 1224.5 c
742 1223.6 739.5 1222.8 735.9 1222.4 c
731 1221.9 730 1221.4 730 1219.9 c
730 1218.4 729.2 1218 726.1 1218 c
723.6 1218 722 1217.5 721.6 1216.5 c
721.3 1215.6 719.8 1215 717.7 1215 c
714.8 1215 708.9 1212.1 711.5 1212 c
714 1211.9 709.2 1210 706.4 1210 c
704.7 1210 702.7 1209.3 702 1208.5 c
701.3 1207.6 700.5 1207.2 700.3 1207.4 c
700 1207.6 698.1 1207.2 695.9 1206.5 c
693.7 1205.7 691.6 1205.1 691.2 1205 c
690.8 1205 690.5 1204.4 690.5 1203.8 c
690.5 1203 688.8 1202.4 686.2 1202.2 c
683.6 1202 681.7 1201.3 681.3 1200.4 c
681 1199.6 679.4 1199 677.6 1199 c
675.8 1199 673.5 1198.3 672.4 1197.5 c
671.4 1196.7 669.4 1196 668 1196 c
665 1196 663.6 1195.1 662.8 1192.9 c
662.4 1191.8 660.4 1191.1 656.9 1190.7 c
654 1190.3 651.2 1189.6 650.6 1189 c
650.1 1188.5 648.6 1188 647.3 1188 c
645.8 1188 644.6 1187.2 644.1 1185.8 c
643.6 1184.5 642.7 1183.5 641.9 1183.5 c
638.3 1183.3 630.9 1181.7 630.4 1180.9 c
630.1 1180.4 628.5 1180 626.9 1180 c
624.7 1180 623.7 1179.4 623.1 1177.7 c
622.3 1175.7 621.6 1175.4 619.1 1175.8 c
616 1176.2 l 616 1335.1 l
616 1493.3 616 1494 618 1494 c
619.3 1494 620 1494.7 620 1496 c
620 1497.1 620.7 1498.3 621.5 1498.6 c
622.3 1498.9 623.2 1500 623.5 1501.1 c
623.9 1502.1 625 1503 626.1 1503 c
628.3 1503 628.4 1503.7 628 1516.8 c
627.8 1526 l 631.7 1526 l
638.6 1526 644.9 1527.2 644.4 1528.4 c
643.8 1529.9 651.8 1534 655.2 1534 c
657.3 1534 658 1534.5 658 1536 c
658 1537.6 657.3 1538 654.7 1538 c
652.9 1538 649.8 1537.1 647.7 1536 c
645.7 1534.9 642.7 1534 641.2 1534 c
639.7 1534 638 1533.6 637.5 1533.1 c
636.9 1532.6 634.7 1532 632.5 1531.8 c
628.5 1531.5 l 628.2 1556.9 l
628.1 1573.5 628.3 1582.7 629 1583.5 c
629.6 1584.2 632.9 1585.1 636.4 1585.5 c
641.6 1586 642.9 1586.5 643.3 1588.1 c
643.6 1589.3 644.7 1590 646.3 1590 c
647.7 1590 649.1 1590.4 649.5 1590.9 c
649.8 1591.5 652.2 1592.2 654.8 1592.5 c
663.8 1593.7 665.2 1594.1 664.6 1595.6 c
664.3 1596.5 665 1597.2 666.8 1597.5 c
668.3 1597.9 671.7 1598.8 674.4 1599.6 c
677.1 1600.4 681 1601.3 683.2 1601.6 c
685.3 1602 687 1602.8 687 1603.5 c
687 1605.2 689.3 1606 694.1 1606 c
696.2 1606 698 1606.4 698 1606.9 c
698 1607.4 700.8 1608.2 704.2 1608.7 c
709.2 1609.4 710.5 1609.9 710.4 1611.2 c
710.3 1612.5 711.3 1613.1 713.9 1613.5 c
721.7 1614.8 729.3 1617.5 729.7 1619.1 c
730.2 1620.8 734 1622 739.1 1622 c
740.6 1622 742.2 1622.5 742.5 1623 c
742.8 1623.5 744.3 1624 745.8 1624 c
750.5 1624 753.1 1625.2 754.1 1627.7 c
756.4 1633.7 757 1628 757 1601.5 c
h
283.3 1627 m
283.8 1625 288.3 1624.4 298.8 1625 c
300.6 1625.1 302.7 1624.7 303.5 1624 c
304.2 1623.4 309 1622.5 314.1 1621.9 c
319.2 1621.4 323.5 1620.9 323.6 1620.7 c
324.2 1620.2 324.2 1553.8 323.7 1553.3 c
323.4 1553 319.7 1553.1 315.6 1553.5 c
309.1 1554.1 308 1554.5 308 1556.1 c
308 1557.6 307.2 1558 304.8 1558.1 c
303 1558.1 296.8 1558.9 291 1559.9 c
280.5 1561.6 l 280.2 1591.1 l
279.9 1620 280.3 1629 281.9 1629 c
282.4 1629 283 1628.1 283.3 1627 c
h
316 1627 m
316 1626.5 315.1 1626 314 1626 c
312.9 1626 312 1626.5 312 1627 c
312 1627.5 312.9 1628 314 1628 c
315.1 1628 316 1627.5 316 1627 c
h
1230.8 1600.6 m
1231.1 1574.8 1230.9 1574 1225.8 1574 c
1223.6 1574 1222.7 1573.4 1222.3 1572 c
1222 1570.8 1220.6 1569.7 1219.1 1569.4 c
1217.7 1569.1 1215.7 1568.5 1214.8 1567.9 c
1213.8 1567.4 1212.8 1567 1212.5 1567 c
1212.2 1567 1212 1579.3 1212 1594.3 c
1212 1621.5 l 1214.8 1623.3 l
1216.8 1624.5 1219.2 1624.9 1224 1624.7 c
1230.5 1624.5 l 1230.8 1600.6 l
h
335.6 1622.5 m
334.6 1621.7 333.3 1621.3 332.8 1621.6 c
331.4 1622.5 333 1624 335.3 1624 c
337.4 1623.9 337.4 1623.9 335.6 1622.5 c
h
2223.2 1621.2 m
2223.9 1620.4 2224.4 1615.9 2224.2 1612.2 c
2224.1 1611 2223.2 1609.7 2222.2 1609.3 c
2216.5 1607.3 2212 1604.8 2212 1603.6 c
2212 1602.8 2210.6 1601.9 2208.9 1601.5 c
2207.2 1601.1 2204.7 1600.2 2203.2 1599.4 c
2201.7 1598.6 2199.9 1598 2199.2 1598 c
2198.5 1598 2197.5 1596.9 2197 1595.5 c
2196.5 1594.1 2195.3 1593 2194.2 1593 c
2193.2 1593 2191.5 1592.1 2190.5 1591 c
2188.6 1588.9 2183.8 1589.2 2180.9 1591.6 c
2179.9 1592.5 2176.6 1593 2171.1 1593 c
2163.4 1593 2162.9 1593.1 2162 1595.4 c
2161.2 1597.6 2160.7 1597.8 2151.4 1597.9 c
2146.1 1598 2141 1598.5 2140 1599 c
2139.1 1599.5 2135.9 1600.2 2132.9 1600.5 c
2124.4 1601.5 2123.3 1601.9 2122.7 1604 c
2122.4 1605.1 2121.3 1606 2120.3 1606 c
2117.5 1606 2115.7 1611.4 2117.9 1613.3 c
2119.9 1615.1 2124.8 1616.1 2125.6 1614.9 c
2125.9 1614.4 2128.5 1614 2131.3 1614 c
2138.1 1614 2140.7 1613.2 2141.3 1611.1 c
2141.7 1609.6 2143.4 1609.2 2153.1 1608.7 c
2159.3 1608.3 2164.8 1607.6 2165.4 1607 c
2166 1606.4 2171.9 1606 2179.1 1606 c
2189.5 1606 2191.9 1606.3 2192.4 1607.5 c
2192.7 1608.3 2194.1 1609 2195.5 1609 c
2197.3 1609 2198.3 1609.7 2199 1611.5 c
2199.6 1613.2 2200.7 1614 2202.3 1614 c
2203.6 1614 2205.1 1614.5 2205.7 1615.1 c
2206.3 1615.7 2208.3 1616.5 2210.2 1616.9 c
2212.1 1617.3 2213.5 1618.2 2213.5 1619 c
2213.5 1622.2 2220.6 1623.8 2223.2 1621.2 c
h
355 1619.6 m
355 1617.6 353.9 1617.1 350.7 1617.7 c
347.6 1618.3 347.1 1619.6 349.8 1620.3 c
353.2 1621.2 355 1621 355 1619.6 c
h
336 1584.8 m
336 1557.9 335.8 1553.9 334.5 1553.3 c
332.5 1552.6 331.8 1553.3 331.6 1556.2 c
331.6 1557.5 330.9 1558.5 330.1 1558.5 c
328.9 1558.5 328.6 1563.1 328.6 1587.5 c
328.5 1614.1 328.6 1616.5 330.2 1616.2 c
331.1 1616.1 332.1 1616.4 332.5 1617 c
333 1617.8 333.6 1617.7 334.6 1616.9 c
335.7 1616 336 1610.2 336 1584.8 c
h
374.8 1615.2 m
375 1614.4 374.1 1614 372.1 1614 c
369 1614 367.9 1615.4 370.2 1616.3 c
372.2 1617.1 374.3 1616.6 374.8 1615.2 c
h
351 1613.9 m
354.6 1613.5 358.5 1613.1 359.8 1613.1 c
361 1613 362 1612.4 362 1611.6 c
362 1610.1 373.5 1608.2 379.1 1608.8 c
380.5 1609 382.3 1608.4 383 1607.5 c
383.8 1606.5 386 1606 389.4 1606 c
395.9 1606 399 1605.1 399 1603.4 c
399 1601.7 397.9 1602 408 1601 c
412.7 1600.5 418.8 1599.7 421.5 1599.2 c
424.2 1598.6 429.5 1597.9 433.2 1597.5 c
437.4 1597.1 439.9 1596.4 439.7 1595.7 c
439.6 1595 441.9 1594.2 445.5 1593.7 c
448.8 1593.3 455 1592.3 459.3 1591.5 c
463.5 1590.7 468.6 1590 470.4 1590 c
474.9 1590 477 1589.1 476.4 1587.6 c
476.1 1586.7 478.9 1586 486.5 1585.1 c
492.4 1584.5 498.2 1583.5 499.6 1583 c
501 1582.4 504.5 1582 507.5 1582 c
512.8 1582 l 513.5 1578.3 l
513.9 1576.2 514 1558.5 513.8 1538.8 c
513.5 1503.2 l 510.6 1502.6 l
509 1502.3 506.2 1502 504.4 1502 c
502.5 1502 501 1501.5 501 1501 c
501 1500.5 502.1 1500 503.5 1500 c
507.1 1500 514 1497.7 514 1496.5 c
514 1494.7 519.2 1492.9 520.7 1494.1 c
522.7 1495.8 522.3 1498 519.6 1499 c
517.3 1499.8 515.4 1504.2 516.5 1506 c
516.9 1506.6 518.9 1507 521.2 1507 c
524.3 1507 525.3 1506.6 525.7 1505.1 c
526.3 1502.8 529.8 1502 540 1502 c
545.7 1502 548.1 1501.6 549 1500.5 c
549.9 1499.4 552.2 1499 557.1 1499 c
563.5 1499 564.1 1498.8 565 1496.6 c
565.5 1495.3 566.4 1493.9 566.9 1493.5 c
567.5 1493.2 568 1491.6 568 1489.9 c
568 1487.7 568.5 1487 570 1487 c
571.4 1487 572 1486.3 572 1484.9 c
572 1482.7 572.8 1482.7 555 1484.5 c
554.2 1484.6 552.5 1485.2 551.3 1485.8 c
550.1 1486.5 546.7 1487 543.7 1487 c
539.2 1487 538.1 1487.3 537.7 1488.9 c
537.3 1490.4 536 1490.8 529.9 1491.2 c
525.8 1491.5 522.2 1491.5 521.7 1491.3 c
521.3 1491.1 521 1419.2 521 1331.7 c
521 1172.5 l 515.6 1172.2 l
512.1 1172 509.2 1172.4 507.8 1173.3 c
506.5 1174.1 502.9 1175 499.7 1175.3 c
495.8 1175.7 493.4 1176.5 492.6 1177.6 c
491.8 1178.7 489.5 1179.4 485.9 1179.7 c
476.3 1180.4 474.9 1180.7 473.8 1181.8 c
473.1 1182.5 469.6 1183 465.9 1183 c
459.7 1183 459.1 1183.2 458.8 1185.2 c
458.5 1187.2 457.8 1187.5 453 1187.8 c
450 1187.9 446.1 1188.7 444.3 1189.5 c
442.6 1190.3 439.4 1191 437.1 1191 c
434.5 1191 432.5 1191.6 431.3 1192.9 c
430.2 1194 427.3 1195 424.1 1195.4 c
421.1 1195.8 416.2 1196.8 413.1 1197.6 c
410.1 1198.4 404.8 1199 401.4 1199 c
396.8 1199 395.1 1199.4 394.6 1200.5 c
394.2 1201.5 392.6 1202 389.4 1202 c
385.8 1202 384.7 1202.4 384.3 1203.9 c
383.9 1205.3 382.5 1205.9 377.8 1206.4 c
374.4 1206.7 371.1 1207.5 370.4 1208.1 c
369.7 1208.7 365 1209.5 360 1209.9 c
355 1210.4 350.7 1211 350.3 1211.3 c
350 1211.7 350.3 1212 351.1 1212 c
352.2 1212 352.2 1212.2 351 1213 c
350.2 1213.5 347.4 1214 344.8 1214 c
340 1214 l 340 1372.5 l
340 1530.3 340 1531 338 1531 c
336.7 1531 336 1531.7 336 1532.9 c
336 1533.9 335.2 1535.8 334.1 1537.1 c
332.1 1539.7 332 1539.9 332 1543.4 c
332 1544.9 331.3 1546 330 1546.3 c
326.6 1547.2 327.8 1548.8 332.3 1549.5 c
338.5 1550.5 343.6 1549.8 343.2 1548.1 c
342.7 1545.9 344.3 1545.5 352.7 1545.1 c
357.2 1545 360.8 1544.4 361.2 1543.7 c
361.6 1543 365.3 1542.4 370 1542.2 c
377.2 1541.8 378 1541.6 378 1539.8 c
378 1538.1 378.7 1537.9 384.2 1538 c
391.6 1538.1 400 1537.1 401.6 1535.9 c
402.2 1535.4 407.6 1534.5 413.6 1533.9 c
419.6 1533.3 424.9 1532.4 425.4 1531.9 c
426 1531.4 429.5 1531 433.3 1531 c
439.3 1531 440.3 1530.8 440.7 1529 c
441.2 1527.3 442.1 1527 447.1 1527 c
452.3 1527 453 1527.2 453 1529 c
453 1530.6 452.3 1531 450 1531 c
448.3 1531 445.7 1531.6 444.2 1532.4 c
442.7 1533.1 438.1 1534 434 1534.4 c
429.9 1534.8 426.3 1535.5 425.9 1536.1 c
425.3 1537.1 420.2 1537.8 413.4 1537.9 c
411.2 1538 410.1 1538.6 409.7 1539.9 c
409.3 1541.4 408 1541.8 402.1 1542.2 c
398.2 1542.5 394.6 1543 394.3 1543.4 c
393.9 1543.7 393.7 1547.1 393.8 1550.8 c
393.9 1554.5 393.5 1558.2 393 1559 c
392.3 1560.1 392 1558.5 392 1553.9 c
392 1544 389.6 1538.4 387.2 1542.7 c
386.1 1544.5 379.1 1545.8 369.4 1545.9 c
364.1 1546 363.2 1546.3 362.7 1548 c
362.3 1549.6 361.3 1550 357.7 1550 c
355.3 1550 351.6 1550.7 349.7 1551.5 c
347.7 1552.3 344.7 1553 343 1553 c
340 1553 l 340 1583.8 l
340 1600.8 340.3 1615 340.7 1615.4 c
341.1 1615.7 342.1 1615.8 342.9 1615.4 c
343.8 1615 347.4 1614.3 351 1613.9 c
h
2101.5 1605 m
2101.5 1594.9 2099.7 1590.1 2095.8 1590 c
2094.6 1590 2094 1589.2 2094 1587.5 c
2094 1586.1 2093.1 1584.2 2092 1583.3 c
2090.9 1582.3 2090 1580.8 2090 1579.8 c
2090 1578.8 2089.3 1578 2088.5 1578 c
2087.6 1578 2087 1578.9 2087 1580.5 c
2087 1582.1 2086.6 1582.8 2085.6 1582.4 c
2083.8 1581.7 2083 1586.1 2083 1596.6 c
2083 1604.4 2083.2 1605.1 2085.2 1606.1 c
2090.5 1608.5 2093 1610.2 2093 1611.4 c
2093 1613.5 2095.1 1614.8 2098.4 1614.7 c
2101.5 1614.5 l 2101.5 1605 l
h
1770.8 1609.7 m
1771.1 1606.1 1771.1 1606 1767.6 1606 c
1765.6 1606 1764 1606.5 1764 1607 c
1764 1607.5 1764.9 1608 1766 1608 c
1767.6 1608 1768 1608.7 1768 1611.1 c
1768 1615.5 1770.4 1614.3 1770.8 1609.7 c
h
393.8 1611.4 m
393.6 1610.6 393.2 1609.9 392.8 1609.9 c
392.3 1610 390.6 1610 389 1610 c
387 1610 386 1610.5 386 1611.5 c
386 1612.6 387.1 1613 390.1 1613 c
393.2 1613 394.1 1612.6 393.8 1611.4 c
h
296 1606.9 m
296 1605 296.4 1604.9 300 1605.5 c
304 1606.2 l 304 1602.1 l
304 1598.7 304.3 1598 305.9 1598 c
307.4 1598 308 1597 308.5 1594 c
309.4 1588.5 311 1589 311 1594.7 c
311 1600.5 308.3 1607 305.8 1607 c
304.8 1607 304 1607.5 304 1608 c
304 1608.5 302.2 1609 300 1609 c
296.6 1609 296 1608.7 296 1606.9 c
h
441.8 1603.2 m
441.4 1601.1 439.6 1601.3 439.2 1603.4 c
439 1604.4 439.5 1605 440.5 1605 c
441.5 1605 442 1604.3 441.8 1603.2 c
h
457.8 1599.2 m
458 1598.4 457 1598 454.6 1598 c
450.9 1598 449.7 1599.5 452.8 1600.3 c
455.4 1601 457.3 1600.6 457.8 1599.2 c
h
1369.6 1598.4 m
1369.3 1597.5 1369 1593.8 1369 1590.2 c
1369 1586.5 1368.6 1581.9 1368.1 1580 c
1366.4 1573.3 1365.8 1560.8 1367.2 1561.2 c
1367.9 1561.5 1368.6 1562.6 1368.8 1563.7 c
1369 1564.9 1370 1566 1371.1 1566.3 c
1373.3 1566.9 1373.4 1569.6 1372.3 1588.8 c
1371.7 1599.4 1371 1602 1369.6 1598.4 c
h
800.8 1596.2 m
801.1 1594.5 800.6 1594 799.1 1594 c
797.7 1594 797 1594.6 797 1595.8 c
797 1599.6 800.3 1599.9 800.8 1596.2 c
h
2213 1594.6 m
2213 1592.2 2212.5 1591.1 2211.2 1590.7 c
2209.2 1590.2 2208 1586.3 2208 1580.5 c
2208 1578.7 2207.3 1576.7 2206.5 1576 c
2205.4 1575.1 2205 1572.8 2205 1567.9 c
2205 1561.7 2204.8 1561 2203 1561 c
2201.6 1561 2200.9 1560.1 2200.5 1557.2 c
2200.2 1555.2 2199.2 1550.7 2198.4 1547.3 c
2197.7 1543.9 2197 1539.7 2197 1538 c
2197 1535.7 2196.5 1534.7 2195 1534.3 c
2193.7 1533.9 2192.8 1532.6 2192.4 1530.1 c
2192.1 1528.1 2191.2 1524.3 2190.4 1521.6 c
2189.6 1518.9 2189 1514.7 2189 1512.4 c
2189 1509.6 2188.5 1508 2187.5 1507.6 c
2186.5 1507.3 2186 1505.6 2185.9 1502.8 c
2185.8 1497.9 2184.9 1494.8 2183.5 1495 c
2182.9 1495 2182.1 1492.3 2181.7 1489 c
2181.1 1485.1 2180.4 1483 2179.7 1483.3 c
2178.2 1483.8 2177.5 1511.3 2178.9 1515.3 c
2179.5 1516.9 2180.4 1525.2 2181 1533.8 c
2182.5 1555.2 2182.9 1558 2184.3 1557.7 c
2185.2 1557.6 2185.6 1561.2 2186 1570.5 c
2186.5 1583 2187.2 1586.6 2189 1585.5 c
2190.3 1584.7 2193 1586.1 2193 1587.6 c
2193 1588.3 2194.6 1589.2 2196.5 1589.6 c
2198.4 1589.9 2200.4 1590.8 2200.8 1591.5 c
2201.2 1592.2 2202.6 1593 2204 1593.2 c
2205.7 1593.4 2206.4 1594 2206.2 1595.2 c
2206 1596.7 2207.3 1597.4 2211.8 1597.9 c
2212.5 1597.9 2213 1596.7 2213 1594.6 c
h
476.8 1595.8 m
476.5 1595.1 474.8 1594.5 473 1594.5 c
471.2 1594.5 469.5 1595.1 469.2 1595.8 c
469 1596.6 470.1 1597 473 1597 c
475.9 1597 477 1596.6 476.8 1595.8 c
h
2149.4 1591.5 m
2150.4 1590.5 2152.9 1590 2157.3 1590 c
2165.4 1590 2170 1589.1 2170 1587.5 c
2170 1586.7 2171.9 1586.1 2175 1585.8 c
2177.8 1585.5 2180.2 1585.1 2180.5 1584.8 c
2180.7 1584.6 2180.3 1579.5 2179.5 1573.4 c
2178.7 1567.4 2178 1555.9 2178 1547.8 c
2178 1533.7 2177.9 1533 2176 1533 c
2174.5 1533 2174 1532.3 2174 1530.2 c
2173.6 1509.2 2173.2 1502.9 2171.9 1501.4 c
2171 1500.3 2170.4 1496.9 2170.3 1491.6 c
2170 1475.7 2169.5 1468 2168.8 1468 c
2168.3 1468 2167.7 1468 2167.2 1468 c
2166.8 1468 2166.5 1469.9 2166.4 1472.1 c
2166.3 1474.7 2165.7 1476.7 2164.7 1477.5 c
2163.6 1478.3 2162.8 1481 2162.4 1485.8 c
2161.8 1491.7 2161.4 1493 2160 1493 c
2158.6 1493 2158.2 1494.2 2157.7 1499.3 c
2157.4 1502.7 2156.4 1506.9 2155.6 1508.5 c
2154.7 1510.2 2154 1513.2 2154 1515.2 c
2154 1518.6 2152.1 1521.8 2151.9 1518.8 c
2151.7 1516 2150.2 1522.7 2150.1 1526.8 c
2150 1529.2 2149.4 1532.4 2148.6 1533.8 c
2147.8 1535.3 2146.8 1538.6 2146.5 1541.2 c
2146 1545.1 2145.5 1546 2143.9 1546 c
2142.2 1546 2142 1546.7 2142 1551.8 c
2142 1555.5 2141.4 1558.4 2140.4 1559.9 c
2139.5 1561.1 2138.7 1564.7 2138.5 1567.8 c
2138.3 1570.9 2138.2 1574.1 2138.1 1574.9 c
2138 1575.6 2137.4 1576 2136.6 1575.7 c
2134.8 1575 2134.2 1576.8 2133.8 1583.9 c
2133.6 1588.1 2133.1 1589.4 2131.8 1589.8 c
2129.9 1590.3 2129.5 1591.2 2130.7 1592.3 c
2132.1 1593.8 2147.8 1593 2149.4 1591.5 c
h
516.8 1587.8 m
516.5 1587.1 515.7 1586.5 515 1586.5 c
514.3 1586.5 513.5 1587.1 513.2 1587.8 c
513 1588.5 513.7 1589 515 1589 c
516.3 1589 517 1588.5 516.8 1587.8 c
h
529.4 1584.4 m
531.6 1583.6 530.4 1582 527.5 1582 c
524.3 1582 521.9 1583 522.6 1584.1 c
523.2 1585.1 527.1 1585.3 529.4 1584.4 c
h
309 1579.6 m
309 1578.2 309.4 1576.8 310 1576.5 c
310.6 1576.1 311 1577.2 311 1578.9 c
311 1580.6 310.6 1582 310 1582 c
309.4 1582 309 1580.9 309 1579.6 c
h
549 1580 m
549 1578.5 547.3 1578 544 1578.6 c
540.8 1579.3 541 1580.5 544.5 1581.2 c
546.9 1581.7 549 1581.1 549 1580 c
h
620.6 1581.4 m
622.8 1580.8 622.8 1580.7 622.8 1548.4 c
622.8 1517.2 622.7 1515.9 620.8 1514.9 c
619.7 1514.3 619.1 1513.3 619.3 1512.5 c
619.7 1511.6 618 1511 612.4 1510.5 c
608.4 1510.1 604.8 1509.4 604.5 1509 c
604.2 1508.5 601.2 1507.8 597.8 1507.4 c
593.2 1506.9 591.6 1506.3 591.3 1504.9 c
590.7 1502.8 585.8 1501.5 583.5 1502.8 c
582 1503.6 581.9 1507.2 581.9 1534.8 c
581.9 1552.3 582.3 1566.6 582.8 1567.6 c
583.6 1569.1 584.9 1569.5 590.2 1569.9 c
591.3 1569.9 592 1570.8 592 1572 c
592 1573.8 592.7 1574 597.4 1574 c
600.9 1574 603.2 1574.5 604 1575.5 c
604.7 1576.3 606.7 1577 608.4 1577 c
613.1 1577 616.2 1578.1 615.6 1579.5 c
614.7 1581.9 616.5 1582.5 620.6 1581.4 c
h
458.6 1577.9 m
458.3 1576.2 458 1565.4 458 1553.9 c
458 1534.1 458.1 1533 460 1532 c
461.1 1531.4 462 1530.2 462 1529.2 c
462 1527 476.8 1523 484.8 1523 c
489.3 1523 490.3 1522.7 490.7 1521.1 c
491.3 1518.8 493.8 1518 500.6 1518 c
506.2 1518 509.8 1520.3 506.9 1522.1 c
506.1 1522.6 504.8 1523 503.9 1523 c
503.1 1523 501.5 1523.7 500.4 1524.5 c
499.2 1525.4 496.1 1526 492 1526 c
484.2 1526 481 1526.8 481 1528.6 c
481 1529.5 478.8 1530.1 473.9 1530.6 c
469.4 1531 466.6 1531.8 466.3 1532.6 c
466 1533.4 464.8 1534 463.6 1534 c
461.5 1534 461.5 1534.2 461.6 1553.3 c
461.7 1576 461.6 1575 463.5 1575 c
465.9 1575 465.2 1576.8 462.8 1577.2 c
461.3 1577.4 460.6 1578.1 460.6 1579.3 c
460.9 1582.3 459.3 1581.2 458.6 1577.9 c
h
530.6 1576 m
531.2 1575.4 534.8 1574.7 538.6 1574.4 c
548.5 1573.6 550 1573.2 549.4 1571.5 c
548.9 1570.3 550 1570 555.8 1570 c
560.8 1570 563.1 1569.6 564 1568.5 c
565 1567.4 565.1 1559.7 564.8 1535.8 c
564.6 1518.6 564.2 1504 563.8 1503.5 c
563.5 1503 560.9 1502.7 558.2 1502.8 c
553.9 1503.1 553.1 1503.5 552.6 1505.5 c
552.1 1507.6 551.3 1507.9 545.3 1508.3 c
531.3 1509.4 518.9 1510.8 518.2 1511.5 c
517.4 1512.2 516.7 1573.8 517.5 1575.7 c
518 1577.3 529.1 1577.5 530.6 1576 c
h
308.2 1573.4 m
306.4 1571.4 306.7 1570 309 1570 c
310.3 1570 311 1570.7 311 1571.9 c
311 1574.5 309.8 1575.1 308.2 1573.4 c
h
301 1570 m
301 1567.2 301.3 1567 304.5 1567 c
306.4 1567 308 1567.5 308 1568 c
308 1568.5 307.3 1569 306.5 1569 c
305.7 1569 305 1569.9 305 1571 c
305 1572.3 304.3 1573 303 1573 c
301.4 1573 301 1572.3 301 1570 c
h
803.7 1566.1 m
802.9 1565.2 802.4 1564 802.7 1563.4 c
803.1 1562.1 795.3 1559 789.6 1558.3 c
787 1557.9 785.6 1557.2 785.3 1555.9 c
784.9 1554.6 783.4 1553.9 779.2 1553.4 c
775.8 1553 773 1552.1 772.3 1551.1 c
770.6 1548.7 768.4 1551 769.9 1553.8 c
770.5 1554.8 770.7 1556 770.3 1556.3 c
770 1556.7 770.5 1557.2 771.4 1557.6 c
772.3 1557.9 773 1558.8 773 1559.6 c
773 1561 775.7 1561.5 781.7 1561.1 c
784.4 1560.9 785.2 1561.3 786 1563.4 c
786.8 1565.5 787.6 1566 790.3 1566 c
792.1 1566 794.1 1566.5 794.7 1567.1 c
796.4 1568.8 802.3 1569.8 803.8 1568.7 c
804.8 1567.9 804.8 1567.4 803.7 1566.1 c
h
1336.5 1567 m
1337.6 1566.1 1339.4 1565 1340.4 1564.6 c
1342.9 1563.7 1341.4 1562.2 1337.3 1561.4 c
1334.6 1560.9 1334.1 1561.1 1333.8 1563.1 c
1333.6 1564.7 1332.7 1565.6 1331.2 1565.8 c
1328.8 1566.2 1328.4 1567 1330.1 1568.7 c
1331.4 1570 1333.7 1569.4 1336.5 1567 c
h
575.3 1566.2 m
575.5 1564.7 575.7 1549.3 575.6 1532 c
575.5 1503.8 575.3 1500.5 573.9 1500.2 c
572.9 1500 572 1500.8 571.6 1502.2 c
571.2 1503.9 570.8 1504.2 570.1 1503.2 c
568.7 1501 568.2 1503.8 569 1509.5 c
569.7 1514.5 l 569.9 1510 l
570 1506.7 570.3 1505.9 571 1507 c
571.6 1507.9 572 1520.7 572 1538.1 c
572 1554.4 572.3 1568 572.7 1568.3 c
574 1569.6 574.8 1569 575.3 1566.2 c
h
1185.5 1565.2 m
1187.2 1565.1 1187.8 1564.6 1187.4 1563.5 c
1187 1562.7 1187.2 1562 1187.6 1562 c
1196.4 1561.6 1204.7 1560.7 1205.4 1560 c
1206.6 1558.8 1206.5 1554.6 1205.1 1546.5 c
1204.4 1542.7 1203.7 1530.7 1203.6 1520 c
1203.5 1500.7 1203.4 1500.5 1201.2 1500.2 c
1199.3 1499.9 1199 1500.3 1199 1503.5 c
1199 1505.7 1198.4 1507.3 1197.5 1507.6 c
1196.5 1508 1196 1509.6 1196 1512 c
1196 1517 1195.2 1519 1193 1519 c
1191.6 1519 1191.2 1520.2 1190.7 1524.7 c
1190.4 1527.9 1189.6 1530.6 1189 1530.8 c
1188.5 1531 1188 1533.3 1188 1536 c
1188 1539.7 1187.5 1541.1 1186 1542.1 c
1184.8 1542.9 1183.8 1545 1183.5 1546.9 c
1183.3 1548.7 1182.4 1551 1181.6 1551.9 c
1180.7 1552.9 1180 1555.3 1180 1557.4 c
1180 1560.4 1179.5 1561.2 1177.5 1562 c
1174.8 1563 1174.2 1564.6 1176.2 1565.3 c
1177.4 1565.7 1178.9 1565.6 1185.5 1565.2 c
h
1230 1565 m
1231.3 1564.1 1231.3 1563.8 1229.7 1562.6 c
1228.7 1561.8 1227.6 1559.6 1227.3 1557.6 c
1227 1555.5 1226.2 1554 1225.3 1554 c
1223.7 1554 1221.7 1549.3 1222.6 1547.8 c
1223 1547.2 1222.5 1546.1 1221.5 1545.4 c
1220.5 1544.6 1219.6 1542.3 1219.3 1539.6 c
1218.9 1536.4 1218.2 1535 1216.9 1534.7 c
1215.8 1534.4 1214.9 1532.9 1214.4 1530.4 c
1214 1528.2 1213.1 1525.6 1212.4 1524.5 c
1211.6 1523.4 1211 1521.1 1211 1519.3 c
1211 1516.7 1210.6 1516 1209 1516 c
1207.2 1516 1207 1516.7 1207 1523.4 c
1207 1531.6 1207.6 1534 1209.5 1534 c
1210.8 1534 1212 1542.1 1212 1551.9 c
1212.1 1557.7 1214.3 1562 1217.3 1562 c
1218.1 1562 1219 1562.9 1219.3 1564 c
1219.7 1565.6 1220.6 1566 1224.2 1566 c
1226.5 1566 1229.2 1565.5 1230 1565 c
h
1610 1560.1 m
1610 1558.9 1610.5 1558 1611 1558 c
1611.5 1558 1612 1558.6 1612 1559.4 c
1612 1560.2 1611.5 1561.2 1611 1561.5 c
1610.5 1561.8 1610 1561.2 1610 1560.1 c
h
1774.3 1558 m
1774.3 1555.5 1774.5 1554.5 1774.7 1555.8 c
1774.9 1557 1774.9 1559 1774.7 1560.2 c
1774.5 1561.5 1774.3 1560.5 1774.3 1558 c
h
296 1552.4 m
299 1551.5 305.6 1550.5 310.5 1550.2 c
318.3 1549.6 319.5 1549.3 319.2 1547.8 c
319 1546.6 319.6 1546 320.9 1546 c
323.9 1546 328 1541.4 328 1538 c
328 1534.5 326.1 1533.1 324.5 1535.4 c
323.6 1536.6 321 1537.3 315.4 1537.8 c
310.4 1538.2 307.5 1538.9 307.5 1539.7 c
307.5 1541.6 306.8 1541.8 298 1542.1 c
290.6 1542.4 289.2 1542.7 287.3 1544.7 c
286 1546 285.1 1547.4 285.2 1547.8 c
285.3 1548.2 285 1549.3 284.5 1550.4 c
282.9 1554.1 287.3 1554.9 296 1552.4 c
h
1598 1550 m
1598 1546.8 1597.6 1546 1596.2 1546 c
1594.2 1546 1590.7 1542.6 1589.7 1539.8 c
1589.3 1538.8 1588.2 1538 1587.2 1538 c
1586.1 1538 1584.2 1537.2 1582.9 1536.1 c
1580.3 1534.1 1580 1534 1577 1534 c
1575.4 1534 1575 1533.3 1575 1530.5 c
1575 1528.6 1575.4 1527 1575.9 1527 c
1576.4 1527 1576.7 1527.8 1576.6 1528.8 c
1576.5 1530.1 1577.4 1530.6 1580.2 1530.8 c
1582.2 1531 1584.4 1531.8 1585 1532.6 c
1585.7 1533.4 1587.1 1534 1588.1 1534 c
1589.2 1534 1590 1534.6 1590 1535.4 c
1590 1536.2 1590.9 1537.2 1592 1537.5 c
1593.1 1537.8 1594 1539 1594 1540 c
1594 1540.9 1594.9 1542 1596 1542.3 c
1597.1 1542.6 1598 1543.5 1598 1544.3 c
1598 1545.1 1598.6 1546 1599.3 1546.3 c
1601.2 1547 1601.5 1554 1599.5 1554 c
1598.4 1554 1598 1552.9 1598 1550 c
h
549 1548.1 m
549 1542.7 550.6 1540.4 551.5 1544.3 c
552.4 1547.8 551.7 1552.3 550.2 1552.8 c
549.4 1553 549 1551.7 549 1548.1 c
h
796.5 1549.8 m
797.2 1545.6 796.6 1247.2 795.9 1244.5 c
795.5 1243 794.2 1242.3 791.1 1241.9 c
788.7 1241.6 786.5 1240.9 786.2 1240.3 c
785.8 1239.7 783.6 1238.9 781.3 1238.6 c
778.4 1238.1 777 1237.3 776.7 1235.9 c
776.3 1234.5 775.3 1234 772.7 1234 c
770.7 1234 769 1233.6 768.8 1233.1 c
768.6 1232.6 767 1231.9 765.1 1231.5 c
761.8 1230.8 l 762.4 1234.6 l
763.3 1239.9 763.3 1235.4 762.5 1294.5 c
762.1 1323.7 761.3 1348.3 760.9 1349.2 c
760.2 1350.4 760.5 1351.2 761.6 1351.8 c
763 1352.6 763.2 1360.9 763.5 1432.6 c
763.6 1477.2 763.3 1518.6 762.8 1526.3 c
761.8 1540 761.8 1540.2 764.1 1542.6 c
765.8 1544.4 767.4 1545 770.4 1545 c
776.3 1545 779.1 1546 778.8 1547.9 c
778.6 1549.1 779.6 1549.6 783 1550.1 c
785.5 1550.5 788.9 1551.2 790.5 1551.8 c
795.2 1553.4 795.9 1553.2 796.5 1549.8 c
h
1791.7 1550.4 m
1790.3 1548.9 1791 1545 1792.6 1545 c
1793.5 1545 1794.8 1544.3 1795.5 1543.3 c
1796.2 1542.4 1797.2 1542 1797.8 1542.4 c
1799.2 1543.3 1798.2 1546 1796.5 1546 c
1795.7 1546 1795 1547 1794.8 1548.2 c
1794.5 1550.4 1792.9 1551.5 1791.7 1550.4 c
h
749.1 1548.2 m
748.5 1547.3 748 1547.1 748 1547.8 c
748 1549.5 746 1549.3 746 1547.6 c
746 1546.7 744.4 1545.9 741.8 1545.5 c
739.4 1545.1 736.6 1544.1 735.5 1543.4 c
734.4 1542.6 732.2 1542 730.5 1542 c
726.1 1542 723 1540.9 723 1539.5 c
723 1538.7 721.2 1537.9 718.8 1537.5 c
716.5 1537.1 714 1536.1 713.2 1535.4 c
712.5 1534.6 710 1534 707.6 1534 c
705.3 1534 703 1533.6 702.4 1533.2 c
701.9 1532.7 698.9 1531.7 695.8 1531 c
692 1530.1 690 1529.2 689.7 1528 c
689.4 1526.7 688.4 1526.2 686 1526.4 c
684.1 1526.5 681.8 1525.9 680.5 1524.8 c
679.2 1523.8 676.8 1523 675.2 1523 c
670 1523 665.9 1521.8 666.4 1520.4 c
666.9 1519 664.9 1518 661.3 1518 c
660 1518 658.2 1517.3 657.4 1516.5 c
656.5 1515.7 654.3 1515 652.3 1515 c
649.6 1515 648.7 1514.5 648.3 1513 c
647.8 1511 647 1510.7 639.8 1509.5 c
637.8 1509.2 635.9 1508.3 635.6 1507.5 c
635.3 1506.7 634.4 1506 633.5 1506 c
632.7 1506 632 1505.3 632 1504.4 c
632 1503.4 632.6 1503 633.4 1503.3 c
634.3 1503.7 635 1502.9 635.4 1500.8 c
635.7 1499.1 636 1457.1 636 1407.5 c
636 1317.2 l 632.9 1316.6 l
630 1316.1 629.9 1315.8 630.6 1312.8 c
631.1 1311 631.4 1307 631.5 1304 c
631.5 1298.4 632.5 1295.5 634 1296.5 c
635.3 1297.3 636 1294.3 636 1287.8 c
636 1284.5 636.6 1280.6 637.4 1279.2 c
638.2 1277.7 639.1 1275.2 639.5 1273.7 c
639.9 1271.8 640.6 1271 641.8 1271.2 c
642.9 1271.4 643.6 1270.7 643.8 1269.1 c
644.2 1266.4 647 1263.6 651.5 1261.5 c
653.4 1260.6 653.9 1260.1 652.8 1260 c
649.1 1260 651.2 1258 655 1258 c
657.8 1258 659 1258.4 659 1259.4 c
659 1260.2 660.4 1261.1 662.1 1261.5 c
663.9 1261.9 665.4 1263 665.7 1264 c
666 1265.1 667.2 1266 668.4 1266.2 c
669.7 1266.4 670.4 1267.1 670.2 1268.1 c
670.1 1269 670.9 1270.5 672 1271.5 c
673.1 1272.5 674 1274.4 674 1275.7 c
674 1277.4 674.7 1278.4 676 1278.7 c
677.2 1279 678.3 1280.4 678.6 1281.9 c
678.9 1283.3 679.7 1287 680.5 1290 c
681.3 1293 682.2 1301.9 682.6 1309.8 c
683.2 1321.9 683.5 1324 684.8 1323.8 c
686.4 1323.5 687 1318.4 685.6 1316.2 c
685.2 1315.6 685.4 1314.2 686 1313.1 c
686.5 1312 687 1310.1 687 1308.8 c
687 1307.5 687.7 1304.6 688.5 1302.3 c
689.3 1300.1 690 1296.5 690.2 1294.5 c
690.3 1292.2 691 1290.6 692 1290.2 c
694.6 1289.3 698 1285.7 698 1283.8 c
698 1282.7 698.7 1282 699.9 1282 c
700.9 1282 702.9 1281.1 704.3 1280 c
705.7 1278.9 707.8 1278 708.9 1278 c
710.1 1278 711.9 1278.9 713 1280 c
714.1 1281.1 715.7 1282 716.5 1282 c
717.3 1282 718 1282.9 718 1284 c
718 1285.1 718.7 1286 719.5 1286 c
720.4 1286 721.5 1287.1 722 1288.5 c
722.6 1290.1 723.4 1290.8 724.5 1290.4 c
725.6 1289.9 726 1290.5 726 1292.4 c
726 1293.8 726.9 1295.9 728 1297 c
729.4 1298.4 730 1300.3 730 1303.5 c
730 1307.3 730.3 1308 732 1308 c
733.8 1308 734 1308.7 734 1313.5 c
734 1316.4 734.7 1321.5 735.5 1324.7 c
737.3 1331.7 737.4 1338.3 735.8 1341.1 c
734.7 1342.8 734.8 1343.3 736.2 1344.1 c
737.2 1344.7 738 1345.8 738 1346.5 c
738 1347.3 738.9 1348 739.9 1348 c
741.9 1348 743 1349.7 742.3 1351.8 c
742 1352.4 741 1353 740 1353 c
739 1353 737.9 1353.4 737.6 1353.9 c
737.2 1354.4 737 1395.9 737 1446.2 c
736.9 1537.5 l 739.5 1537.8 l
741.2 1538 742 1538.7 742 1540.1 c
742 1541.6 742.7 1542 745.8 1542 c
749.9 1542 754 1545.1 754 1548.3 c
754 1550.6 750.4 1550.5 749.1 1548.2 c
h
301.8 1534.9 m
303.1 1534.4 306.7 1534 309.8 1534 c
312.9 1534 316.8 1533.3 318.4 1532.5 c
319.9 1531.7 323.6 1531 326.5 1531 c
331.8 1531 l 332.5 1524.8 l
332.8 1521.3 333 1450.3 332.8 1367 c
332.5 1215.5 l 329.2 1215.2 l
327.4 1215 325.2 1215.4 324.4 1216.1 c
323.6 1216.7 319.8 1217.5 315.9 1217.8 c
310.4 1218.2 309 1218.6 309.4 1219.7 c
310.1 1221.4 309 1221.8 301.7 1222.3 c
291.1 1223.1 292.2 1205 292.1 1380 c
292 1488.2 292.2 1533.6 293 1535 c
294.1 1537.1 295.9 1537 301.8 1534.9 c
h
730 1445.4 m
730 1359.4 729.7 1349.7 727.1 1353.9 c
726.7 1354.5 725 1355.3 723.4 1355.6 c
718.2 1356.4 718 1356.7 718 1361.9 c
718 1370.2 716.6 1371.3 715.9 1363.5 c
715.6 1359.7 715.4 1369.1 715.4 1384.5 c
715.4 1401.4 715.6 1405.2 715.7 1394.2 c
715.9 1383.2 716.4 1376 717 1376 c
717.6 1376 718 1398.3 718 1438 c
718 1476.1 717.6 1500 717.1 1500 c
716.5 1500 715.9 1498.1 715.7 1495.8 c
715.5 1493.4 715.3 1499.2 715.2 1508.5 c
715.1 1517.8 714.7 1526.5 714.4 1527.6 c
713.9 1529.3 714.5 1530.1 717.2 1531.5 c
720.5 1533.3 727.9 1534.9 729.2 1534.3 c
729.7 1534 730 1494.1 730 1445.4 c
h
549.5 1529.9 m
549.1 1528.7 549.3 1527.3 549.9 1526.7 c
550.7 1525.9 551 1526.5 551 1528.8 c
551 1532.5 550.4 1532.9 549.5 1529.9 c
h
367.9 1529.8 m
367.8 1529.1 367.7 1528 367.5 1527.5 c
367.4 1527 367.2 1484.8 367.2 1433.8 c
367 1341.2 l 364 1340.5 l
361.3 1339.9 359.6 1337 362 1337 c
362.6 1337 363 1336.1 363 1334.9 c
363 1333.7 363.8 1332.6 365 1332.3 c
366.9 1331.8 367 1330.9 367 1320.5 c
367 1311.7 367.3 1309 368.5 1308 c
369.4 1307.3 370 1305.1 370 1302.6 c
370 1296.6 371 1294 373.1 1294 c
374.5 1294 375 1293.3 375 1291.1 c
375 1289.5 375.7 1287.5 376.5 1286.6 c
377.3 1285.8 378 1284.5 378 1283.7 c
378 1280.8 379.2 1279 381.1 1279 c
382.1 1279 383.1 1278.5 383.1 1278 c
383.2 1277.5 383.3 1276.7 383.4 1276.2 c
383.7 1274.4 388.5 1270 390.2 1270 c
391.3 1270 392 1269.3 392 1268.2 c
392 1265.6 399.4 1261.8 402.8 1262.7 c
406.6 1263.6 409.9 1266.2 410 1268.2 c
410 1269.4 410.8 1270 412.2 1270 c
414.8 1270 419.1 1274.6 418.4 1276.5 c
418 1277.3 418.7 1278 420.2 1278.2 c
422 1278.4 422.6 1279.2 422.8 1281.9 c
423 1283.8 423.8 1285.9 424.6 1286.7 c
425.4 1287.5 426 1289.4 426 1290.9 c
426 1292.5 426.3 1295.8 426.6 1298.3 c
427.2 1302.7 427.4 1302.9 429.9 1302.3 c
433.4 1301.5 433.2 1302.1 433.9 1293.3 c
434.3 1287.6 434.9 1285.5 435.9 1285.5 c
437.3 1285.5 440.3 1277.3 439.5 1275.9 c
439.2 1275.5 439.7 1274.7 440.5 1274 c
441.3 1273.3 442 1272.1 442 1271.4 c
442 1270.6 442.4 1270 443 1270 c
443.6 1270 444 1269.3 444 1268.5 c
444 1265.8 446.3 1262 447.9 1262.2 c
448.7 1262.4 449.6 1261.7 449.8 1260.7 c
450.3 1258.2 454.1 1254.3 456.5 1253.8 c
457.6 1253.6 458.4 1252.7 458.2 1251.9 c
457.9 1250 466.9 1247.6 468.5 1249.1 c
469 1249.6 470.4 1250 471.7 1250 c
473.3 1250 474 1250.6 474 1252 c
474 1253.1 474.7 1254 475.5 1254 c
476.3 1254 477 1254.5 477 1255 c
477 1255.6 478.1 1256.5 479.5 1257 c
481 1257.6 482 1258.7 482 1259.9 c
482 1260.9 482.7 1262 483.5 1262.4 c
484.3 1262.7 485 1263.6 485 1264.5 c
485 1265.3 485.8 1266 486.9 1266 c
488.3 1266 489 1267.3 490 1272.2 c
490.7 1275.7 491.7 1279.1 492.3 1279.8 c
492.8 1280.4 493.4 1286.3 493.6 1292.7 c
493.8 1301.3 494.3 1304.6 495.2 1304.8 c
499.1 1305.9 499.3 1306 498 1307.5 c
497.3 1308.3 495.7 1309 494.4 1309 c
492.7 1309 492 1309.6 492 1310.9 c
492 1312 491.5 1313.2 490.9 1313.5 c
490.2 1314 490.4 1314.8 491.4 1315.9 c
492.8 1317.4 493 1328 493 1410.2 c
493 1461 492.8 1503.4 492.4 1504.4 c
491.9 1505.7 491 1505.9 489 1505.5 c
486.9 1505 485.7 1505.5 483.9 1507.4 c
481.5 1509.9 477.6 1510.8 476.6 1509.1 c
476.2 1508.6 474.4 1508.6 472.3 1509.2 c
470.2 1509.8 466.6 1510.4 464.2 1510.7 c
460.9 1511.1 460.2 1511.5 461 1512.5 c
461.8 1513.4 460.7 1513.9 456.3 1514.5 c
453.1 1514.9 447.8 1515.6 444.5 1516.2 c
441.2 1516.7 435.2 1517.4 431.2 1517.7 c
424.7 1518.1 423.8 1518.4 423 1520.5 c
422.2 1522.6 421.4 1522.9 414.3 1523.3 c
410 1523.5 404.8 1524.1 402.6 1524.5 c
398.9 1525.2 398.8 1525.1 399.3 1522.8 c
400.2 1519.5 400.2 1350.2 399.4 1347.2 c
398.9 1345.5 398 1345 395.5 1345 c
390.5 1345 390 1347.4 390 1369.2 c
390 1385.7 389.8 1388.1 388.5 1387.6 c
387.3 1387.2 387 1388 387 1392 c
387 1396 387.3 1396.8 388.5 1396.4 c
389.5 1396 390 1396.4 390 1397.9 c
390 1399.1 389.4 1400 388.5 1400 c
387.2 1400 387 1407.6 387 1462.5 c
387 1496.9 386.7 1525 386.2 1525 c
383 1524.9 383 1524 382.8 1434.5 c
382.5 1345.5 l 378.8 1345.3 l
375.7 1345 375 1345.3 375 1346.7 c
375 1347.7 375 1388.2 375 1436.8 c
375.1 1525 l 372.5 1526 l
371 1526.6 370 1527.7 370 1529 c
370 1531.1 368.1 1531.8 367.9 1529.8 c
h
710.2 1527.2 m
710.4 1525.7 710.4 1486.6 710.2 1440.2 c
710 1364.3 709.8 1356 708.4 1356 c
706.7 1356 703.1 1352.2 703 1350.3 c
703 1349.7 704.6 1348.6 706.5 1347.9 c
708.4 1347.2 710 1346.2 710 1345.8 c
710 1345.4 710.7 1345 711.5 1345 c
712.3 1345 713.3 1343.8 713.6 1342.4 c
714.4 1339.1 713.3 1325.1 712.1 1323.6 c
711.6 1323 710.9 1320.3 710.5 1317.6 c
709.6 1311 709 1309.4 707.9 1311.1 c
707.4 1312 706.9 1311 706.4 1308.2 c
706.1 1305.9 705.1 1303.5 704.4 1302.9 c
703.6 1302.3 703 1300.9 703 1299.9 c
703 1298.4 702.3 1298 699.6 1298 c
696.2 1298 l 695 1305.2 l
693.6 1314.2 693.3 1315.3 692 1314.5 c
690.6 1313.6 689.7 1318.5 690.4 1323.5 c
690.9 1326.5 691.6 1328 692.6 1328 c
694.9 1328 696.4 1333 695.1 1336.6 c
693.6 1340.8 693.6 1521.3 695 1524.1 c
695.8 1525.5 697.1 1526 700.6 1526 c
704.3 1526 705.3 1526.4 705.7 1528 c
706.5 1531.1 709.8 1530.5 710.2 1527.2 c
h
1540.2 1526.4 m
1536.1 1525.4 1538.5 1523.5 1544.9 1522.6 c
1549 1522 1550.9 1521.2 1550.6 1520.4 c
1550.2 1519.3 1567.2 1518.2 1590 1517.9 c
1606.4 1517.7 1606 1517.7 1606 1520.5 c
1606 1523 l 1592.2 1523 l
1582 1523 1577.8 1523.4 1575.7 1524.5 c
1572.7 1526 1545.1 1527.5 1540.2 1526.4 c
h
1843 1517.2 m
1843.4 1511.6 1843.9 1509.6 1845.2 1508.9 c
1847.4 1507.7 1847.6 1501.8 1845.6 1500.1 c
1844.9 1499.5 1839.7 1498.9 1833.6 1498.7 c
1824.5 1498.5 1823 1498.3 1823 1496.9 c
1823 1494.4 1820.9 1494 1808.1 1494 c
1801.6 1494 1795 1493.6 1793.4 1493.1 c
1789.3 1491.7 1769.1 1491 1768.4 1492.1 c
1768.1 1492.7 1768.4 1493.8 1769.1 1494.6 c
1769.8 1495.5 1770.5 1499.8 1770.7 1504.8 c
1771.3 1518.4 1771.1 1518 1777.8 1518 c
1789.2 1518 1796.9 1519.2 1797.2 1520.9 c
1797.5 1522.3 1800.5 1522.7 1818 1523.6 c
1829.3 1524.2 1839.4 1524.7 1840.5 1524.6 c
1842.3 1524.5 1842.6 1523.6 1843 1517.2 c
h
685.5 1518.1 m
686.1 1517.5 686.2 1505.8 685.8 1487.3 c
685.2 1462.4 685.4 1426.6 686.4 1351 c
686.5 1341.5 686.3 1340.5 684.7 1340.5 c
682.9 1340.5 682.9 1341.7 683 1518.2 c
683 1519.3 684.4 1519.2 685.5 1518.1 c
h
417 1516.5 m
417.7 1515.7 419 1515 420 1515 c
421 1515 422 1514.3 422.4 1513.5 c
422.7 1512.7 423 1474.9 423 1429.5 c
423 1338 423.5 1344.1 416.5 1347.4 c
414.5 1348.4 412.1 1348.8 411 1348.5 c
409.5 1348 409 1348.3 409 1349.9 c
409 1351 408.5 1352.2 408 1352.5 c
407.3 1352.9 407 1381 407 1435.6 c
407.1 1518 l 411.4 1518 l
414.1 1518 416.2 1517.4 417 1516.5 c
h
678.8 1430.5 m
678.9 1382.7 678.8 1342 678.5 1340.2 c
677.9 1337.1 675.6 1335.8 674.8 1338.2 c
674.5 1338.9 672 1339.7 669 1340 c
664.2 1340.4 663.6 1340.8 663.4 1343 c
662.9 1348.3 662.9 1510.3 663.5 1510.8 c
663.8 1511.1 664 1512.2 664 1513.2 c
664 1514.5 664.8 1515 666.9 1515 c
668.5 1515 670.3 1515.7 671 1516.6 c
671.8 1517.5 673.5 1518 675.4 1517.8 c
678.5 1517.5 l 678.8 1430.5 l
h
434 1420.4 m
434.3 1371 434.3 1329.3 434.1 1327.8 c
433.8 1324.8 431.1 1323.8 431.4 1326.7 c
431.4 1327.7 430.5 1328.6 429.1 1328.9 c
426.7 1329.5 l 426.9 1419.5 l
427.1 1509.5 l 429.3 1510.1 l
430.5 1510.5 431.9 1510.7 432.5 1510.6 c
433.2 1510.4 433.7 1479.1 434 1420.4 c
h
1251.6 1508.5 m
1252.8 1507.2 1254.1 1505.1 1254.5 1504 c
1254.8 1502.9 1256 1502 1257 1502 c
1259.5 1502 1261 1499.1 1260.9 1494.3 c
1260.9 1492.2 1261.3 1484.2 1261.9 1476.5 c
1262.4 1468.8 1262.9 1460.4 1262.9 1457.9 c
1263 1454.1 1263.4 1453.1 1265 1452.7 c
1266.8 1452.2 1267 1451.3 1267 1444.3 c
1267 1439.8 1267.5 1435.9 1268.1 1435.3 c
1268.7 1434.7 1269.5 1430.8 1269.7 1426.8 c
1270 1422.8 1270.8 1418.6 1271.5 1417.5 c
1272.2 1416.4 1273.1 1412.7 1273.5 1409.3 c
1274 1404.5 1274.6 1403.1 1276.1 1402.7 c
1277.6 1402.3 1278 1401.3 1278 1397.7 c
1278 1395.2 1278.5 1392.8 1279.1 1392.5 c
1279.7 1392.1 1279.9 1391.2 1279.6 1390.5 c
1279.3 1389.7 1279.8 1388.6 1280.6 1387.9 c
1281.4 1387.2 1281.8 1385.9 1281.4 1384.8 c
1280.5 1381.9 1281.8 1377.7 1283.5 1378.3 c
1285.1 1379 1286 1377 1286 1372.4 c
1286 1370.4 1286.6 1368.7 1287.4 1368.4 c
1288.2 1368.1 1289 1365.5 1289.4 1361.9 c
1290 1357.1 1290.4 1356 1291.8 1356.2 c
1293.1 1356.4 1293.6 1355.6 1293.8 1353 c
1294 1351.1 1294.7 1349 1295.5 1348.4 c
1296.2 1347.9 1297 1345.8 1297.2 1343.9 c
1297.4 1341.2 1298 1340.4 1299.8 1340.2 c
1301.8 1339.9 1302 1339.5 1301.4 1336.5 c
1300.9 1333.8 1301.2 1332.9 1302.9 1331.8 c
1304.2 1331 1305 1329.5 1305 1327.7 c
1305 1325.7 1305.7 1324.7 1307.5 1324 c
1309.5 1323.2 1310 1322.4 1310 1319.5 c
1310 1317.1 1310.5 1316 1311.5 1316 c
1312.6 1316 1313 1314.9 1313 1312 c
1313 1308.4 1313.2 1308 1315.5 1308 c
1318.1 1308 1318.4 1307.3 1317.4 1304.6 c
1316.6 1302.6 1314 1302.5 1314 1304.5 c
1314 1305.3 1313.1 1306.8 1312 1307.7 c
1310.8 1308.8 1310 1310.7 1310 1312.7 c
1310 1315.3 1309.6 1316 1308 1316 c
1306.6 1316 1306 1316.7 1306 1318.3 c
1306 1319.5 1305.1 1321.3 1304 1322.3 c
1302.8 1323.3 1302 1325.2 1302 1327 c
1302 1329.3 1301.6 1330 1300 1330 c
1298.4 1330 1298 1330.7 1298 1333.3 c
1298 1335.4 1297.3 1336.9 1296 1337.8 c
1294.7 1338.6 1294 1340.1 1294 1342.1 c
1294 1344.3 1293.5 1345.3 1292 1345.7 c
1290.6 1346.1 1290 1347.1 1290 1349 c
1290 1350.5 1289.1 1352.7 1288 1354 c
1286.9 1355.3 1286 1357.7 1286 1359.7 c
1286 1362.3 1285.6 1363 1284 1363 c
1282.4 1363 1282 1363.7 1282 1366.4 c
1282 1368.2 1281.4 1370.3 1280.6 1370.9 c
1279.8 1371.6 1278.9 1374.8 1278.5 1378.1 c
1277.9 1382.8 1277.5 1384 1276.4 1383.6 c
1274.8 1383 1274 1384.3 1273.6 1388.3 c
1273.5 1389.7 1272.8 1391.5 1272.2 1392.3 c
1271.5 1393.1 1270.6 1395.7 1270.1 1398.1 c
1267.4 1410.7 1265.7 1416 1264.5 1416 c
1263.6 1416 1262.9 1417.9 1262.5 1421.8 c
1262.2 1424.9 1261.2 1428.7 1260.4 1430.2 c
1259.7 1431.6 1259 1435.3 1259 1438.4 c
1259 1443.3 1258.8 1444 1257 1444 c
1255.8 1444 1255 1444.7 1254.9 1445.8 c
1254.8 1446.7 1254.6 1449.9 1254.5 1452.8 c
1254.3 1455.7 1253.7 1458.7 1253.1 1459.3 c
1252.6 1460 1251.8 1465.7 1251.4 1471.9 c
1250.8 1481.4 1250.4 1483.3 1249 1483.7 c
1247.7 1484.1 1247.1 1485.7 1246.6 1490.8 c
1245.3 1505.5 1245.8 1510.3 1248.9 1510.9 c
1249.1 1511 1250.3 1509.9 1251.6 1508.5 c
h
450 1508.5 m
450 1507.8 450.8 1506.7 451.8 1506.1 c
453 1505.4 453.2 1504.8 452.4 1504 c
451.6 1503.2 451.4 1479 451.8 1418.2 c
452.1 1358.8 451.9 1332.7 451.1 1330.8 c
450.3 1328.8 449.3 1328 447.5 1328 c
445.9 1328 445 1327.4 445 1326.5 c
445 1323.7 443.2 1325 442.6 1328.2 c
442.2 1331 441.5 1484.3 441.9 1503.8 c
442 1510 l 446 1510 l
448.8 1510 450 1509.6 450 1508.5 c
h
655.1 1507.3 m
656.4 1503.9 656.9 1336 655.6 1336 c
655.2 1336 655 1335.3 655.3 1334.6 c
655.9 1333 652.4 1331.3 651.2 1332.5 c
650.8 1332.9 650.3 1370.4 650 1416 c
649.7 1461.6 649.2 1499.1 648.9 1499.5 c
647.8 1500.5 647 1466.7 646.6 1407.5 c
646.2 1355.8 645.2 1329.1 643.5 1324.8 c
643 1323.4 642.4 1323.3 640.9 1324.1 c
639.1 1325 639 1327.6 639 1412.3 c
639 1460.3 639.3 1501.2 639.6 1503.2 c
640.3 1507 640.3 1507 645.2 1507 c
648.6 1507 650.2 1507.4 650.6 1508.5 c
651.6 1510.9 654 1510.2 655.1 1507.3 c
h
2094 1498.6 m
2094 1491.7 2093.5 1487.1 2092.5 1484.7 c
2091.7 1482.7 2091 1478.2 2091 1474.8 c
2090.9 1471.3 2090.1 1464.1 2089.1 1458.8 c
2088.1 1453.4 2087.5 1447.9 2087.7 1446.6 c
2088.1 1444.6 2087.7 1444.1 2085.9 1443.8 c
2083.7 1443.5 2083.5 1442.9 2083 1436.5 c
2082.7 1432.7 2081.9 1428.6 2081.3 1427.5 c
2080.6 1426.4 2079.8 1423.4 2079.5 1420.8 c
2079.1 1417.9 2078.4 1416 2077.6 1416 c
2076.5 1416 2073.9 1408.2 2072.4 1400 c
2072.1 1398.6 2071.7 1396.5 2071.5 1395.4 c
2071.2 1394.2 2070.1 1393 2069 1392.7 c
2067.4 1392.3 2067 1391.4 2067 1388.3 c
2067 1386.2 2066.3 1383.2 2065.5 1381.7 c
2064.7 1380.2 2063.8 1377.4 2063.4 1375.5 c
2063 1373.4 2062.1 1372 2060.9 1371.7 c
2059.5 1371.3 2059 1370.3 2059 1367.7 c
2059 1365.8 2058.3 1363.7 2057.5 1363 c
2056.7 1362.3 2056 1360.4 2056 1358.9 c
2056 1356.7 2055.4 1355.7 2053.5 1355 c
2051.6 1354.3 2051 1353.3 2051 1351.1 c
2051 1349.6 2050.3 1347.7 2049.5 1347 c
2048.7 1346.3 2048 1344.4 2048 1342.9 c
2048 1340.7 2047.4 1339.7 2045.5 1339 c
2043.6 1338.3 2043 1337.3 2043 1335.1 c
2043 1333.6 2042.3 1331.7 2041.5 1331 c
2040.7 1330.3 2040 1328.4 2040 1326.9 c
2040 1324.7 2039.4 1323.7 2037.5 1323 c
2035.6 1322.3 2035 1321.3 2035 1319.1 c
2035 1317.5 2034.4 1316 2033.6 1315.7 c
2032.8 1315.4 2032 1313.6 2031.8 1311.8 c
2031.6 1309.3 2031 1308.4 2029.2 1308.2 c
2027.9 1308 2027 1307.2 2027 1306.1 c
2027 1305.1 2026.3 1303.7 2025.5 1303 c
2024.7 1302.3 2024 1300.9 2024 1299.8 c
2024 1298.8 2023.2 1297.6 2022.2 1297.3 c
2019.9 1296.4 2019 1295 2019 1292.2 c
2019 1291 2018.3 1289.7 2017.5 1289.4 c
2016.7 1289.1 2015.8 1287.3 2015.4 1285.5 c
2015 1283.2 2014.4 1282.3 2013.4 1282.7 c
2012.6 1283 2011.8 1282.2 2011.4 1280.6 c
2011.1 1279.2 2010.2 1278 2009.4 1278 c
2008.6 1278 2008 1277 2008 1275.4 c
2008 1273.6 2007.4 1272.6 2005.9 1272.3 c
2004.7 1271.9 2003.7 1270.6 2003.3 1268.9 c
2003 1267.3 2002.1 1266 2001.4 1266 c
2000.6 1266 2000 1265.1 2000 1264 c
2000 1262.5 1999.3 1262 1997.5 1262 c
1995.7 1262 1995 1261.5 1995 1260.1 c
1995 1257.5 1993.4 1256.6 1992.6 1258.6 c
1991.6 1261.1 1991.9 1262 1993.5 1262 c
1994.3 1262 1995.2 1263.2 1995.6 1264.8 c
1996.6 1269.4 1997 1270.1 1998 1269.5 c
1998.5 1269.2 1999.4 1270 1999.9 1271.3 c
2000.4 1272.6 2001.5 1274 2002.3 1274.3 c
2003.2 1274.6 2004 1275.9 2004.2 1277.2 c
2004.4 1278.5 2005.2 1279.5 2006 1279.5 c
2007 1279.5 2007.6 1280.7 2007.8 1282.8 c
2008 1284.6 2008.7 1286 2009.5 1286 c
2011 1286 2012 1288.2 2012 1291.6 c
2012 1293.3 2012.6 1294 2014 1294 c
2015.1 1294 2016 1294.7 2016 1295.5 c
2016 1296.4 2016.7 1297.3 2017.5 1297.6 c
2018.4 1298 2019 1298.7 2018.9 1299.4 c
2018.6 1301.9 2020.3 1305 2022 1305 c
2023.3 1305 2024 1306.1 2024.5 1308.7 c
2024.9 1310.8 2025.6 1312.8 2026.2 1313.1 c
2026.7 1313.5 2027.5 1315.3 2027.9 1317.1 c
2028.3 1319.1 2029.2 1320.5 2030 1320.5 c
2030.8 1320.5 2031.9 1322.1 2032.5 1324.2 c
2033 1326.2 2034.1 1328.5 2034.8 1329.2 c
2035.4 1329.8 2036 1331.9 2036 1333.7 c
2036 1336.4 2036.4 1337 2037.8 1336.8 c
2039.1 1336.6 2039.6 1337.3 2039.8 1340.2 c
2040 1342.2 2040.8 1344.4 2041.6 1345 c
2042.4 1345.7 2043 1347.4 2043 1348.9 c
2043 1352 2043.9 1353.4 2046.2 1354.3 c
2047.5 1354.7 2048 1356 2048 1358.6 c
2048 1360.7 2048.6 1363.1 2049.4 1363.9 c
2050.2 1364.8 2051.2 1368 2051.7 1371 c
2052.3 1374.8 2053 1376.5 2054 1376.5 c
2055 1376.5 2055.7 1378 2056 1381.2 c
2056.3 1383.9 2057.1 1386.5 2057.8 1387.2 c
2058.5 1387.9 2059 1389.8 2059 1391.5 c
2059 1394.9 2060.3 1397.5 2061.7 1396.7 c
2062.7 1396.1 2065.4 1412.5 2064.5 1413.9 c
2064.3 1414.4 2064.7 1415.3 2065.5 1416 c
2066.3 1416.7 2067 1418.9 2067 1420.9 c
2067 1426.1 2068 1429.2 2069.5 1428.6 c
2071.4 1427.9 2072 1430.2 2072 1437.5 c
2072 1441 2072.4 1444.1 2072.9 1444.4 c
2073.4 1444.7 2074.1 1448.5 2074.4 1452.7 c
2075.4 1464.8 2076.1 1468 2077.5 1468 c
2078.4 1468 2078.9 1471.9 2079.5 1483.2 c
2080.2 1499.3 2080.9 1501.3 2085.6 1502.2 c
2086.7 1502.4 2087.6 1503.5 2087.8 1504.8 c
2088 1506 2088.8 1507 2089.6 1507 c
2090.4 1507 2091.3 1507.7 2091.6 1508.5 c
2093 1512.1 2094 1508.1 2094 1498.6 c
h
467.6 1502.5 m
468.7 1499.2 469 1483.9 469 1414.2 c
468.9 1367.8 469.2 1329.5 469.5 1328.9 c
469.9 1328.4 470.9 1328.1 471.8 1328.2 c
473 1328.4 473.4 1327.6 473.6 1325.3 c
473.8 1321.5 472.1 1319.7 468.8 1320.2 c
467.3 1320.4 466.5 1320 466.5 1319 c
466.5 1316.8 472.8 1316.3 473.6 1318.4 c
474.5 1320.7 477 1320.4 477 1318 c
477 1315.8 479.8 1315.2 481.7 1317.1 c
483.5 1318.9 486.2 1315.4 484.8 1313 c
483.3 1310.7 485.1 1306 487.5 1306 c
488.7 1306 489 1304.5 489 1298 c
489 1291.7 488.7 1290 487.5 1290 c
486.7 1290 485.8 1288.5 485.4 1286.2 c
485 1284.2 483.9 1281.4 482.9 1280.1 c
481.8 1278.8 481 1276.9 481 1275.9 c
481 1274.5 480.3 1274 478 1274 c
475.7 1274 475 1274.5 475 1275.9 c
475 1277 474.1 1278.2 472.9 1278.5 c
469.6 1279.6 467.2 1282.6 466.4 1286.4 c
466 1289 465.2 1290 464 1290 c
462.6 1290 462 1291.1 461.5 1294.2 c
460.2 1301.6 460.1 1302.2 459 1303.5 c
458.2 1304.4 458 1308.4 458.3 1315.2 c
458.6 1320.9 458.8 1326 458.8 1326.5 c
458.4 1331.5 458.1 1505.8 458.4 1506.6 c
458.7 1507.3 460.2 1507.5 462.5 1507.1 c
465.7 1506.6 466.4 1506 467.6 1502.5 c
h
620 1504.9 m
620 1503.7 619.2 1502.6 618.1 1502.3 c
616.8 1502 615.9 1500.6 615.5 1497.9 c
615.1 1495.7 614.3 1494 613.5 1494 c
612.8 1494 611.9 1493.3 611.6 1492.4 c
611.3 1491.6 610.5 1491.2 610 1491.5 c
609.4 1491.9 606.7 1491.9 604 1491.5 c
600 1490.9 599 1490.4 599 1488.9 c
599 1487.4 598.3 1487 595.8 1487 c
594 1487 591.2 1486.3 589.6 1485.5 c
586.3 1483.8 576 1483.4 576 1485.1 c
576 1485.7 576.9 1486.4 578 1486.7 c
579.4 1487.1 580 1488.1 580 1490.1 c
580 1492.3 580.6 1493.3 582.5 1494 c
583.9 1494.5 585 1495.7 585.1 1496.7 c
585.1 1498.3 585.2 1498.3 585.9 1496.6 c
586.6 1494.7 586.7 1494.7 587.2 1496.8 c
587.7 1498.6 588.5 1499 591.7 1499 c
593.8 1499 596.4 1499.6 597.5 1500.4 c
599.2 1501.6 601.3 1502 609.9 1503.2 c
610.7 1503.3 611.5 1504.2 611.8 1505.2 c
612.1 1506.5 613.2 1507 616.1 1507 c
619.4 1507 620 1506.7 620 1504.9 c
h
489.9 1415.1 m
490 1366.2 489.7 1325.5 489.4 1324.6 c
489.1 1323.7 488 1323 487 1323 c
486 1323 485 1322.3 484.6 1321.5 c
483.8 1319.3 482.2 1319.7 481.8 1322.2 c
481.6 1323.5 480.9 1324.6 480.2 1324.6 c
479.6 1324.7 478.6 1324.8 478 1324.9 c
477.4 1324.9 477 1326.7 477 1328.8 c
477 1330.8 476.4 1333.7 475.6 1335.1 c
474.5 1337.3 474.2 1352.7 474.1 1419.9 c
473.9 1502 l 478.2 1502 l
480.6 1502 483.2 1502.5 484 1503 c
484.8 1503.5 486.5 1504 487.6 1504 c
489.7 1504 l 489.9 1415.1 l
h
1273.5 1492.9 m
1274 1492.4 1275.2 1492 1276.2 1492 c
1277.2 1492 1278.7 1490.9 1279.6 1489.5 c
1280.5 1488.1 1282 1487 1282.9 1487 c
1283.8 1487 1285.8 1486.1 1287.5 1485 c
1289.2 1483.9 1291.3 1483 1292.2 1483 c
1293.3 1483 1294 1482.2 1294 1481.1 c
1294 1479.6 1295.5 1478.7 1300.2 1477.1 c
1303.6 1475.9 1307.2 1475 1308.2 1475 c
1309.3 1475 1310 1474.3 1310 1473 c
1310 1471.6 1310.9 1470.9 1313.8 1470.4 c
1320.5 1469.1 1322 1467.5 1322 1461.4 c
1322 1456 1323.5 1453.1 1324.2 1457.2 c
1324.4 1458.5 1324.9 1452.8 1325.3 1444.5 c
1325.8 1436.2 1326.5 1428.7 1327.1 1427.7 c
1327.9 1426.3 1329.6 1412.1 1330 1404.8 c
1330 1404.3 1330.6 1404 1331.4 1404 c
1333.4 1404 1334 1401.7 1334 1394.5 c
1334 1391 1334.4 1388 1335 1387.8 c
1335.5 1387.7 1336.1 1386 1336.3 1384.2 c
1336.5 1382.5 1337 1380.7 1337.3 1380.3 c
1337.7 1380 1338 1377.7 1338 1375.3 c
1338 1372.3 1338.4 1371 1339.4 1371 c
1341.2 1371 1342 1368.8 1342 1364.2 c
1342 1362.2 1342.7 1359.2 1343.5 1357.6 c
1344.3 1356.1 1345 1353.6 1345 1352.1 c
1345 1348.8 1346.4 1346.5 1347.9 1347.4 c
1348.9 1348.1 1349.3 1346.9 1350.4 1340.5 c
1351.7 1332.4 1354.6 1324.1 1356.2 1323.6 c
1357.5 1323.3 1358 1322.2 1358 1319.8 c
1358 1318 1358.7 1315.6 1359.5 1314.6 c
1360.3 1313.5 1361 1311.3 1361 1309.8 c
1361 1308 1361.6 1306.7 1362.8 1306.3 c
1365.1 1305.4 1366 1304 1366 1300.9 c
1366 1299.4 1366.7 1297.7 1367.5 1297 c
1368.3 1296.3 1369 1294.4 1369 1292.8 c
1369 1291.2 1369.6 1289.7 1370.5 1289.4 c
1371.4 1289 1372 1287.5 1372 1285.4 c
1372 1283 1372.5 1281.7 1373.8 1281.3 c
1376 1280.5 1377 1279 1377 1276.6 c
1377 1275.6 1377.8 1274.2 1378.7 1273.5 c
1379.6 1272.8 1380.3 1270.9 1380.3 1269.1 c
1380.3 1266.9 1380.8 1266 1382 1266 c
1383.7 1266 1386 1262.2 1386 1259.5 c
1386 1258.7 1386.5 1258 1387 1258 c
1387.5 1258 1388 1257.1 1388 1256 c
1388 1254.7 1388.7 1254 1389.9 1254 c
1391.2 1254 1391.9 1253 1392.4 1250.8 c
1392.7 1249.1 1393.7 1246.9 1394.4 1246.1 c
1395.9 1244.5 1396 1244.1 1396 1241.5 c
1396 1240.6 1397.1 1239.5 1398.5 1239 c
1400 1238.4 1401 1237.3 1401 1236.1 c
1401 1235.1 1401.7 1234 1402.5 1233.6 c
1403.3 1233.3 1404 1232.4 1404 1231.5 c
1404 1230.6 1405 1229.5 1406.2 1229 c
1408 1228.3 1408.1 1228.1 1406.8 1228.1 c
1405.8 1228 1405 1227.5 1405 1226.9 c
1405 1226.4 1405.4 1226.1 1405.8 1226.4 c
1406.9 1227.1 1412 1221.5 1412 1219.6 c
1412 1218.7 1412.8 1218 1414 1218 c
1415.1 1218 1416 1217.3 1416 1216.5 c
1416 1215.6 1416.6 1214.7 1417.4 1214.4 c
1418.2 1214.1 1419 1212.5 1419.4 1210.9 c
1419.8 1209 1420.8 1207.6 1422.5 1207 c
1424 1206.4 1425 1205.3 1425 1204.1 c
1425 1203.1 1425.7 1202 1426.5 1201.6 c
1427.3 1201.3 1428 1200.4 1428 1199.5 c
1428 1198.7 1428.7 1198 1429.5 1198 c
1431.4 1198 1434.6 1194.8 1435.5 1192.1 c
1435.8 1190.9 1436.8 1190 1437.6 1190 c
1439.4 1190 1443 1186.4 1443 1184.6 c
1443 1183.3 1444.7 1181.6 1446 1181.5 c
1447.4 1181.4 1451.1 1178 1450.6 1177.2 c
1450 1176.2 1452.7 1173.3 1454.5 1173 c
1456.5 1172.6 1458.7 1170.4 1459.4 1168.2 c
1459.8 1167 1460.8 1166 1461.6 1166 c
1463.4 1166 1466.4 1163.2 1467.3 1160.8 c
1467.7 1159.8 1468.9 1159 1470 1159 c
1471.1 1159 1472 1158.4 1472 1157.6 c
1472 1156.9 1472.9 1156 1474 1155.7 c
1475.2 1155.4 1476 1154.3 1476 1153.2 c
1476 1151.2 1477.8 1150 1480.6 1150 c
1482.5 1150 1486 1146.4 1486 1144.5 c
1486 1143.6 1486.9 1143 1488.5 1143 c
1490.1 1143 1491 1142.4 1491 1141.5 c
1491 1139.4 1488.3 1139.6 1485.3 1142 c
1483.9 1143.1 1481.9 1144 1481 1144 c
1480 1144 1479 1144.9 1478.7 1146 c
1478.4 1147.3 1477.3 1148 1475.7 1148 c
1474.3 1148 1473 1148.7 1472.6 1149.5 c
1472.3 1150.3 1471.2 1151 1470.1 1151 c
1468.9 1151 1467.3 1152.1 1466.4 1153.5 c
1465.5 1154.9 1463.9 1156 1462.9 1156 c
1460.9 1156 1456 1160.1 1456 1161.8 c
1456 1162.3 1454.5 1163.1 1452.6 1163.4 c
1450.7 1163.8 1448.9 1164.7 1448.6 1165.5 c
1448.3 1166.3 1447.1 1167 1446 1167 c
1444.7 1167 1443.6 1168 1443 1169.5 c
1442.3 1171.4 1441.3 1172 1439 1172 c
1437 1172 1436 1172.5 1436 1173.5 c
1436 1174.3 1435.4 1175 1434.6 1175 c
1433.8 1175 1433 1176 1432.8 1177.2 c
1432.6 1178.5 1431.8 1179.5 1431 1179.5 c
1430.1 1179.5 1428.1 1180.5 1426.6 1181.8 c
1425 1183 1423.1 1184 1422.4 1184 c
1421.6 1184 1421 1184.5 1421 1185.1 c
1421 1186.7 1416.5 1190.8 1414.3 1191.2 c
1413.3 1191.4 1412.4 1192.4 1412.2 1193.4 c
1411.8 1195.4 1408.2 1198.9 1406.5 1199 c
1405.2 1199 1401.5 1203 1400.7 1205.2 c
1400.4 1206.2 1399.5 1207 1398.8 1207 c
1397.3 1207 1393.5 1210.9 1393.5 1212.5 c
1393.5 1213 1392.6 1213.9 1391.4 1214.5 c
1388.4 1216 1385.5 1219.1 1385.5 1220.9 c
1385.5 1221.8 1384.6 1222.6 1383.5 1222.9 c
1381.3 1223.3 1379.7 1225.1 1377.5 1229.5 c
1376.7 1231.2 1375 1233 1373.7 1233.6 c
1372.5 1234.1 1371.6 1235 1371.7 1235.6 c
1371.8 1236.2 1370.6 1238.1 1368.9 1239.9 c
1367.3 1241.7 1366 1243.8 1366 1244.7 c
1366 1245.5 1365.2 1246.4 1364.1 1246.7 c
1363.1 1246.9 1361.7 1248.4 1361 1249.8 c
1358.1 1256.1 1357 1257.5 1355.1 1257.8 c
1353.9 1258 1353 1258.9 1353 1259.9 c
1353 1260.9 1352.3 1262.3 1351.5 1263 c
1350.7 1263.7 1350 1265.5 1350 1267.1 c
1350 1269.1 1349.5 1270 1348.4 1270 c
1346.3 1270 1342 1274.6 1342 1276.8 c
1342 1278.5 1340 1282.3 1340 1280.6 c
1340 1278.9 1337 1282.3 1337 1284 c
1337 1285 1336.3 1286 1335.6 1286.3 c
1334.8 1286.6 1333.8 1288.5 1333.5 1290.4 c
1333.1 1292.3 1332.3 1293.8 1331.8 1293.7 c
1331.3 1293.6 1330.3 1294.4 1329.7 1295.5 c
1329 1296.6 1328.2 1297.7 1327.9 1298 c
1327.6 1298.3 1326.9 1300.1 1326.4 1302 c
1325.9 1303.9 1324.9 1305.5 1324.2 1305.5 c
1322.5 1305.5 1321 1308 1321 1310.6 c
1321 1311.8 1320.4 1313 1319.6 1313.3 c
1318.8 1313.6 1317.9 1315.3 1317.5 1317.1 c
1317.1 1319 1316.5 1319.8 1316.1 1319.1 c
1315.3 1317.9 1310.3 1329.7 1309.8 1334 c
1309.6 1335.4 1308.9 1336.5 1308 1336.5 c
1307.1 1336.5 1306.1 1338 1305.5 1340.5 c
1305 1342.7 1304 1345.1 1303.3 1345.8 c
1302.6 1346.5 1302 1348.5 1302 1350.1 c
1302 1352.3 1301.5 1353 1300.1 1353 c
1298.7 1353 1298.2 1354 1297.7 1357.5 c
1297.5 1360 1296.5 1362.9 1295.7 1363.8 c
1294.8 1364.7 1294 1367.1 1293.8 1369 c
1293.6 1370.9 1293 1372.4 1292.4 1372.3 c
1291.3 1372.1 1289 1379 1289 1382.5 c
1289 1383.4 1288.3 1384.8 1287.5 1385.6 c
1286.6 1386.5 1286 1389 1286 1391.6 c
1286 1395.2 1285.7 1396 1284.1 1396 c
1282.5 1396 1282.2 1397 1281.8 1403.1 c
1281.5 1408.3 1281 1410.6 1279.7 1411.5 c
1278.4 1412.4 1278 1414.2 1278 1418.4 c
1278 1423.3 1277.7 1424 1276.2 1423.8 c
1274.7 1423.5 1274.4 1424.6 1274 1431.3 c
1273.7 1435.6 1273 1439.4 1272.4 1439.8 c
1271.8 1440.2 1270.8 1446.3 1270.1 1453.5 c
1266.4 1494.2 1266.4 1495.6 1270.3 1494.4 c
1271.5 1494.1 1272.9 1493.4 1273.5 1492.9 c
h
576 1493 m
576 1492.5 575.1 1492 574 1492 c
572.9 1492 572 1492.5 572 1493 c
572 1493.5 572.9 1494 574 1494 c
575.1 1494 576 1493.5 576 1493 c
h
2072.7 1493 m
2073.9 1493 2074.1 1492.2 2073.5 1489.2 c
2073.2 1487.2 2072.5 1479.9 2072 1473 c
2071.6 1466.1 2071.2 1460 2071.1 1459.3 c
2071 1458.6 2070.4 1458.3 2069.6 1458.6 c
2068.1 1459.2 2067 1455.1 2067 1448.4 c
2067 1446.1 2066.6 1443.9 2066.1 1443.6 c
2065.1 1442.9 2064.5 1439.3 2063.5 1428.8 c
2063 1423.7 2062.5 1422.2 2061.5 1422.6 c
2060.5 1423 2059.9 1422 2059.5 1419.3 c
2059.2 1417.2 2058.3 1412.1 2057.5 1408 c
2056.7 1403.9 2055.8 1398.9 2055.5 1396.9 c
2055.1 1394.2 2054.5 1393.3 2053.2 1393.4 c
2051.9 1393.5 2051.4 1392.6 2051.2 1389.5 c
2051 1387.3 2050.5 1385.1 2050 1384.5 c
2049.6 1384 2048.9 1381.7 2048.5 1379.5 c
2047.3 1372 2047 1371 2045.5 1371 c
2044.7 1371 2043.8 1369.8 2043.5 1368.2 c
2043.1 1366.7 2042.2 1363 2041.4 1359.9 c
2040.6 1356.9 2040 1353.1 2040 1351.7 c
2040 1349.7 2039.3 1348.7 2037.5 1348 c
2035.6 1347.3 2035 1346.3 2035 1344 c
2035 1342.2 2034.4 1340.7 2033.5 1340.4 c
2032.5 1340 2032 1338.4 2032 1335.9 c
2032 1332.7 2031.6 1332 2030.1 1332 c
2028.1 1332 2027 1330.1 2027 1326.5 c
2027 1325.3 2026.4 1324 2025.6 1323.7 c
2024.8 1323.4 2024 1321.6 2023.8 1319.8 c
2023.6 1317.4 2023 1316.5 2021.8 1316.6 c
2020.6 1316.7 2019.9 1315.8 2019.4 1313.4 c
2019.1 1311.6 2018.2 1309.6 2017.4 1308.9 c
2016.6 1308.3 2016 1306.9 2016 1305.9 c
2016 1304.7 2015 1303.6 2013.5 1303 c
2011.9 1302.4 2011 1301.3 2011 1300 c
2011 1298.8 2010.3 1297.2 2009.5 1296.4 c
2008.7 1295.5 2008 1293.8 2008 1292.4 c
2008 1290.8 2007.4 1290 2006.2 1290 c
2004.6 1290 2002 1286 2002 1283.3 c
2002 1282.6 2001.5 1282 2001 1282 c
2000.5 1282 2000 1281.1 2000 1280.1 c
2000 1278.9 1999.2 1278 1997.9 1277.8 c
1996.3 1277.6 1995.6 1276.7 1995.4 1274.7 c
1995.3 1273.1 1994.5 1271.3 1993.6 1270.7 c
1992.8 1270 1992 1268.6 1991.8 1267.5 c
1991.6 1266.3 1990.8 1265.6 1989.8 1265.8 c
1988.9 1265.9 1987.9 1265.2 1987.5 1264 c
1987.2 1262.9 1986.5 1262 1986 1262 c
1985.6 1262 1984.9 1260.5 1984.6 1258.6 c
1984.2 1256.7 1983.3 1254.9 1982.5 1254.6 c
1981.7 1254.3 1981 1253.1 1981 1252 c
1981 1250.7 1980.3 1250 1979.1 1250 c
1978 1250 1976.8 1249.1 1976.5 1248 c
1976.2 1246.9 1975.5 1246 1975.1 1246 c
1974.6 1246 1974 1244.6 1973.6 1243 c
1973.2 1241 1972.2 1239.6 1970.5 1239 c
1969.1 1238.5 1968 1237.4 1968 1236.6 c
1968 1234.8 1964.2 1230.6 1961.8 1229.7 c
1960.8 1229.4 1960 1228.5 1960 1227.8 c
1959.9 1225.8 1956.4 1222 1954.6 1222 c
1953.7 1222 1953 1221.2 1953 1220.2 c
1953 1219.2 1951.9 1217.3 1950.5 1216 c
1949.1 1214.7 1948.2 1213 1948.4 1212.3 c
1948.7 1211.6 1948.3 1211 1947.5 1211 c
1945.7 1211 1942.1 1207.3 1940.9 1204.2 c
1940.4 1203 1939.3 1202 1938.4 1202 c
1937.5 1202 1935.9 1200.9 1934.9 1199.6 c
1933.9 1198.3 1931.9 1196.9 1930.5 1196.6 c
1929.1 1196.2 1927.5 1194.9 1927 1193.6 c
1926.6 1192.3 1924.4 1190.4 1922.3 1189.3 c
1920.2 1188.2 1918.4 1186.5 1918.2 1185.3 c
1918 1184.1 1916.4 1182.7 1914 1181.6 c
1911.3 1180.4 1910 1179.2 1910 1177.9 c
1910 1176.8 1909.2 1175.7 1908.2 1175.4 c
1907.3 1175.1 1905.8 1174.4 1905 1173.9 c
1904.2 1173.4 1902.3 1172.4 1900.8 1171.7 c
1899.2 1171.1 1898 1170 1898 1169.3 c
1898 1168.7 1897.1 1167.9 1896.1 1167.5 c
1895 1167.2 1893.9 1166.3 1893.6 1165.5 c
1893.3 1164.7 1891.9 1164 1890.5 1164 c
1888.8 1164 1888 1163.5 1888 1162.2 c
1888 1160 1882.9 1156 1880 1156 c
1878.7 1156 1878 1155.3 1878 1154 c
1878 1152.2 1876.2 1150.9 1872 1149.5 c
1868.2 1148.2 1866 1146.8 1866 1145.5 c
1866 1144.7 1865.1 1144 1864 1144 c
1862.9 1144 1861.1 1143.1 1860.1 1142.1 c
1859 1141 1856.6 1140 1854.8 1139.8 c
1853 1139.6 1851.6 1139 1851.7 1138.5 c
1851.9 1136.9 1849.9 1135 1847.8 1135 c
1846.7 1135 1845.2 1134.3 1844.4 1133.5 c
1843.5 1132.7 1841.8 1132 1840.4 1132 c
1838.7 1132 1838 1131.5 1838 1130 c
1838 1128.3 1837.3 1128 1833.9 1128 c
1830.7 1128 1829.9 1128.3 1830.2 1129.7 c
1830.4 1130.6 1831.4 1131.4 1832.4 1131.6 c
1833.5 1131.7 1834.7 1132.5 1835.2 1133.4 c
1835.6 1134.2 1837.4 1135.1 1839 1135.5 c
1840.7 1135.9 1842 1136.8 1842 1137.6 c
1842 1138.4 1842.7 1139 1843.5 1139 c
1844.3 1139 1845.4 1139.9 1846 1141 c
1846.6 1142.1 1847.9 1143 1849 1143 c
1850.2 1143 1851 1143.8 1851.2 1145.2 c
1851.4 1146.7 1853.2 1148.2 1856.8 1150 c
1859.7 1151.4 1861.8 1152.9 1861.4 1153.3 c
1860.5 1154.2 1863 1157.1 1864 1156.5 c
1865.2 1155.7 1870 1160.4 1870 1162.4 c
1870 1163.3 1870.7 1164 1871.4 1164 c
1873.5 1164 1878 1168.4 1878 1170.4 c
1878 1171.3 1878.8 1172 1879.8 1172 c
1881.5 1172 1886 1176.1 1886 1177.6 c
1886 1178.9 1890.3 1183 1891.7 1183 c
1892.4 1183 1893 1183.7 1893 1184.6 c
1893 1185.5 1894.1 1187.5 1895.5 1189.2 c
1896.9 1190.8 1898 1192.8 1898 1193.6 c
1898 1194.4 1898.6 1195 1899.3 1195 c
1900.1 1195 1902 1196.6 1903.6 1198.5 c
1905.2 1200.4 1906.9 1202 1907.5 1202 c
1908.6 1202.1 1913 1210.7 1913 1212.8 c
1913 1213.4 1913.9 1214 1915.1 1214 c
1916.3 1214 1917.4 1214.8 1917.7 1216 c
1918 1217.1 1918.6 1218 1919 1218 c
1919.4 1218 1920 1219.2 1920.3 1220.8 c
1920.6 1222.3 1921.8 1223.9 1923.2 1224.5 c
1924.5 1225 1925.6 1226.5 1925.8 1227.8 c
1926 1229 1926.5 1230 1927 1230 c
1927.5 1230 1928.2 1230.9 1928.5 1232 c
1928.8 1233.1 1930 1234 1931.1 1234 c
1932.2 1234 1933 1234.7 1933 1235.8 c
1933 1236.7 1933.6 1238.7 1934.4 1240.2 c
1935.2 1241.7 1936.1 1244.2 1936.5 1245.9 c
1937 1248.1 1937.7 1249 1939.1 1249 c
1940.4 1249 1941 1249.7 1941 1251.1 c
1941 1252.2 1941.9 1254.3 1943 1255.7 c
1944.1 1257.1 1945 1259.3 1945 1260.6 c
1945 1262.3 1945.6 1263 1946.9 1263 c
1948.3 1263 1949 1263.9 1949.5 1266.1 c
1949.9 1267.8 1950.8 1270.3 1951.6 1271.8 c
1952.4 1273.3 1953 1275.2 1953 1276.1 c
1953 1277 1953.9 1278 1955 1278.3 c
1956.1 1278.6 1957.2 1280 1957.5 1281.6 c
1957.9 1283.2 1958.8 1285.9 1959.6 1287.7 c
1960.4 1289.4 1961 1291.7 1961 1292.9 c
1961 1294.3 1961.6 1295 1962.9 1295 c
1964.4 1295 1964.8 1296 1965.3 1299.6 c
1965.5 1302.2 1966.3 1304.6 1967 1305 c
1967.6 1305.4 1968.4 1307.6 1968.7 1309.9 c
1969.1 1312.9 1969.7 1314 1971 1314 c
1972.6 1314 1973 1315 1976.1 1327.6 c
1976.7 1330.3 1977.8 1332 1978.9 1332.3 c
1980.4 1332.6 1980.9 1334.2 1981.5 1338.9 c
1981.9 1342.2 1982.6 1345.3 1983.1 1345.6 c
1983.6 1345.9 1984 1348.1 1984 1350.6 c
1984 1353.5 1984.5 1355.3 1985.4 1355.6 c
1986.3 1355.9 1987 1358.6 1987.4 1363.1 c
1988 1368.8 1988.4 1370 1989.9 1370 c
1991.5 1370 1991.8 1371.1 1992.2 1378.6 c
1992.4 1383.3 1993.1 1387.5 1993.7 1387.8 c
1994.2 1388.2 1994.8 1389.2 1994.8 1390 c
1994.9 1390.8 1995.3 1394.3 1995.6 1397.8 c
1996.1 1402.8 1996.6 1404 1998 1404 c
1999.5 1404 1999.8 1405.5 2000.4 1415.7 c
2000.8 1422.2 2001.6 1428 2002.1 1428.6 c
2003.5 1430.3 2003.9 1433.7 2003.9 1447.3 c
2004 1457.5 2004.2 1459.1 2005.8 1459.7 c
2006.7 1460.1 2008.1 1461 2008.8 1461.7 c
2009.5 1462.4 2011.4 1463 2013 1463 c
2015.2 1463 2015.9 1463.5 2016.2 1465.2 c
2016.4 1466.9 2017.3 1467.4 2020.2 1467.5 c
2022.2 1467.7 2024.9 1468.5 2026.2 1469.4 c
2027.4 1470.3 2029.5 1471 2030.7 1471 c
2032.3 1471 2033 1471.6 2033 1473 c
2033 1474.1 2033.6 1475.1 2034.2 1475.1 c
2038.4 1475.6 2039.8 1475.9 2042.5 1477.4 c
2044.2 1478.3 2046.3 1479 2047.3 1479 c
2048.4 1479 2049.4 1479.9 2049.7 1480.9 c
2050.2 1482.9 2052.6 1484.4 2054 1483.5 c
2054.4 1483.2 2055.3 1483.7 2056 1484.5 c
2056.7 1485.3 2058.7 1486.2 2060.6 1486.6 c
2063 1487 2064 1487.8 2064 1489.1 c
2064 1490.2 2064.7 1491 2065.5 1491 c
2066.4 1491 2067.3 1491.7 2067.7 1492.6 c
2068 1493.4 2068.9 1493.9 2069.7 1493.6 c
2070.5 1493.3 2071.9 1493 2072.7 1493 c
h
611.8 1326.7 m
612 1167 l 608.6 1167 l
606.8 1167 604.7 1166.3 604 1165.5 c
603.4 1164.7 602.5 1164.1 602.2 1164.2 c
601.8 1164.3 599.4 1164.1 596.9 1163.7 c
593.4 1163.1 592.3 1162.5 592.4 1161.2 c
592.5 1160 591.6 1159.4 589 1159.2 c
587.1 1159 584.7 1158.2 583.8 1157.3 c
582.9 1156.5 581.6 1156.1 581.1 1156.5 c
579.4 1157.5 579.6 1476.9 581.2 1477.5 c
581.9 1477.7 584.6 1478.1 587.1 1478.5 c
590.5 1478.9 591.9 1479.6 592.3 1480.9 c
592.6 1482.1 594 1482.9 596.1 1483.3 c
599.7 1483.9 601.6 1484.3 604 1485.3 c
606.3 1486.2 609.4 1486.8 610.5 1486.5 c
611.2 1486.4 611.6 1432.1 611.8 1326.7 c
h
545.2 1482.4 m
545.6 1482.1 546 1481.3 546 1480.6 c
546 1479.7 548.2 1479 552.8 1478.6 c
556.5 1478.2 560.4 1477.8 561.5 1477.6 c
563.5 1477.3 563.5 1476.5 563.8 1317.1 c
564 1169.7 563.9 1156.9 562.4 1156.3 c
561.5 1156 559.3 1156.4 557.6 1157.3 c
555.9 1158.1 551.9 1159.1 548.6 1159.4 c
542.4 1159.9 540.8 1160.6 542.9 1161.9 c
544.5 1162.9 538.6 1164 531.2 1164 c
526.6 1164 525.9 1164.3 525.2 1166.2 c
524.8 1167.5 524.6 1239.5 524.8 1326.3 c
525.1 1484.2 l 534.7 1483.5 l
540 1483.2 544.7 1482.7 545.2 1482.4 c
h
2178 1480.2 m
2178 1475.9 2177.4 1474.9 2175.4 1475.7 c
2174 1476.2 2173.4 1482.1 2174.7 1483.3 c
2176.5 1485.2 2178 1483.8 2178 1480.2 c
h
571.8 1476.2 m
572.2 1475.3 572.6 1403 572.5 1315.5 c
572.5 1156.5 l 570.2 1156.2 l
568 1155.9 l 568 1316.3 l
568 1404.5 568.3 1477 568.7 1477.3 c
569.8 1478.5 570.9 1478.1 571.8 1476.2 c
h
1335.6 1461.5 m
1336.6 1460.7 1338.7 1460 1340.2 1460 c
1343.9 1460 1346 1459 1346 1457.4 c
1346 1456.7 1347.5 1455.9 1349.5 1455.5 c
1351.4 1455.2 1354.7 1454.7 1356.8 1454.4 c
1358.8 1454.1 1361 1453.4 1361.6 1452.9 c
1362.3 1452.4 1365 1451.7 1367.8 1451.3 c
1371.1 1450.9 1372.7 1450.3 1372.4 1449.6 c
1371.9 1448.3 1379.9 1446 1384.5 1446 c
1385.8 1446 1387.1 1445.6 1387.4 1445.1 c
1387.7 1444.7 1391.1 1444 1394.9 1443.6 c
1400.4 1443 1401.8 1442.6 1401.3 1441.4 c
1400.9 1440.4 1401.6 1440 1403.8 1440 c
1405.5 1440 1408 1439.6 1409.4 1439 c
1411.9 1438.1 1411.9 1437.8 1412.2 1427.8 c
1412.4 1419.4 1412.8 1417.5 1414 1417.5 c
1415.9 1417.5 1416.8 1411.3 1416.9 1397.7 c
1417 1391.8 1417.5 1387 1418.2 1385.7 c
1419 1384.4 1419.7 1378.1 1420 1370 c
1420.4 1358.9 1420.8 1356.5 1422 1356.5 c
1423 1356.5 1423.7 1355 1424.1 1351.5 c
1424.5 1348.8 1425.4 1344.5 1426 1342 c
1426.7 1339.5 1427.5 1334.6 1427.7 1331.1 c
1428.1 1326.1 1428.6 1324.7 1430 1324.3 c
1431.8 1323.8 1433 1320.2 1433 1315.1 c
1433 1313.7 1433.7 1311.2 1434.5 1309.6 c
1435.3 1308.1 1436 1305.7 1436 1304.4 c
1436 1302.7 1436.6 1302 1437.9 1302 c
1439.5 1302 1439.8 1301 1440.2 1294.9 c
1440.5 1290.6 1441.3 1287.5 1442 1287 c
1442.8 1286.5 1443.6 1284.2 1443.9 1281.8 c
1444.3 1278.9 1445 1277.5 1446 1277.5 c
1446.8 1277.5 1447.5 1277 1447.6 1276.5 c
1447.8 1273 1449.4 1266.4 1450.2 1265.9 c
1450.7 1265.6 1451.4 1263.4 1451.7 1261.1 c
1452.1 1258 1452.7 1257 1454.1 1257 c
1455.5 1257 1456 1256.3 1456 1253.9 c
1456 1252.2 1456.6 1249.9 1457.2 1248.7 c
1457.9 1247.5 1458.9 1244.7 1459.5 1242.5 c
1460.2 1239.5 1461 1238.6 1462.3 1238.8 c
1463.6 1239 1464 1238.4 1464 1236.3 c
1464 1234.7 1464.6 1232.6 1465.4 1231.5 c
1466.1 1230.4 1467.1 1228.1 1467.4 1226.4 c
1467.8 1224.4 1468.9 1223 1470.1 1222.7 c
1471.4 1222.4 1472 1221.3 1472 1219.6 c
1472 1218.2 1472.9 1216.2 1474 1215.3 c
1475.1 1214.3 1476 1213 1476 1212.4 c
1476 1211.8 1476.7 1209.9 1477.5 1208.4 c
1478.3 1206.8 1479 1204.7 1479 1203.8 c
1479 1202.7 1479.8 1202 1481 1202 c
1482.1 1202 1483 1201.4 1483 1200.6 c
1483 1199.9 1483.9 1198.1 1485 1196.7 c
1486.1 1195.3 1487 1193.4 1487 1192.5 c
1487 1191.6 1487.9 1190.6 1489 1190.3 c
1490.3 1190 1491.2 1188.6 1491.6 1186.4 c
1491.9 1184.5 1492.6 1183 1493 1183 c
1493.5 1183 1494.2 1182.1 1494.5 1181 c
1494.8 1179.9 1496 1179 1497.1 1179 c
1498.3 1179 1499 1178.3 1499 1177.2 c
1499 1176.1 1499.9 1174.3 1501 1173 c
1502.1 1171.7 1503 1170.1 1503 1169.3 c
1503 1168.6 1503.8 1167.6 1504.7 1167.3 c
1507.4 1166.3 1510 1163.2 1510 1161 c
1510 1159.8 1510.7 1159 1511.6 1159 c
1513.6 1159 1518 1154.5 1518 1152.4 c
1518 1151.6 1519 1150.5 1520.2 1150 c
1523.8 1148.5 1526 1146.4 1526 1144.6 c
1526 1143.7 1526.8 1142.6 1527.8 1142.3 c
1529.9 1141.5 1534.1 1138.3 1534.1 1137.6 c
1533.9 1135.6 1534.2 1135 1535.3 1135 c
1537.4 1135 1542 1130.7 1542 1128.7 c
1542 1127.7 1542.8 1127 1544 1127 c
1545.1 1127 1546.3 1126.3 1546.6 1125.5 c
1547 1124.7 1547.8 1124 1548.5 1124 c
1549.3 1124 1550 1123 1550.2 1121.8 c
1550.4 1120.5 1551.3 1119.6 1552.6 1119.5 c
1553.7 1119.4 1555.6 1118.4 1556.9 1117.1 c
1558.1 1115.9 1559.5 1115.2 1560 1115.5 c
1560.6 1115.9 1561.4 1115 1562 1113.6 c
1562.5 1112.2 1563.6 1111 1564.5 1111 c
1565.3 1111 1566 1110.3 1566 1109.5 c
1566 1108.4 1564.8 1108 1561.5 1108 c
1558.4 1108 1556.8 1108.5 1556.4 1109.5 c
1556 1110.3 1554.7 1111 1553.5 1111 c
1549.9 1111 1548 1112.1 1548 1114.1 c
1548 1115.6 1547.3 1116 1544.2 1116 c
1542.1 1116 1539.8 1116.6 1539.2 1117.2 c
1538.5 1117.9 1536.2 1119 1534.2 1119.5 c
1532.1 1120.1 1530.5 1121.2 1530.5 1122 c
1530.5 1122.9 1529.3 1123.6 1527.5 1123.8 c
1525.8 1124 1524 1124.7 1523.5 1125.4 c
1522.9 1126.1 1521 1127.1 1519.2 1127.4 c
1517 1127.9 1516 1128.7 1516 1130.1 c
1516 1131.4 1515.3 1132 1513.7 1132 c
1512.4 1132 1510.5 1132.9 1509.5 1134 c
1508.5 1135.1 1506.6 1136 1505.3 1136 c
1503.7 1136 1503 1136.6 1503 1138 c
1503 1139.1 1502.3 1140 1501.5 1140 c
1500.6 1140 1499.7 1140.7 1499.4 1141.5 c
1499 1142.3 1497.7 1143 1496.4 1143 c
1494.7 1143 1493.7 1143.8 1493 1145.5 c
1492.4 1147 1491.3 1148 1490 1148 c
1488.9 1148 1487.7 1148.7 1487.4 1149.5 c
1487 1150.3 1486.2 1151 1485.5 1151 c
1484.7 1151 1484 1152 1483.8 1153.2 c
1483.6 1154.4 1482.6 1155.7 1481.5 1156 c
1478.9 1156.7 1475 1160.1 1475 1161.7 c
1475 1162.8 1471.5 1165.4 1469.8 1165.5 c
1468.7 1165.5 1466.9 1167.6 1465.6 1170.2 c
1465 1171.4 1463.6 1172.5 1462.5 1172.5 c
1461.5 1172.5 1460.5 1173.1 1460.2 1173.8 c
1460 1174.4 1459.2 1175 1458.5 1175 c
1457.7 1175 1457 1176 1456.8 1177.2 c
1456.6 1178.7 1455.7 1179.6 1454.2 1179.8 c
1453 1180 1452 1180.8 1452 1181.6 c
1452 1182.4 1451.4 1183 1450.6 1183 c
1449.8 1183 1449 1184 1448.8 1185.2 c
1448.6 1186.7 1447.7 1187.6 1446.2 1187.8 c
1445 1188 1444 1188.7 1444 1189.5 c
1444 1190.2 1443.3 1191 1442.5 1191.4 c
1441.7 1191.7 1441 1192.9 1441 1194 c
1441 1195.1 1440.2 1196.4 1439.2 1196.7 c
1436.9 1197.6 1432 1202.9 1432 1204.6 c
1432 1205.4 1431.1 1206 1430 1206 c
1428.7 1206 1428 1206.7 1428 1208 c
1428 1209.1 1427.5 1210 1426.9 1210 c
1426.4 1210 1425.4 1211.3 1424.9 1213 c
1424.3 1214.7 1423.2 1216 1422.4 1216 c
1421 1216 1418.3 1220 1419.7 1220 c
1420.1 1220 1419.8 1220.6 1418.9 1221.3 c
1418.1 1222 1417.1 1223.3 1416.7 1224.2 c
1416.4 1225.2 1415.1 1226 1414 1226 c
1412.6 1226 1412 1226.7 1412 1228.1 c
1412 1229.2 1411.1 1231.3 1410.1 1232.7 c
1409 1234 1408.4 1235.8 1408.7 1236.6 c
1409 1237.5 1408.5 1238 1407.1 1238 c
1405.9 1238 1404.6 1238.8 1404.3 1239.8 c
1403.9 1240.7 1403.4 1241.7 1403 1242 c
1402.7 1242.3 1401.9 1244.1 1401.4 1246 c
1400.7 1248.5 1399.8 1249.6 1398.2 1249.8 c
1396.7 1250 1396 1250.8 1396 1252.4 c
1396 1253.6 1395.3 1255.5 1394.5 1256.6 c
1393.7 1257.6 1393 1259.3 1393 1260.3 c
1393 1261.3 1392.2 1262.4 1391.2 1262.7 c
1388.9 1263.6 1388 1265 1388 1267.8 c
1388 1269 1387.3 1270.3 1386.5 1270.6 c
1385.6 1271 1385 1272.5 1385 1274.1 c
1385 1276.3 1384.4 1277.3 1382.5 1278 c
1380.5 1278.8 1380 1279.6 1380 1282.4 c
1380 1284.5 1379.4 1286 1378.5 1286.4 c
1377.6 1286.7 1377 1288.3 1377 1290.5 c
1377 1293.3 1376.6 1294 1375 1294 c
1373.6 1294 1372.9 1294.9 1372.4 1297.8 c
1372 1299.8 1371.4 1302 1371 1302.5 c
1369.7 1304.4 1366 1315.7 1366 1317.9 c
1366 1319.1 1365.2 1320.4 1364.2 1320.7 c
1361.8 1321.6 1361 1323 1361 1326.6 c
1361 1328.3 1360.3 1330.3 1359.5 1331 c
1358.7 1331.7 1358 1333.7 1358 1335.5 c
1358 1339.9 1357.1 1342 1355.6 1341.4 c
1354.3 1340.9 1353 1344.9 1353 1349.5 c
1353 1350.7 1352.3 1352.3 1351.5 1353 c
1350.7 1353.7 1350 1355.9 1350 1358 c
1350 1363.6 1348.9 1368 1347.5 1368 c
1346.1 1368 1345 1371.1 1345 1375.2 c
1345 1376.7 1344.6 1378.1 1344.1 1378.4 c
1343.1 1379.1 1341.7 1388.3 1341.9 1392.8 c
1342.1 1395.4 1341.8 1396 1340.2 1396 c
1338 1396 1337 1399.3 1337 1407 c
1337 1410 1336.5 1412 1335.8 1412.2 c
1334.9 1412.5 1334.4 1416.4 1334.1 1425.8 c
1333.8 1438 1333.7 1439 1331.9 1439 c
1330.9 1439 1330 1439.3 1330 1439.8 c
1330 1440.2 1329.8 1445.4 1329.6 1451.2 c
1329.4 1457.1 1329.5 1462.2 1329.8 1462.5 c
1330.8 1463.5 1333.6 1463 1335.6 1461.5 c
h
2000 1449.1 m
2000 1439 1999.4 1435.6 1998 1436.5 c
1996.6 1437.4 1996.2 1435.9 1995.5 1426.5 c
1995.2 1421.6 1994.4 1416.9 1993.7 1416.2 c
1993.1 1415.4 1992.4 1410.8 1992.2 1405.8 c
1991.8 1398.2 1991.5 1396.7 1990 1396.3 c
1988.6 1395.9 1988.1 1394.4 1987.6 1389.7 c
1986.9 1382.3 1986.7 1381.3 1985.2 1377.7 c
1984.5 1376.1 1984 1372.8 1984 1370.2 c
1983.9 1367.6 1983.3 1364.4 1982.5 1363 c
1981.7 1361.6 1981.1 1358.8 1981 1356.7 c
1981 1353.7 1980.5 1352.7 1979.1 1352.3 c
1977.6 1351.9 1977 1350.5 1976.5 1346.7 c
1976.1 1343.8 1975.1 1340.6 1974.4 1339.5 c
1973.6 1338.4 1973 1335.9 1973 1333.9 c
1973 1331.1 1972.5 1330.1 1970.5 1329.2 c
1968.5 1328.3 1968 1327.3 1968 1324.3 c
1968 1322.2 1967.3 1319.2 1966.5 1317.6 c
1965.7 1316.1 1965 1313.3 1965 1311.5 c
1965 1309.1 1964.5 1308.1 1963 1307.7 c
1961.9 1307.4 1960.8 1306.5 1960.5 1305.6 c
1960.2 1304.7 1959.7 1303.2 1959.3 1302.2 c
1959 1301.3 1958.8 1300.1 1958.9 1299.6 c
1959 1299.2 1958.6 1298.2 1958 1297.5 c
1957.5 1296.9 1956.9 1295.1 1956.8 1293.5 c
1956.6 1291.7 1955.8 1290.5 1954.3 1289.9 c
1952.5 1289.2 1952 1288.3 1952 1285.6 c
1952 1283.5 1951.4 1282 1950.5 1281.6 c
1949.6 1281.3 1949 1279.8 1949 1277.6 c
1949 1274.8 1948.6 1274.1 1946.8 1273.8 c
1945 1273.6 1944.4 1272.7 1944.2 1270.1 c
1944 1268.2 1943.2 1266.1 1942.4 1265.3 c
1941.6 1264.5 1941 1262.8 1941 1261.4 c
1941 1259.7 1940.2 1258.7 1938.5 1258 c
1937.1 1257.5 1935.9 1256.3 1935.8 1255.3 c
1935.8 1254.3 1935.6 1253 1935.6 1252.3 c
1935.5 1251.6 1934.9 1250.5 1934.2 1249.8 c
1933.6 1249.2 1933 1248 1933 1247.3 c
1933 1246.6 1932.2 1246 1931.1 1246 c
1929.8 1246 1929 1245 1928.6 1242.6 c
1928.2 1240.7 1927.5 1239 1926.9 1238.8 c
1926.1 1238.5 1925.4 1236.9 1925.1 1233.9 c
1925 1233.5 1924.1 1233 1923 1232.7 c
1921.8 1232.4 1920.8 1231 1920.4 1229.2 c
1920 1227.5 1919.2 1225.9 1918.4 1225.6 c
1917.6 1225.3 1917 1224.4 1917 1223.5 c
1917 1222.7 1916.1 1222 1915 1222 c
1913.8 1222 1913 1221.3 1913 1220.4 c
1913 1219.5 1912.1 1217.7 1911 1216.3 c
1909.9 1214.9 1909 1212.9 1909 1211.9 c
1909 1210.7 1908.3 1210 1907.1 1210 c
1905.1 1210 1902 1206.1 1902 1203.6 c
1902 1202.9 1900.9 1201.9 1899.5 1201.6 c
1898.1 1201.2 1897 1200.4 1897 1199.6 c
1897 1198.9 1896.1 1197.5 1895 1196.5 c
1893.9 1195.5 1893 1193.9 1893 1192.8 c
1893 1191.7 1892.3 1191 1891 1191 c
1889.9 1191 1889 1190.3 1889 1189.5 c
1889 1188.7 1888.3 1188 1887.5 1188 c
1886.6 1188 1886 1187.1 1886 1185.9 c
1886 1183.5 1882.3 1180.1 1879.8 1180 c
1878.6 1180 1878 1179.2 1878 1177.5 c
1878 1176 1877.4 1175 1876.6 1175 c
1875.8 1175 1875 1174.3 1874.6 1173.5 c
1874.3 1172.7 1873.1 1172 1872 1172 c
1870.5 1172 1870 1171.3 1870 1169.5 c
1870 1167.9 1869.4 1167 1868.5 1167 c
1867.6 1167 1866.7 1166.3 1866.4 1165.5 c
1866 1164.7 1864.9 1164 1863.9 1164 c
1862.8 1164 1862 1163.3 1862 1162.4 c
1862 1160.4 1857.5 1156 1855.4 1156 c
1854.6 1156 1853.6 1155.2 1853.3 1154.2 c
1852.7 1152.7 1849.3 1149.6 1848 1149.5 c
1846 1149.3 1843 1146.6 1843 1145 c
1843 1143.6 1842.3 1143 1840.6 1143 c
1839.3 1143 1838 1142.3 1837.6 1141.5 c
1837.3 1140.7 1836.4 1140 1835.5 1140 c
1834.7 1140 1834 1139.1 1834 1138 c
1834 1136.7 1833.3 1136 1832 1136 c
1830.9 1136 1829.1 1135.1 1828 1134 c
1826.9 1132.9 1825.1 1132 1824.1 1132 c
1822.8 1132 1822 1131.2 1821.8 1129.8 c
1821.6 1128.1 1820.7 1127.4 1818.5 1127.2 c
1816.9 1127 1815.1 1126.2 1814.5 1125.5 c
1814 1124.8 1812.6 1124 1811.5 1123.8 c
1810.4 1123.6 1809.5 1122.8 1809.5 1122 c
1809.5 1121.2 1809 1120.5 1808.5 1120.5 c
1806.4 1120.3 1803 1118.8 1803 1118 c
1803 1117.5 1801.4 1116.8 1799.4 1116.4 c
1797.1 1116 1795.6 1115.1 1795.3 1114 c
1795 1112.8 1793.4 1112 1790.9 1111.6 c
1788.8 1111.3 1787 1110.6 1787 1110.1 c
1787 1109.6 1785.1 1108.9 1782.9 1108.5 c
1780.2 1108 1778.6 1107.2 1778.3 1106 c
1778 1104.7 1776.4 1104 1772.9 1103.6 c
1770.2 1103.2 1768 1102.5 1768 1102 c
1768 1101.5 1765.3 1100.8 1762 1100.4 c
1757 1099.9 1756 1099.4 1756 1097.9 c
1756 1095.8 1755.7 1095.7 1751.1 1096.6 c
1747 1097.4 1747.2 1098.6 1751.4 1099.4 c
1753.3 1099.8 1755.1 1100.7 1755.4 1101.5 c
1755.7 1102.3 1756.9 1103 1758 1103 c
1759.1 1103 1760.4 1103.8 1760.7 1104.8 c
1761.6 1107 1763 1108 1765.8 1108 c
1767 1108 1768 1108.6 1768 1109.4 c
1768 1110.1 1768.9 1111 1770 1111.3 c
1771.2 1111.6 1772 1112.7 1772 1113.9 c
1772 1115.3 1772.6 1116 1774 1116 c
1775.1 1116 1776.3 1116.7 1776.6 1117.5 c
1777 1118.3 1777.8 1119 1778.6 1119 c
1779.3 1119 1780.5 1120.2 1781.2 1121.7 c
1781.9 1123.2 1783.3 1124.6 1784.4 1124.8 c
1787 1125.3 1790 1128.2 1790 1130.2 c
1790 1131.3 1790.7 1132 1791.8 1132 c
1794 1132 1797.7 1135.7 1798.2 1138.5 c
1798.4 1139.7 1799.3 1140.5 1800.5 1140.5 c
1801.8 1140.5 1802.8 1141.5 1803.5 1143.5 c
1805.1 1148.1 1807.3 1151 1809.2 1151 c
1810.3 1151 1811 1151.7 1811 1152.8 c
1811 1153.8 1811.9 1155.3 1813 1156.3 c
1814.1 1157.2 1815 1159.1 1815 1160.5 c
1815 1161.9 1815.5 1163 1816.1 1163 c
1818 1163 1822 1167.9 1822 1170.1 c
1822 1171.4 1822.8 1172.4 1824.1 1172.7 c
1825.4 1173.1 1827.1 1175.3 1828.6 1178.5 c
1830.2 1182.2 1831.5 1183.7 1832.7 1183.6 c
1834 1183.5 1834.6 1184.4 1834.8 1186.8 c
1835 1188.6 1835.8 1190.4 1836.6 1190.7 c
1837.4 1191 1838 1192.5 1838 1194.1 c
1838 1196 1838.6 1197.3 1839.8 1197.7 c
1842.1 1198.6 1843 1200 1843 1203.1 c
1843 1204.6 1843.6 1206 1844.4 1206.3 c
1845.1 1206.6 1846 1208.5 1846.4 1210.4 c
1846.8 1212.6 1847.7 1214 1848.6 1214 c
1850.1 1214 1852.4 1218.6 1851.5 1220 c
1851.2 1220.4 1851.7 1221.3 1852.5 1222 c
1853.3 1222.7 1854 1224.8 1854 1226.7 c
1854 1229.3 1854.5 1230.3 1856 1230.7 c
1857.3 1231 1858.2 1232.4 1858.6 1234.6 c
1858.9 1236.4 1859.8 1238.4 1860.6 1239.1 c
1861.4 1239.7 1862 1241.5 1862 1243 c
1862 1246.8 1863 1249.1 1864.2 1248.4 c
1865.7 1247.5 1867 1250 1867 1253.7 c
1867 1255.4 1867.5 1257.2 1868 1257.5 c
1868.6 1257.9 1869 1258.7 1868.9 1259.3 c
1868.8 1260 1869 1261.2 1869.3 1262 c
1869.6 1262.8 1870.1 1265.1 1870.2 1267 c
1870.4 1269.6 1870.9 1270.4 1872.1 1270.2 c
1873.8 1270 1875 1273.5 1875 1278.5 c
1875 1279.8 1875.7 1281 1876.5 1281.4 c
1877.6 1281.8 1878 1283.5 1878 1288 c
1878 1293.3 1878.2 1294 1880 1294 c
1881.7 1294 1882 1294.7 1882 1298 c
1882 1300.3 1882.7 1303.4 1883.5 1305.1 c
1884.4 1306.7 1885.3 1311.1 1885.6 1314.8 c
1886 1318.5 1886.8 1323.4 1887.6 1325.8 c
1888.4 1328.1 1889 1332.3 1889 1335 c
1889 1339.3 1889.3 1340 1891 1340 c
1892.5 1340 1893 1340.7 1893.1 1342.8 c
1893.4 1352.6 1894.2 1359.6 1895.5 1362 c
1896.4 1363.7 1897 1367.6 1897 1371.4 c
1897 1378.7 1897.6 1381 1899.6 1381 c
1900.4 1381 1901 1381.7 1901 1382.5 c
1901 1383.3 1900.3 1384 1899.5 1384 c
1898.7 1384 1898 1384.8 1898 1385.8 c
1898 1386.7 1897.7 1388.5 1897.4 1389.8 c
1896.9 1391.5 1897.2 1392 1898.8 1392 c
1901.6 1392 1902 1394.3 1902 1413.1 c
1902 1427 1902.3 1429.9 1903.5 1430.4 c
1904.3 1430.7 1905 1431.8 1905 1432.8 c
1905 1434.8 1910.2 1435.9 1919 1436 c
1920.9 1436 1924.5 1436.7 1926.9 1437.6 c
1929.3 1438.4 1932 1438.8 1932.8 1438.5 c
1934.8 1437.8 1941 1440.1 1941 1441.6 c
1941 1443.3 1943.4 1444 1950 1444 c
1954 1444 1956.2 1444.5 1957 1445.5 c
1957.7 1446.4 1959 1446.8 1959.8 1446.5 c
1962.4 1445.5 1968.2 1447.2 1968.7 1449 c
1969.1 1450.4 1970.7 1451 1976.1 1451.5 c
1979.9 1451.9 1983.3 1452.6 1983.6 1453.1 c
1983.9 1453.6 1985.6 1454 1987.5 1454 c
1992 1454 1996 1455.6 1996 1457.5 c
1996 1458.3 1996.9 1459 1998 1459 c
1999.9 1459 2000 1458.3 2000 1449.1 c
h
1888 1446.3 m
1885 1446 1882.1 1445.5 1881.5 1445.1 c
1881 1444.7 1878 1444.2 1875 1444.1 c
1872 1443.9 1869.2 1443.6 1868.8 1443.4 c
1868.4 1443.1 1863.3 1442.9 1857.5 1442.9 c
1848.9 1442.9 1847 1442.6 1847 1441.4 c
1847 1440.6 1845.8 1439.5 1844.4 1439 c
1843 1438.4 1842 1437.4 1842.3 1436.7 c
1842.9 1434.9 1860.1 1435.7 1861.6 1437.6 c
1862.4 1438.6 1865.2 1439 1871.8 1439 c
1881.7 1439 1884.1 1439.5 1883.4 1441.4 c
1883 1442.4 1885.4 1442.9 1892.6 1443.3 c
1902.8 1444 1903.6 1444.2 1902.5 1445.9 c
1901.9 1447 1899.3 1447 1888 1446.3 c
h
2173 1445.5 m
2173 1444.7 2172.6 1444 2172.1 1444 c
2170.8 1444 2169.9 1445.6 2170.7 1446.4 c
2171.8 1447.5 2173 1447 2173 1445.5 c
h
1433.7 1435.7 m
1440.9 1434.9 1442.9 1434.3 1443.3 1433 c
1443.7 1431.6 1445.5 1431.2 1453.7 1430.8 c
1459.2 1430.5 1464.7 1429.7 1465.8 1429.1 c
1466.9 1428.5 1471.2 1428 1475.2 1428 c
1484.1 1428 1487 1427.3 1486.3 1425.4 c
1486 1424.6 1486.4 1424 1487.1 1423.9 c
1490.5 1423.8 1509.9 1422 1513.5 1421.5 c
1515.7 1421.2 1519.3 1420.7 1521.6 1420.4 c
1525.7 1419.9 l 1526.2 1391.3 l
1526.7 1366.5 1527 1362.5 1528.4 1361.5 c
1530.5 1359.9 1530.5 1356 1528.4 1356 c
1527.2 1356 1526.9 1355.4 1527.4 1353.8 c
1527.7 1352.5 1528 1350.9 1528 1350.2 c
1528 1349.6 1528.7 1349 1529.5 1349 c
1530.7 1349 1531 1347.4 1531 1340.2 c
1531.1 1325.9 1531.7 1317.9 1532.9 1316.7 c
1533.5 1316.1 1534 1312.4 1534 1308.5 c
1534 1294.2 1535.1 1286.2 1537.1 1285.7 c
1538.8 1285.2 1539 1284.1 1539 1276.3 c
1539 1270 1539.4 1266.8 1540.5 1265.4 c
1541.4 1264.2 1542 1261 1542 1256.5 c
1542 1249.1 1542.5 1247.7 1545.2 1246.7 c
1546.9 1246.1 1547.7 1240.9 1547 1234.7 c
1546.9 1233.7 1547.4 1232.2 1548.2 1231.3 c
1548.9 1230.4 1549.7 1227 1550 1223.6 c
1550.4 1218.2 1550.8 1217.5 1552.8 1217.2 c
1554.8 1216.9 1555 1216.3 1555 1211.5 c
1555 1208.5 1555.5 1205.8 1556 1205.5 c
1556.6 1205.1 1556.8 1204.5 1556.5 1204 c
1556.2 1203.5 1556.4 1202.9 1557 1202.5 c
1557.5 1202.2 1558 1200.8 1558 1199.5 c
1558 1196.2 1559 1194 1560.5 1194 c
1561.4 1194 1562.1 1192.2 1562.5 1189.2 c
1562.8 1186.6 1563.7 1183.2 1564.5 1181.7 c
1565.3 1180.1 1566 1177.5 1566 1175.9 c
1566 1173.7 1566.6 1172.7 1568.5 1172 c
1570.2 1171.4 1571 1170.3 1571 1168.6 c
1571 1167.3 1571.7 1165.7 1572.5 1165 c
1573.3 1164.3 1574 1162.2 1574 1160.3 c
1574 1158.2 1574.6 1156.7 1575.5 1156.4 c
1576.3 1156 1577 1154.8 1577 1153.6 c
1577 1150.9 1578.5 1148.5 1580.2 1148.5 c
1580.9 1148.5 1581.6 1147.1 1581.8 1145.3 c
1582 1143.6 1582.8 1141.6 1583.6 1141 c
1584.4 1140.3 1585 1138.9 1585 1137.8 c
1585 1136.8 1585.8 1135.6 1586.8 1135.3 c
1589 1134.4 1590 1133 1590 1130.3 c
1590 1129.1 1590.6 1127.7 1591.3 1127.3 c
1592.1 1126.9 1592.9 1125.7 1593.3 1124.8 c
1593.6 1123.8 1594.6 1123 1595.4 1123 c
1596.2 1123 1597.1 1121.6 1597.5 1119.9 c
1597.9 1118.2 1598.8 1116.6 1599.6 1116.3 c
1600.4 1116 1601 1114.9 1601 1113.9 c
1601 1112.8 1601.8 1111.7 1602.8 1111.3 c
1604.6 1110.6 1608.4 1107.1 1608.6 1105.8 c
1608.7 1105.3 1608.8 1104.5 1608.9 1104 c
1608.9 1103.5 1609.7 1103 1610.4 1103 c
1612.2 1103 1616.4 1099.2 1617.3 1096.8 c
1617.6 1095.8 1618.6 1095 1619.5 1095 c
1620.3 1095 1621 1094.4 1621 1093.6 c
1621 1091.9 1615.6 1092.1 1611.5 1094 c
1609.8 1094.7 1605.2 1095.5 1601.2 1095.8 c
1595 1096.2 1594 1096.5 1594 1098.1 c
1594 1099.1 1593.4 1100 1592.7 1100 c
1592 1100 1590.8 1100.6 1590.2 1101.2 c
1589.5 1101.9 1588.6 1102.5 1588.2 1102.6 c
1584.6 1103 1582 1104.5 1582 1106.1 c
1582 1107.5 1581.3 1108 1579 1108 c
1577.2 1108 1575.7 1108.6 1575.4 1109.5 c
1575 1110.3 1574.1 1111 1573.4 1111 c
1572.6 1111 1571.5 1112.1 1571 1113.5 c
1570.5 1114.9 1569.3 1116 1568.2 1116 c
1567.1 1116 1565.3 1116.9 1564 1118 c
1562.7 1119.1 1560.9 1120 1559.8 1120 c
1558.7 1120 1558 1120.7 1558 1122 c
1558 1123.1 1557.4 1124 1556.6 1124 c
1555.8 1124 1555 1124.6 1554.7 1125.4 c
1554.4 1126.2 1553.1 1127 1551.8 1127.2 c
1550.3 1127.4 1549.5 1128.2 1549.5 1129.4 c
1549.5 1130.6 1548.4 1131.7 1546.6 1132.3 c
1543.2 1133.4 1540 1136.4 1540 1138.5 c
1540 1139.4 1539.1 1140 1537.6 1140 c
1536 1140 1534.9 1140.7 1534.5 1142 c
1534.2 1143.1 1533.5 1144 1533 1144 c
1532.6 1144 1532 1144.9 1531.7 1146 c
1531.4 1147.1 1530.4 1148 1529.5 1148 c
1527.5 1148 1524.1 1151.8 1524 1154.1 c
1524 1155.9 1521.4 1157.4 1519.9 1156.4 c
1519.4 1156.1 1519 1156.6 1519 1157.5 c
1519 1158.3 1518.4 1159.3 1517.6 1159.6 c
1516.8 1159.9 1516 1161.4 1515.6 1163.1 c
1515.2 1165.2 1514.5 1166 1513 1166 c
1511.6 1166 1511 1166.7 1511 1168.1 c
1511 1170.7 1507.1 1175 1504.8 1175 c
1503.6 1175 1503 1175.8 1503 1177.4 c
1503 1178.8 1502.5 1180.2 1501.9 1180.6 c
1501.3 1180.9 1500.2 1182.8 1499.4 1184.6 c
1498.6 1186.5 1497.3 1188 1496.6 1188 c
1495.8 1188 1494.8 1188.9 1494.5 1190 c
1494.2 1191.1 1493.5 1192 1493.1 1192 c
1492.6 1192 1492 1193.4 1491.6 1195.1 c
1491.3 1197 1490.3 1198.4 1489.1 1198.7 c
1488 1199 1486.9 1200.4 1486.5 1201.8 c
1485.2 1207.5 1483.5 1210 1481.3 1210 c
1479.7 1210 1479 1210.6 1479 1211.9 c
1479 1213 1478.5 1215.1 1477.9 1216.7 c
1477.2 1218.2 1476.6 1220.6 1476.4 1221.9 c
1476.3 1223.2 1475.4 1225 1474.6 1225.9 c
1473.7 1226.9 1473 1228.5 1473 1229.6 c
1473 1232 1471.4 1234.5 1469.9 1234.5 c
1469.3 1234.5 1468.6 1235.8 1468.4 1237.5 c
1468.2 1239.1 1467.5 1240.9 1466.7 1241.5 c
1465.9 1242 1465.2 1243.2 1465.1 1244 c
1464.1 1252.6 1463.7 1254 1462.2 1253.8 c
1461.2 1253.6 1460.4 1254.7 1459.8 1257 c
1459.3 1258.9 1458.2 1261.9 1457.4 1263.7 c
1456.7 1265.4 1456 1267.8 1456 1268.9 c
1456 1270.4 1455.5 1271 1454.3 1270.8 c
1452.9 1270.6 1452.4 1271.4 1452 1275 c
1451.7 1277.5 1451 1280.2 1450.5 1281 c
1449.9 1281.8 1449 1285.2 1448.5 1288.5 c
1447.8 1292.7 1447 1294.5 1446 1294.5 c
1445 1294.5 1444.3 1295.9 1444 1299 c
1443.7 1301.5 1442.7 1304.6 1441.7 1306 c
1440.8 1307.3 1440 1310.1 1440 1312.2 c
1440 1315.3 1439.6 1316 1438 1316 c
1436.2 1316 1436 1316.7 1436 1322.9 c
1436 1327.6 1435.5 1330.3 1434.6 1331.3 c
1433.3 1332.5 1431.2 1349.1 1431.7 1353.8 c
1431.7 1354.4 1431.4 1355 1430.9 1355 c
1430.5 1355 1430 1353.1 1429.8 1350.8 c
1429.6 1347.8 1429.2 1349.3 1428.7 1355.5 c
1428.3 1360.5 1427.4 1367.4 1426.5 1371 c
1425.7 1374.6 1424.8 1382.6 1424.4 1388.8 c
1423.9 1397.7 1423.4 1400 1422.4 1399.6 c
1420.5 1398.9 1420.2 1401.2 1419.7 1419.7 c
1419.3 1436.2 1419.8 1438.7 1423 1437.4 c
1423.8 1437 1428.6 1436.3 1433.7 1435.7 c
h
1800.9 1435.3 m
1791.4 1435 1790.2 1434.7 1789.7 1433.1 c
1789.3 1431.3 1787.9 1431.2 1773.2 1430.8 c
1764.4 1430.7 1756.9 1430.2 1756.5 1429.9 c
1756.2 1429.5 1755.8 1428 1755.7 1426.4 c
1755.5 1423.6 1755.7 1423.5 1759.4 1423.7 c
1763.9 1424 1765 1424.7 1763 1426 c
1762.2 1426.6 1762 1427 1762.5 1427 c
1763 1427.1 1772.6 1427.5 1783.8 1427.9 c
1797.1 1428.4 1804.4 1429 1805.2 1429.8 c
1806 1430.6 1811 1431 1820.6 1431 c
1834.8 1431 1836.6 1431.4 1835.4 1434.4 c
1834.8 1436.1 1831 1436.2 1800.9 1435.3 c
h
1896.3 1421 m
1896 1402.6 1892.6 1364.3 1891.3 1364.7 c
1889.6 1365.3 1888.7 1361.4 1888.9 1354.7 c
1889 1350.6 1888.7 1348.8 1887.7 1348.4 c
1886.7 1348.1 1886.1 1345.3 1885.6 1339.8 c
1885.2 1335.3 1884.5 1331.1 1884 1330.5 c
1883.5 1329.9 1882.7 1326.1 1882.4 1322 c
1881.8 1316.1 1881.3 1314.6 1879.8 1314.2 c
1878.3 1313.9 1878 1312.8 1878 1308.4 c
1878 1304.7 1877.6 1302.8 1876.6 1302.4 c
1875.7 1302.1 1875 1299.4 1874.5 1294.5 c
1874 1288.7 1873.5 1287.1 1872.1 1286.7 c
1870.8 1286.4 1870.1 1284.8 1869.6 1280.5 c
1869.3 1277.4 1868.3 1273.5 1867.5 1272 c
1866.7 1270.4 1866 1267.7 1866 1266 c
1866 1263.7 1865.6 1263 1864 1263 c
1862.6 1263 1862 1262.3 1862 1260.9 c
1862 1258.2 1859.9 1250.8 1858.8 1249.6 c
1858.4 1249 1858 1247.1 1858 1245.3 c
1858 1242.7 1857.6 1242 1856 1242 c
1854.3 1242 1854 1241.3 1854 1238.1 c
1854 1235.6 1853.5 1234 1852.5 1233.6 c
1851.7 1233.3 1850.8 1231.3 1850.4 1229.1 c
1850 1226.4 1849.2 1225 1847.9 1224.7 c
1846.6 1224.3 1846 1223.3 1846 1221.2 c
1846 1219.6 1845.4 1217.7 1844.6 1217 c
1843.8 1216.4 1843 1214.4 1842.8 1212.7 c
1842.6 1210.3 1842 1209.4 1840.2 1209.2 c
1838.4 1208.9 1838 1208.2 1838 1205.6 c
1838 1203.7 1837.4 1201.7 1836.6 1201.1 c
1835.8 1200.4 1834.9 1198.8 1834.6 1197.4 c
1834.2 1195.8 1833.4 1195 1832.5 1195.3 c
1831 1195.9 1830 1194 1830 1190.4 c
1830 1188.9 1829.4 1188 1828.5 1188 c
1827.6 1188 1827 1187.1 1827 1185.5 c
1827 1184 1826.1 1182.4 1824.5 1181.4 c
1823.1 1180.5 1822 1178.9 1822 1177.9 c
1822 1176.8 1821.4 1175.7 1820.6 1175.4 c
1819.2 1174.8 1817.7 1171.4 1817.9 1169.3 c
1818 1168.6 1817.5 1168.3 1816.7 1168.6 c
1815.9 1168.9 1814.9 1168 1814.2 1166.5 c
1813.6 1165.1 1812.6 1164 1812 1164 c
1811.5 1164 1811 1163.1 1811 1162 c
1811 1160.8 1810 1159.6 1808.6 1159.1 c
1807.3 1158.5 1805.4 1156.3 1804.2 1153.7 c
1803 1151.2 1801.2 1149 1800.1 1148.7 c
1798.9 1148.4 1798 1147.4 1798 1146.3 c
1797.9 1143.9 1794.9 1140.3 1792.4 1139.8 c
1791.4 1139.6 1790.4 1138.7 1790.2 1137.6 c
1789.7 1135.3 1786.7 1132.3 1784.4 1131.8 c
1783.3 1131.6 1782.4 1130.7 1782.2 1129.6 c
1781.8 1127.6 1778.5 1124 1777 1124 c
1776.5 1124 1776 1123.1 1776 1122 c
1776 1120.7 1775.3 1120 1774.1 1120 c
1773.1 1120 1771.1 1119.1 1769.7 1118 c
1768.3 1116.9 1766.5 1116 1765.6 1116 c
1764.7 1116 1763.6 1115.2 1763.3 1114.3 c
1762.2 1111.5 1759.4 1109.2 1756 1108.5 c
1754 1108.1 1752.6 1107 1752.3 1105.9 c
1752 1104.9 1751.1 1104 1750.2 1104 c
1749.4 1104 1747.8 1103.3 1746.8 1102.3 c
1745.8 1101.4 1743.3 1100.4 1741.2 1100.1 c
1738.9 1099.7 1737.5 1098.9 1737.5 1098 c
1737.5 1097.1 1736.4 1096.4 1734.7 1096.2 c
1733.1 1096 1731.7 1095.3 1731.4 1094.5 c
1731 1093.4 1719.9 1091.9 1709.5 1091.5 c
1709 1091.5 1708.5 1092.4 1708.5 1093.5 c
1708.5 1094.6 1709.2 1095.5 1710 1095.5 c
1710.8 1095.5 1711.6 1096.5 1711.8 1097.8 c
1712 1099 1712.8 1100 1713.6 1100 c
1715.2 1100 1716.2 1101.9 1716.4 1105.3 c
1716.5 1106.8 1717.1 1107.4 1718.3 1107.2 c
1719.2 1107 1720 1107.4 1720 1107.9 c
1720 1108.5 1720.9 1109.7 1721.9 1110.7 c
1723 1111.7 1724 1113.8 1724.2 1115.5 c
1724.4 1117.4 1725.1 1118.5 1726 1118.5 c
1726.8 1118.5 1727.7 1119.6 1727.8 1121 c
1728 1122.3 1729.1 1124.5 1730.1 1125.9 c
1731.1 1127.2 1732 1129.3 1732 1130.6 c
1732 1132.3 1732.6 1133 1734 1133 c
1735.7 1133 1736 1133.7 1736 1136.9 c
1736 1139.2 1736.7 1141.5 1737.6 1142.5 c
1739.1 1144 1739.5 1145.3 1739.9 1150.2 c
1739.9 1151.2 1740.6 1152 1741.4 1152 c
1742.4 1152 1743.3 1154 1744 1157.8 c
1744.7 1160.9 1745.7 1163.8 1746.2 1164.1 c
1746.7 1164.4 1747.4 1166.6 1747.7 1168.9 c
1748.1 1172 1748.7 1173 1750.1 1173 c
1751.6 1173 1752 1173.8 1752 1176.8 c
1752 1178.9 1752.6 1182.9 1753.4 1185.6 c
1754.2 1188.3 1755.2 1192.6 1755.5 1195.2 c
1756.1 1198.8 1756.7 1200 1758 1200 c
1759.4 1200 1759.8 1201.2 1760.3 1206.9 c
1760.6 1210.8 1761.3 1214.7 1761.8 1215.7 c
1762.4 1216.7 1763.1 1221.2 1763.5 1225.7 c
1764.1 1232.2 1764.6 1233.9 1766 1234.3 c
1767.5 1234.7 1767.8 1236.1 1767.9 1243.6 c
1768.1 1250.3 1768.5 1252.9 1769.8 1254.3 c
1771.1 1255.7 1771.6 1258.5 1771.8 1265.1 c
1772.2 1272.8 1772.4 1274 1774 1274 c
1775.5 1274 1775.7 1275.2 1775.9 1283.8 c
1776.1 1298.6 1776.9 1307.1 1778 1308.5 c
1778.5 1309.1 1779.3 1318.9 1779.6 1330.1 c
1780 1341.3 1780.8 1353 1781.5 1356.1 c
1782.2 1359.4 1782.5 1363.5 1782 1366.3 c
1781.6 1368.8 1781.7 1371.5 1782.1 1372.2 c
1782.5 1372.9 1782.7 1383 1782.4 1394.6 c
1782.1 1410 1782.3 1416.1 1783.1 1416.6 c
1783.7 1417 1786.9 1417.2 1790.2 1417.2 c
1793.5 1417.1 1796.9 1417.5 1797.9 1418 c
1798.8 1418.5 1807.8 1419.4 1817.9 1420 c
1828 1420.6 1837.1 1421.5 1838.1 1422 c
1839.1 1422.6 1843.6 1423 1848.2 1423 c
1857.7 1423 1861 1423.7 1861 1425.5 c
1861 1426.9 1866.1 1427.9 1875.3 1428.2 c
1878.7 1428.3 1881.5 1428.9 1882.2 1429.7 c
1883 1430.7 1885.3 1431 1889.9 1430.8 c
1896.5 1430.5 l 1896.3 1421 l
h
1724.4 1421.1 m
1724.7 1420.7 1724.2 1419.5 1723.2 1418.7 c
1721.6 1417.3 1717.6 1417 1692.5 1417 c
1676.5 1417 1662.9 1417 1662.2 1417 c
1660.3 1417 1660.8 1419.8 1662.8 1420.4 c
1663.7 1420.6 1675.9 1420.9 1689.9 1420.9 c
1703.8 1420.9 1715.5 1421.2 1715.8 1421.5 c
1716.7 1422.3 1723.8 1422.1 1724.4 1421.1 c
h
1550.6 1417.9 m
1551.3 1417.4 1560.5 1416.6 1571.1 1416.2 c
1581.8 1415.8 1590.3 1415.1 1590.2 1414.6 c
1589.3 1412.4 1594.3 1412 1622.6 1412 c
1652.7 1412 l 1653.4 1298.2 l
1653.7 1235.7 1654.4 1179.8 1654.9 1174 c
1655.4 1168.2 1656.2 1150.1 1656.6 1133.6 c
1657.2 1106.3 1657.5 1103.7 1659.1 1103.3 c
1660.4 1102.9 1660.9 1101.6 1661.2 1098.2 c
1661.7 1090.4 1661.1 1087.8 1658.9 1088.2 c
1657.8 1088.4 1657 1088.9 1657 1089.5 c
1657.2 1091.1 1653.8 1091.9 1645.7 1091.9 c
1637.9 1092 l 1638.2 1088.2 l
1638.5 1084.5 l 1672.8 1084.5 l
1701.9 1084.5 1707.4 1084.8 1708.3 1086 c
1709.2 1087.1 1711.2 1087.4 1716.8 1087.2 c
1723.6 1086.9 1724 1086.7 1724 1084.5 c
1724 1082.3 1723.8 1082.2 1707.8 1081.4 c
1676.2 1079.9 1621.9 1080.9 1616.4 1083.1 c
1614.8 1083.7 1610.9 1084.2 1607.8 1084.1 c
1603.1 1083.9 1601.7 1084.3 1600.3 1085.9 c
1598.9 1087.6 1597.4 1088 1591.9 1088 c
1584.4 1088 1584.1 1088.1 1584.8 1091.5 c
1585.3 1094.2 1587.3 1094.7 1591.2 1093.1 c
1592.5 1092.5 1597 1091.8 1601.2 1091.5 c
1607 1091 1608.8 1090.5 1608.4 1089.5 c
1607.7 1087.9 1617.2 1086.7 1626.5 1087.2 c
1634.3 1087.6 1634.8 1090 1627.8 1093.8 c
1624.9 1095.4 1623 1097.1 1623 1098.1 c
1623 1099.1 1622 1100.2 1620.8 1100.6 c
1618.8 1101.2 1615.6 1104.5 1615.5 1106 c
1615.4 1107.4 1612.8 1111.1 1612.3 1110.6 c
1611.4 1109.8 1609 1112 1609 1113.6 c
1609 1115.3 1605.1 1119.4 1602.6 1120.3 c
1601.6 1120.7 1601 1121.3 1601.3 1121.7 c
1601.7 1122 1601 1123.4 1600 1124.8 c
1598.9 1126.1 1598 1128.3 1598 1129.6 c
1598 1131.3 1597.4 1132 1596 1132 c
1594.9 1132 1593.7 1132.8 1593.3 1133.8 c
1591.1 1140.1 1588.8 1143.9 1587.6 1143.4 c
1586.7 1143 1586.1 1144.1 1585.6 1146.8 c
1585.3 1149 1584.3 1151 1583.5 1151.4 c
1582.6 1151.7 1582 1153.2 1582 1155.1 c
1582 1157.3 1581.5 1158.3 1580.1 1158.7 c
1578.9 1159 1578 1160.4 1577.7 1162.6 c
1577.4 1164.5 1576.4 1166.7 1575.6 1167.6 c
1574.7 1168.4 1574 1170.4 1574 1172 c
1574 1173.6 1573.6 1175.1 1573.1 1175.4 c
1572.6 1175.8 1571.9 1177.9 1571.5 1180.3 c
1570.5 1186.6 1570 1188 1568.5 1188 c
1566.9 1188 1566 1190.2 1566 1194.1 c
1566 1195.7 1565.2 1198.2 1564.3 1199.7 c
1563.4 1201.1 1562.7 1203.8 1562.8 1205.7 c
1563 1208.4 1562.6 1209.3 1561.1 1209.7 c
1559.2 1210.2 1558 1213.6 1558 1218.9 c
1558 1220.3 1557.3 1222.4 1556.5 1223.4 c
1555.7 1224.5 1555 1227.1 1555 1229.3 c
1555 1232.3 1554.6 1233.3 1553.1 1233.7 c
1551.3 1234.2 1550 1240.6 1550 1249.5 c
1550 1251.3 1549.3 1253.3 1548.5 1254 c
1547.6 1254.7 1547 1256.5 1547.2 1257.9 c
1547.7 1263.2 1545.8 1274.1 1544.5 1273.6 c
1542.9 1273 1542 1278 1542 1287 c
1542 1290.8 1541.4 1294.7 1540.5 1296.4 c
1539.5 1298.2 1539 1302.1 1539 1307.4 c
1539 1315.9 1538.3 1318.3 1535.9 1317.8 c
1535.1 1317.6 1534.5 1318.2 1534.5 1319 c
1534.5 1319.9 1535.2 1320.4 1536.2 1320.2 c
1537.4 1320 1538 1320.6 1538 1322 c
1538 1323.1 1537.4 1324 1536.6 1324 c
1535.6 1324 1535.1 1328.2 1534.6 1344.2 c
1534.2 1355.4 1533.3 1370.3 1532.6 1377.5 c
1531.1 1392.5 1530.5 1417.4 1531.5 1419.1 c
1532.4 1420.4 1548.8 1419.4 1550.6 1417.9 c
h
1778.9 1415.7 m
1780.1 1414.2 1779.3 1372.9 1778 1372 c
1776.5 1371 1776 1365.8 1775.9 1348.3 c
1775.8 1330.9 1775.3 1327.4 1773.4 1328.2 c
1772.4 1328.5 1771.3 1315.6 1771.1 1302.9 c
1771 1297.5 1770.6 1294.9 1769.5 1294 c
1768.4 1293.1 1768 1289.9 1767.8 1281.2 c
1767.6 1271.6 1767.2 1269.5 1766 1269.5 c
1764.8 1269.5 1764.4 1267.5 1763.9 1260.3 c
1763.5 1255.3 1762.7 1249.5 1762 1247.4 c
1761.3 1245.3 1760.4 1239.1 1760.1 1233.6 c
1759.6 1225.6 1759.2 1223.5 1758 1223.5 c
1756.4 1223.5 1755.3 1219.9 1755.1 1213.5 c
1755 1211.3 1754.3 1208.6 1753.5 1207.6 c
1752.6 1206.5 1752 1203.5 1752 1200.7 c
1752 1196.7 1751.6 1195.7 1750.1 1195.3 c
1748.6 1194.9 1748.1 1193.7 1747.8 1188.5 c
1747.6 1184.3 1746.8 1181.5 1745.7 1180.2 c
1744.6 1179 1744 1176.6 1744 1173.4 c
1744 1170.7 1743.5 1167.8 1743 1167 c
1742.3 1165.9 1742 1165.9 1742 1166.8 c
1742 1169.7 1740.1 1166.7 1739.5 1162.7 c
1739.2 1160.4 1738.5 1157.6 1738 1156.5 c
1737.5 1155.4 1736.7 1152.9 1736.2 1151 c
1735.6 1148.5 1734.8 1147.6 1733.7 1147.8 c
1732.4 1148 1732 1147.3 1732 1145.2 c
1732 1143.7 1731.3 1141.5 1730.5 1140.4 c
1729.7 1139.4 1729 1137.5 1729 1136.3 c
1729 1132.9 1727.9 1131 1726.1 1131 c
1725.1 1131 1724.4 1130.1 1724.4 1128.4 c
1724.3 1127 1723.5 1125.1 1722.7 1124.2 c
1721.9 1123.3 1721.5 1121.9 1721.7 1121.2 c
1722 1120.6 1721.7 1120 1721.1 1120 c
1720.5 1120 1720 1119.1 1720 1118 c
1720 1116.7 1719.3 1116 1718 1116 c
1716.7 1116 1716 1115.3 1716 1114.1 c
1716 1113.1 1715.2 1111.2 1714.1 1109.9 c
1713.1 1108.6 1712 1106.6 1711.8 1105.5 c
1711.6 1104.4 1710.8 1103.6 1710.1 1103.8 c
1709.4 1103.9 1708.6 1103.1 1708.3 1102 c
1708 1100.9 1707.2 1100 1706.5 1100 c
1705.7 1100 1705 1099 1704.8 1097.8 c
1704.6 1096.5 1703.7 1095.4 1702.5 1095.1 c
1701.4 1094.9 1700 1094.1 1699.4 1093.2 c
1698.4 1091.9 1696.2 1091.6 1685.6 1091.9 c
1673.9 1092.1 1672.9 1092 1673.2 1090.4 c
1673.6 1087.8 1670 1087.3 1669.3 1089.8 c
1669 1090.9 1668 1092 1666.9 1092.3 c
1665.3 1092.7 1665 1093.9 1664.8 1100.7 c
1664.7 1105 1664.8 1110.6 1664.9 1113.1 c
1665.1 1116.2 1664.6 1118.2 1663.6 1119.2 c
1662.1 1120.8 1661.6 1141.3 1661.2 1220.8 c
1661.1 1238.3 1660.9 1242 1659.7 1242 c
1657.3 1242 1657 1251.7 1657 1332.7 c
1657.1 1410.8 l 1660.2 1411.4 l
1661.9 1411.7 1681.2 1412 1703.2 1412 c
1742.2 1412 1743.2 1412 1743.7 1414 c
1744.2 1415.8 1745.3 1416 1759.9 1416.3 c
1768.5 1416.4 1776 1416.7 1776.6 1416.8 c
1777.2 1416.9 1778.3 1416.4 1778.9 1415.7 c
h
410 1342.2 m
410 1340.9 409.4 1340 408.5 1340 c
406.5 1340 406.4 1331.7 408.4 1330 c
409.2 1329.4 410 1327.9 410.2 1326.7 c
410.4 1325.5 411.3 1324.4 412.3 1324.2 c
414.8 1323.7 419 1320 419 1318.3 c
419 1317.6 419.6 1317 420.4 1317 c
422.2 1317 423 1314.8 423 1310.2 c
423 1304.6 422 1302 419.9 1302 c
418.6 1302 418 1301.3 418 1299.6 c
418 1295.3 414 1287.1 411.6 1286.8 c
410.3 1286.6 409.4 1285.7 409.2 1284.2 c
408.9 1282.4 408.2 1282 405.4 1282 c
402.9 1282 402 1282.4 402 1283.6 c
402 1284.5 401.2 1285.9 400.2 1286.6 c
397.7 1288.5 400 1290.6 402.9 1289 c
405.6 1287.6 407 1288.5 407 1291.6 c
407 1293.3 406.4 1294 405.1 1294 c
403.1 1294 399.6 1298.4 399.5 1301 c
399.5 1301.8 398.5 1302.9 397.4 1303.4 c
393.5 1305.1 392.2 1309.7 391.4 1323.3 c
390.8 1335.7 390.8 1336.2 393.1 1338.6 c
394.3 1339.9 396.4 1341 397.7 1341 c
399.1 1341 400 1341.6 400 1342.5 c
400 1343.3 400.7 1344 401.5 1344 c
402.3 1344 403 1343.3 403 1342.5 c
403 1340.4 405.5 1341.7 407 1344.6 c
408.5 1347.3 410 1346.2 410 1342.2 c
h
729.2 1340.1 m
729.7 1340 730 1334.8 730 1328.5 c
730 1319.1 729.7 1316.8 728.5 1316.4 c
727.5 1316 727 1314.3 727 1311 c
727 1306.4 726 1304.6 723.5 1304.5 c
723 1304.5 722.2 1302.5 721.9 1300.1 c
721.6 1297.6 720.8 1295.4 720.2 1295.2 c
719.5 1295 719 1293.7 719 1292.4 c
719 1291.1 718.5 1289.9 718 1289.9 c
717.5 1289.8 716.6 1289.7 716 1289.6 c
715.5 1289.6 714.5 1288.7 713.7 1287.7 c
711.7 1284.9 705.2 1285 703 1287.8 c
702 1289 700.7 1290 700.1 1290 c
697.6 1290 699.3 1292.9 702.1 1293.5 c
704 1293.9 705.4 1295 705.7 1296.1 c
706 1297.1 707 1298 708 1298 c
709.2 1298 710 1299.1 710.4 1301.4 c
710.8 1303.3 711.7 1305.3 712.5 1306 c
713.4 1306.7 714 1308.9 714 1311.2 c
714 1314.3 714.4 1315.3 716 1315.7 c
718.1 1316.3 718.1 1316.1 718.5 1331.5 c
718.6 1339 718.8 1339.5 721.1 1340.1 c
722.4 1340.5 724.6 1340.7 726 1340.5 c
727.4 1340.3 728.8 1340.1 729.2 1340.1 c
h
422.5 1334.5 m
422.5 1329.7 422.4 1329.5 419.5 1329.3 c
417.9 1329.2 416 1329.7 415.5 1330.4 c
414.9 1331.2 413.6 1331.9 412.5 1332.1 c
411 1332.4 410.4 1333.5 410.2 1336.3 c
409.9 1340.1 l 416.2 1339.8 l
422.5 1339.5 l 422.5 1334.5 l
h
674 1334.5 m
674 1332.6 674.5 1332.1 676.1 1332.3 c
678.8 1332.6 679.7 1330.5 677.3 1329.6 c
676.2 1329.1 675.1 1329.5 674.3 1330.6 c
673.6 1331.6 671.8 1332.3 669.9 1332.2 c
668.2 1332.2 665.7 1332.6 664.3 1333.1 c
660.2 1334.6 663.2 1337 669.1 1337 c
673.7 1337 674 1336.8 674 1334.5 c
h
689.6 1333.4 m
689.1 1332.1 688.6 1332 687.8 1332.8 c
687.2 1333.4 687 1334.6 687.4 1335.6 c
687.9 1336.9 688.4 1337 689.2 1336.2 c
689.8 1335.6 690 1334.4 689.6 1333.4 c
h
383.1 1331 m
383.5 1330.2 384.4 1323.4 385 1316 c
386.8 1294.3 386.9 1294 389.1 1294 c
390.2 1294 391 1293.3 391 1292.4 c
391 1291.5 391.9 1289.5 393 1288 c
394.1 1286.4 394.9 1284.5 394.8 1283.8 c
394.6 1283.1 395.5 1282.4 396.8 1282.2 c
398 1282 399.5 1281 400 1279.9 c
401.4 1277.5 409.7 1277.1 410.6 1279.5 c
411 1280.3 412.1 1281 413.1 1281 c
414.6 1281 415 1280.3 415 1277.5 c
415 1274.5 414.7 1274 412.7 1274 c
411.5 1274 409.7 1273.1 408.7 1272 c
406 1268.8 396.5 1269.2 393.4 1272.6 c
392.1 1274 391 1275.8 391 1276.6 c
391 1277.3 390.2 1278 389.2 1278 c
387 1278.1 384.5 1281.6 383.6 1285.8 c
383.1 1288 382.3 1289 381 1289 c
379.6 1289 379.1 1290.1 378.5 1293.8 c
378.1 1296.4 377.2 1299.9 376.5 1301.7 c
375.8 1303.4 374.8 1310.4 374.5 1317.2 c
373.8 1328 374 1329.8 375.4 1331.2 c
377.4 1333.2 382 1333.1 383.1 1331 c
h
658 1323.7 m
658 1320.3 657.6 1316 657 1314.1 c
656.5 1312.3 655.8 1306.3 655.4 1300.8 c
654.8 1291.6 654.5 1290.8 652.4 1289.9 c
651.1 1289.5 649.9 1288.3 649.8 1287.3 c
649.8 1286.3 649.6 1285 649.6 1284.5 c
649.4 1283.2 645.8 1279 644.8 1279 c
644.3 1279 644 1280.6 644 1282.6 c
644 1285.3 643.5 1286.3 642.1 1286.7 c
639.5 1287.4 639.1 1289.6 638.9 1302.7 c
638.8 1314.7 639.1 1316 642.1 1316 c
643.2 1316 644.4 1316.8 644.7 1317.8 c
645.1 1318.7 646.4 1320.9 647.7 1322.6 c
649 1324.3 650 1326.4 650 1327.2 c
650 1329.4 651 1330 654.7 1330 c
658 1330 l 658 1323.7 l
h
670 1327 m
670.7 1325.8 672.5 1324.8 675 1324.4 c
679 1323.7 l 679 1314.6 l
679 1303.5 678.1 1298 676.5 1298 c
674.8 1298 674 1295.7 674 1290.5 c
674 1288.1 673.5 1285.8 673 1285.5 c
672.4 1285.1 672.2 1284.5 672.5 1284 c
672.8 1283.5 672.6 1282.9 672.1 1282.6 c
671.6 1282.2 670.9 1280.2 670.5 1278 c
670 1275 669.4 1274 667.9 1274 c
666.9 1274 666 1273.3 666 1272.5 c
666 1271.6 665.3 1270.7 664.5 1270.4 c
663.7 1270 663 1268.9 663 1267.9 c
663 1266.6 662.3 1266 660.6 1266 c
659.2 1266 657.8 1265.5 657.4 1264.9 c
657 1264.1 656.5 1264.1 655.7 1264.9 c
655.1 1265.5 653.6 1266 652.3 1266 c
650.8 1266 650 1266.6 650 1267.8 c
650 1268.8 649.6 1270 649.1 1270.6 c
646.2 1273.5 648.6 1279.5 653.3 1281.3 c
654.2 1281.6 655 1282.8 655 1283.8 c
655 1284.9 655.7 1286.3 656.5 1287 c
657.4 1287.8 658 1290 658 1292.7 c
658 1296.3 658.4 1297.3 659.9 1297.7 c
662.2 1298.3 663 1302.4 663 1314.1 c
663 1321.4 663.3 1323 665 1324.5 c
666.1 1325.5 667 1326.9 667 1327.7 c
667 1329.7 668.8 1329.3 670 1327 c
h
434.2 1320.3 m
434.7 1320.1 435 1319.2 435 1318.4 c
435 1317.4 433.8 1317 431 1317 c
427.4 1317 427 1317.2 427 1319.6 c
427 1322 427.2 1322.1 430.2 1321.5 c
432 1321.1 433.8 1320.6 434.2 1320.3 c
h
450 1318.5 m
450 1317.8 450.7 1317 451.5 1316.6 c
452.7 1316.2 453 1314.2 453 1307.3 c
453 1298.5 453.9 1295.2 455.8 1296.4 c
457 1297.1 458 1294.8 458 1291 c
458 1289.5 458.7 1287.7 459.5 1287 c
460.3 1286.3 461 1284.9 461 1283.8 c
461 1282.7 461.8 1281.6 462.8 1281.3 c
463.8 1281.1 465.2 1279.4 466 1277.7 c
467.6 1273.9 468.7 1273 471.8 1273 c
473.7 1273 474 1272.5 474 1269.5 c
474 1266.1 473.9 1266 470.1 1266 c
467.2 1266 466.1 1266.4 465.7 1267.9 c
465.4 1269.1 464 1270 461.6 1270.4 c
459.4 1270.8 458 1271.7 458 1272.5 c
458 1273.3 457.2 1274 456.1 1274 c
454.8 1274 454 1275 453.6 1277.4 c
453.2 1279.3 452.3 1281.1 451.5 1281.4 c
450.5 1281.7 450 1283.9 449.8 1288.2 c
449.6 1292.5 449.1 1294.5 448.2 1294.5 c
445.9 1294.5 445 1297.4 445 1305 c
445 1309.5 444.5 1313.1 443.8 1313.8 c
442.9 1314.7 443.1 1315.1 444.3 1315.6 c
445.2 1315.9 446 1317 446 1317.9 c
446 1318.9 446.3 1319.9 446.6 1320.3 c
447.5 1321.2 450 1319.9 450 1318.5 c
h
442 1297.8 m
442 1289.9 440.8 1287.4 439.6 1293.1 c
438.8 1297.3 438.8 1306.5 439.7 1307.3 c
441.1 1308.8 442 1305.2 442 1297.8 c
h
1321 1300.1 m
1321 1297.8 1319.4 1296.5 1318.5 1298 c
1317.6 1299.4 1318.6 1302 1320 1302 c
1320.5 1302 1321 1301.1 1321 1300.1 c
h
398.8 1293.2 m
399.1 1290.5 398.8 1290 397.1 1290 c
395.7 1290 395 1290.6 395 1292 c
395 1293.1 394.2 1294.4 393.3 1294.7 c
391.8 1295.3 391.8 1295.4 393.6 1296.1 c
397 1297.5 398.5 1296.6 398.8 1293.2 c
h
1325 1293 m
1325 1291 1324.5 1290 1323.5 1290 c
1321.7 1290 1321.5 1293.1 1323.2 1294.8 c
1324.9 1296.5 1325 1296.4 1325 1293 c
h
445 1282.9 m
445 1278.3 445.2 1277.9 447 1278.5 c
448.7 1279 449.1 1278.6 449.6 1276.1 c
450 1274.4 450.8 1273 451.5 1273 c
452.2 1273 453 1272 453.3 1270.9 c
453.7 1269.4 454.4 1268.9 455.4 1269.3 c
456.5 1269.8 457 1269.3 457 1267.9 c
457 1266.8 457.8 1265.6 458.8 1265.3 c
459.7 1264.9 461 1264 461.6 1263.2 c
462.4 1262.1 464.3 1261.9 469.3 1262.2 c
477 1262.7 478.4 1261.2 474.1 1257.1 c
469.5 1252.7 458.1 1255 458 1260.2 c
458 1261.2 457.2 1262 456.2 1262 c
454 1262 450 1266.2 450 1268.5 c
450 1269.4 449.1 1270.4 448.1 1270.7 c
446.9 1271 446 1272.4 445.5 1274.6 c
445.2 1276.5 444.5 1278 444.1 1278 c
443.1 1278 441.8 1286.8 442.6 1288.1 c
443.8 1290.1 445 1287.6 445 1282.9 c
h
481 1264.5 m
481 1263.7 480.1 1263 479 1263 c
476.8 1263 476.3 1264.5 478.2 1265.3 c
480.4 1266.2 481 1266 481 1264.5 c
h
1991.6 1253.8 m
1991.4 1252 1991 1250.6 1990.6 1250.8 c
1990.3 1250.9 1989.6 1251 1989.2 1251 c
1988.7 1251 1988.3 1252.3 1988.2 1254 c
1988.2 1256.3 1988.6 1257 1990.1 1257 c
1991.6 1257 1991.9 1256.4 1991.6 1253.8 c
h
1984 1244 m
1984 1241.9 1982.5 1241.3 1981.5 1243 c
1980.8 1244.2 1981.7 1246 1983.1 1246 c
1983.6 1246 1984 1245.1 1984 1244 c
h
1981 1239.4 m
1981 1238.6 1980.1 1238 1979 1238 c
1977.1 1238 1976.3 1239.9 1977.6 1241.3 c
1978.6 1242.2 1981 1240.9 1981 1239.4 c
h
800.7 1238.8 m
801.5 1237.6 802.6 1234.4 804.5 1227.2 c
804.9 1225.9 805.9 1225 807.1 1225 c
808.6 1225 809 1224.3 809 1222 c
809 1220.2 809.6 1218.7 810.5 1218.4 c
813.9 1217.1 811.4 1214 807 1214 c
806 1214 805 1213.1 804.7 1212 c
804.3 1210.5 803.3 1210 800.7 1210 c
798.8 1210 796.7 1209.4 796.1 1208.6 c
795.5 1207.9 793.2 1207 791.1 1206.6 c
788.4 1206.2 787.1 1205.4 786.7 1204 c
786.3 1202.5 785.4 1202 782.7 1202 c
780.8 1202 778.7 1201.4 778.1 1200.6 c
777.5 1199.9 774.7 1199 771.9 1198.7 c
769.1 1198.3 766.3 1197.6 765.6 1197.1 c
764.9 1196.5 762.5 1195.8 760.3 1195.4 c
757.5 1195 756 1194.2 755.7 1193 c
755.4 1191.7 753.9 1191 750.6 1190.5 c
748.1 1190.1 746 1189.4 746 1188.9 c
746 1188.4 744.4 1188 742.5 1188 c
739.9 1188 738.6 1187.4 737.4 1185.5 c
736.3 1183.9 734.8 1183 733.1 1183 c
731.6 1183 729.5 1182.4 728.4 1181.6 c
727.3 1180.8 724.8 1180 722.9 1179.8 c
720.6 1179.6 719.2 1178.8 718.6 1177.4 c
717.8 1175.7 716.5 1175.1 712.2 1174.7 c
709.1 1174.4 706.4 1173.7 706.1 1173.1 c
705.8 1172.6 703.9 1171.9 701.8 1171.5 c
699.4 1171 698 1170.2 697.7 1168.9 c
697.3 1167.5 696.3 1167 693.8 1167 c
692 1167 689.6 1166.3 688.6 1165.5 c
687.5 1164.7 685.5 1164 684.1 1164 c
681 1164 679.5 1163 679.5 1161 c
679.5 1160.1 678.1 1159.3 675.7 1158.9 c
673.6 1158.6 671.4 1157.8 670.7 1157.1 c
670.1 1156.5 668.1 1156 666.2 1156 c
663.7 1156 662.7 1155.5 662.3 1154.1 c
662 1152.8 660.6 1152 658.2 1151.5 c
656.1 1151.1 653.1 1150.2 651.5 1149.5 c
649.9 1148.7 647.6 1148 646.5 1147.8 c
645.3 1147.6 644.4 1146.6 644.2 1145.2 c
644 1143.7 643.1 1143 641.4 1142.8 c
640.1 1142.8 638.5 1142.7 637.8 1142.6 c
637.1 1142.5 636.3 1143.6 636 1145 c
635.7 1146.4 634.6 1147.6 633.6 1147.8 c
630.7 1148.4 628 1151.8 628 1155 c
628 1157.3 627.6 1158 626 1158 c
624.5 1158 624 1158.7 624 1160.9 c
624 1162.4 623.1 1164.9 622 1166.3 c
619.3 1169.7 619.5 1170.6 623 1171.9 c
624.6 1172.4 626 1172.6 626 1172.3 c
626 1172 626.7 1172.3 627.6 1173 c
628.4 1173.8 630.8 1174.6 632.8 1175 c
635.3 1175.4 636.5 1176.1 636.4 1177.2 c
636.3 1178.3 637.5 1178.9 641.1 1179.3 c
643.8 1179.6 647 1180.6 648.2 1181.5 c
649.5 1182.3 652 1183 653.8 1183 c
656.3 1183 657.3 1183.5 657.7 1184.9 c
658 1186.2 659.4 1187.1 662.1 1187.5 c
664.2 1187.9 666.2 1188.6 666.6 1189.1 c
666.9 1189.6 668.4 1190 669.9 1190 c
673.3 1190 678 1192.1 678 1193.7 c
678 1194.3 679.8 1195.1 682 1195.5 c
684.2 1195.9 686.2 1196.6 686.6 1197.1 c
686.9 1197.6 688.6 1198 690.4 1198 c
692.2 1198 694.9 1198.9 696.3 1200 c
697.7 1201.1 700.2 1202 702 1202 c
704.3 1202 705.3 1202.5 705.7 1204 c
706 1205.2 707.1 1206 708.5 1206 c
709.7 1206 713.3 1206.9 716.5 1208 c
719.7 1209.1 723.2 1210 724.3 1210 c
725.3 1210 726.4 1210.9 726.7 1211.9 c
727.2 1213.9 729.7 1215 734.3 1215 c
735.8 1215 737.3 1215.7 737.6 1216.5 c
738 1217.4 739.5 1218 741.7 1218 c
744.3 1218 745.3 1218.5 745.7 1219.9 c
746 1221.2 747.4 1222 750 1222.4 c
752.1 1222.7 754 1223.6 754.3 1224.2 c
754.6 1225.2 755.3 1225 756.8 1223.7 c
757.9 1222.6 759.3 1222.1 759.9 1222.4 c
760.4 1222.8 761 1221.8 761.2 1220.3 c
761.7 1216.1 763.4 1216.9 764.4 1221.8 c
765.2 1225.5 765.6 1226 768.1 1226 c
770.3 1226 771 1226.5 771 1228 c
771 1229.7 771.7 1230 774.9 1230 c
777 1230 779.3 1230.6 779.9 1231.4 c
780.6 1232.2 782.5 1233.1 784.1 1233.4 c
793.8 1235.3 793.6 1235.2 791.5 1236 c
789.7 1236.7 789.9 1236.8 792.5 1237.4 c
794.1 1237.8 796.2 1238.5 797 1239 c
799.1 1240.2 799.6 1240.2 800.7 1238.8 c
h
1976 1235.6 m
1976 1234.2 1975.5 1232.8 1975 1232.5 c
1974.4 1232.1 1974 1233.2 1974 1234.9 c
1974 1236.6 1974.5 1238 1975 1238 c
1975.5 1238 1976 1236.9 1976 1235.6 c
h
303.8 1216.1 m
304.7 1215.6 308.2 1214.8 311.5 1214.3 c
315.8 1213.7 317.5 1213.1 317.5 1212 c
317.5 1210.9 319.2 1210.4 324.5 1210 c
328.4 1209.7 332.1 1209.1 332.8 1208.7 c
333.5 1208.2 334.6 1208.3 335.3 1208.8 c
337.8 1210.7 342.1 1210.8 343.9 1208.9 c
345.1 1207.6 347.7 1206.9 352.8 1206.4 c
358.7 1205.8 360 1205.4 359.8 1204.1 c
359.5 1202.8 360.7 1202.4 366.5 1202.2 c
370.9 1202 374.1 1201.4 375.1 1200.4 c
376.1 1199.5 379.3 1198.7 382.8 1198.5 c
386.1 1198.3 389.7 1197.7 390.7 1197.2 c
391.7 1196.6 396 1195.9 400.2 1195.5 c
405.8 1195 407.7 1194.4 407.4 1193.5 c
406.8 1192.2 414.3 1190 419.8 1190 c
421.3 1189.9 423.6 1189.3 425 1188.5 c
426.4 1187.7 430.1 1187.1 433.3 1187 c
438.2 1187 439 1186.7 438.8 1185.2 c
438.5 1183.8 439.4 1183.4 444 1183.2 c
447.5 1183 449.8 1182.3 450.3 1181.4 c
450.7 1180.6 452.6 1180 454.4 1180 c
462.5 1180 470 1178.7 469 1177.5 c
468.2 1176.6 469.9 1176 475.7 1175.1 c
480 1174.4 484.3 1173.4 485.3 1172.9 c
486.4 1172.3 490.2 1171.6 494 1171.3 c
499.4 1170.8 500.7 1170.4 500.6 1169.1 c
500.5 1167.8 501.8 1167.4 507.5 1167.2 c
512.8 1167 514.9 1166.4 516.3 1164.9 c
517.3 1163.9 519 1163 520 1163 c
521.3 1163 522 1162.3 522 1161 c
522 1159.4 522.7 1159 525.2 1159 c
527 1159 530.8 1158.3 533.5 1157.4 c
536.2 1156.5 539.8 1155.8 541.5 1155.9 c
545.8 1156.1 550.1 1155 549.4 1153.8 c
548.4 1152.2 551.1 1151 555.6 1151 c
558.4 1151 560 1150.5 560.4 1149.5 c
560.7 1148.7 561.6 1148.3 562.5 1148.6 c
563.8 1149.1 564 1148 564 1140.7 c
564 1134.3 564.4 1132.1 565.4 1131.7 c
567.7 1130.8 568 1131.9 568 1140.2 c
568 1147.3 568.2 1148 570 1148 c
571.5 1148 572 1147.3 572 1145.2 c
572.1 1143.7 572.3 1137.5 572.6 1131.3 c
572.9 1123.9 572.7 1119.9 572 1119.5 c
570.1 1118.3 556 1120.1 556 1121.5 c
556 1122.9 551.6 1124 545.5 1124 c
543.1 1124 540.7 1124.6 540.1 1125.4 c
539.4 1126.2 535.9 1127.1 531.9 1127.5 c
526.7 1128 525 1128.6 525.4 1129.5 c
526 1131.2 523.9 1132 519.1 1132 c
517 1132 514 1132.6 512.4 1133.4 c
510.8 1134.2 505.6 1135.1 500.8 1135.5 c
495.9 1135.9 492 1136.6 492 1137.1 c
492 1137.6 492.6 1138 493.2 1138.1 c
497 1138.3 489.6 1139.9 484.5 1140 c
480.9 1140 477.7 1140.7 476.6 1141.5 c
475.5 1142.3 473 1143 471.1 1143 c
467 1143 464.4 1144.3 465.4 1145.8 c
466 1146.8 460.7 1148 454.9 1148 c
453 1148 450.9 1148.5 450.4 1149 c
449.8 1149.6 445.7 1150.6 441.2 1151.2 c
436.2 1151.9 433 1152.9 433 1153.6 c
433 1155.2 430.7 1156 426.4 1156 c
424.5 1156 421.3 1156.7 419.3 1157.5 c
417.4 1158.3 414.3 1159 412.5 1159 c
406.8 1159 403.2 1160.1 402.7 1162.1 c
402.3 1163.6 401.3 1164 397.2 1164 c
394.5 1164 390.9 1164.7 389.4 1165.5 c
387.8 1166.3 384.1 1167 381.2 1167 c
376.7 1167 375.7 1167.3 375.3 1168.9 c
374.7 1171.2 372.2 1172 365.7 1172 c
362.7 1172 360.3 1172.6 359.4 1173.5 c
358.4 1174.5 355.9 1175 352.3 1175 c
347.7 1175 346.7 1175.3 346.3 1176.9 c
345.9 1178.5 344.6 1179 340.1 1179.5 c
337 1179.8 333.7 1180.5 332.7 1181.1 c
331.8 1181.6 326.9 1182.3 321.9 1182.7 c
314.9 1183.2 312.7 1183.7 312.2 1184.9 c
311.3 1187.3 309.9 1188 305.4 1188 c
303.2 1188 300.9 1188.5 300.4 1189 c
299.8 1189.6 296 1190.4 292 1190.7 c
286.1 1191.2 284.6 1191.7 284.2 1193.2 c
284 1194.2 282.9 1195 281.9 1195 c
280 1195 279.5 1196.6 280.6 1199.4 c
280.9 1200.2 281.8 1200.6 282.6 1200.3 c
283.5 1200 284.1 1201 284.6 1203.9 c
285 1206.1 285.9 1208.5 286.6 1209.1 c
287.4 1209.7 288 1212.1 288 1214.3 c
288 1218.3 l 295 1217.6 l
298.9 1217.3 302.8 1216.6 303.8 1216.1 c
h
813.5 1206.1 m
813.8 1204.5 814.8 1202.9 815.6 1202.6 c
817.4 1201.9 817.4 1200 815.5 1200 c
814.7 1200 813.6 1199.1 813 1198 c
812.4 1197 810.4 1195.8 808.6 1195.4 c
806.5 1195.1 805 1194.1 804.7 1193 c
804.4 1191.8 802.9 1190.9 800.6 1190.5 c
798.6 1190.1 796.7 1189.4 796.4 1188.9 c
796.1 1188.4 794.7 1188 793.2 1188 c
790 1188 788.6 1187.1 787.7 1184.8 c
787.3 1183.6 786 1183 784.1 1183 c
782.5 1183 779.9 1182.3 778.3 1181.5 c
776.8 1180.7 774.3 1179.8 772.8 1179.5 c
771.2 1179.2 770.1 1178.4 770.3 1177.8 c
770.4 1177.2 769.1 1176.2 767.5 1175.7 c
765.9 1175.2 763.3 1174.1 761.8 1173.4 c
760.4 1172.6 758.3 1172 757.2 1172 c
754.1 1172 752 1170.9 752 1169.4 c
752 1168.6 751.1 1168 750 1168 c
748.8 1168 746.5 1167.3 744.8 1166.4 c
743.1 1165.5 740.8 1164.7 739.6 1164.5 c
734 1163.9 731.2 1162.8 730.7 1160.9 c
730.4 1159.6 729.3 1159 727.6 1159 c
723.7 1159 723.6 1159 722 1157.5 c
721.2 1156.8 718.7 1156 716.5 1155.8 c
714 1155.6 712.6 1155 712.7 1154.3 c
713 1152.8 709.4 1150.7 707.7 1151.3 c
707 1151.5 705.6 1151.3 704.5 1150.7 c
703.4 1150.1 700.5 1149.2 698 1148.5 c
695.5 1147.9 693.5 1146.9 693.5 1146.3 c
693.5 1144.3 692 1143.6 691.9 1145.6 c
691.9 1147.3 691.8 1147.2 691 1145.2 c
690.5 1144 689.3 1143 688.3 1143 c
687.3 1143 685.2 1142.3 683.6 1141.5 c
682.1 1140.7 679.5 1140 677.9 1140 c
676 1140 674.7 1139.4 674.3 1138.2 c
673.4 1135.9 672 1135 669 1135 c
667.6 1135 665.6 1134.3 664.6 1133.5 c
663.5 1132.7 661.1 1132 659.2 1132 c
656.7 1132 655.7 1131.5 655.3 1130.1 c
655 1129 653.6 1128 651.8 1127.6 c
650.1 1127.3 648 1126.4 647.2 1125.8 c
646.4 1125.1 643.6 1124.5 641.1 1124.5 c
637.1 1124.5 636.5 1124.2 636.2 1122.2 c
636 1120.9 635.2 1120 634.1 1120 c
633.1 1120 631.1 1119.1 629.7 1118 c
628.3 1116.8 625.7 1116 623.6 1116 c
620.7 1116 620 1115.6 620 1114.1 c
620 1112.7 619 1112.1 616.1 1111.6 c
613.9 1111.3 612 1110.5 611.8 1110 c
611.6 1109.4 608.9 1108.6 605.8 1108.3 c
601.6 1107.9 600.1 1107.3 599.7 1106 c
599.4 1105 597.8 1103.9 595.9 1103.5 c
594.1 1103.1 592 1102.1 591.2 1101.4 c
590.5 1100.6 588.5 1100 586.9 1100 c
584.7 1100 584 1099.5 584 1098 c
584 1096.7 583.3 1096 582 1096 c
580.2 1096 580 1096.6 580.1 1103.2 c
580.3 1114.2 580.8 1115.4 586 1116.1 c
588.4 1116.4 590.6 1117.2 590.8 1117.8 c
591 1118.5 592.4 1119 594 1119 c
597.8 1119 600 1119.9 600 1121.5 c
600 1122.2 601.7 1123.1 603.8 1123.5 c
605.8 1123.9 609.4 1125 611.7 1126.1 c
614 1127.1 616.8 1128 617.8 1128 c
618.9 1128 620 1128.9 620.3 1130 c
620.7 1131.5 621.7 1132 624.3 1132 c
626.3 1132 628 1132.6 628.3 1133.2 c
628.5 1134 630.5 1134.5 633.5 1134.5 c
637.9 1134.5 638.5 1134.8 639 1137 c
639.4 1138.9 640.3 1139.6 642.7 1139.8 c
644.4 1140 646.4 1140.8 647 1141.6 c
647.7 1142.4 649.2 1143 650.4 1143 c
653 1143 654.5 1144 655.3 1146.2 c
655.7 1147.4 657 1148 659.3 1148 c
661.1 1148 663.1 1148.5 663.8 1149.2 c
664.4 1149.8 666.9 1150.6 669.2 1151 c
672.4 1151.4 673.5 1152 673.4 1153.2 c
673.3 1154.5 674.4 1155.1 677.6 1155.6 c
680 1155.9 682 1156.6 682 1157 c
682 1157.4 684.7 1158.3 687.9 1159 c
692.2 1159.9 694 1160.7 694.3 1162.1 c
694.7 1163.4 695.7 1164 697.8 1164 c
699.4 1164 702.1 1164.7 703.6 1165.5 c
705.2 1166.3 707.3 1167 708.2 1167 c
710.9 1167 713 1168.1 713 1169.6 c
713 1170.4 713.3 1171.1 713.8 1171.1 c
714.2 1171.2 716 1171.4 717.9 1171.6 c
719.8 1171.8 721.6 1172.4 721.9 1172.9 c
722.3 1173.4 724.2 1174.1 726.3 1174.5 c
728.9 1175 730 1175.7 730 1177 c
730 1178.5 731.1 1179 735.8 1179.6 c
738.9 1179.9 742 1180.7 742.7 1181.2 c
743.3 1181.7 745.1 1182.2 746.7 1182.4 c
748.4 1182.6 749.9 1183.5 750.5 1184.8 c
751.1 1186.2 752.7 1187 755.7 1187.5 c
758.1 1187.8 761.2 1188.8 762.8 1189.6 c
764.3 1190.3 766.4 1191 767.5 1191 c
770.3 1191 772.4 1192.5 771.6 1193.9 c
771.2 1194.6 771.7 1195 772.8 1195 c
775.4 1195 784.7 1197.8 788.9 1199.8 c
790.7 1200.7 794.3 1201.7 796.9 1202 c
800.1 1202.3 801.5 1203 801.5 1204 c
801.5 1204.9 802.9 1205.7 805.5 1206.1 c
807.6 1206.5 809.6 1207.3 809.8 1207.9 c
810.5 1210.1 812.9 1209 813.5 1206.1 c
h
553.1 1195.2 m
553.2 1189.3 553.5 1180.7 553.9 1176 c
554.6 1168.9 554.7 1170.6 554.8 1186.8 c
554.9 1199 554.6 1206 554 1206 c
553.4 1206 553 1201.8 553.1 1195.2 c
h
282.9 1187.5 m
283.8 1187.4 286.4 1187.3 288.6 1187.2 c
291.8 1187 292.9 1186.6 293.3 1185 c
293.7 1183.3 294.7 1183 298.8 1183 c
301.6 1183 304.2 1182.5 304.5 1182 c
304.9 1181.4 305.5 1181.2 306 1181.5 c
306.5 1181.8 307.1 1181.6 307.5 1181 c
307.8 1180.5 309.6 1180 311.4 1180 c
317 1180 320.9 1178.9 320.4 1177.5 c
319.9 1176.2 322.7 1175.5 333.5 1174.4 c
336.2 1174.1 340 1173.2 341.8 1172.4 c
343.6 1171.6 345.5 1171.2 346 1171.5 c
347.9 1172.7 352.8 1170.9 353.3 1168.9 c
353.7 1167.3 354.7 1167 359.7 1167 c
363.2 1166.9 366.3 1166.4 367.4 1165.5 c
368.5 1164.7 370.8 1164 372.4 1164 c
377.9 1164 383 1162.8 383 1161.5 c
383 1159.7 385.4 1159 391.7 1159 c
394.7 1159 398.6 1158.4 400.3 1157.6 c
402.1 1156.8 406 1155.9 409.1 1155.5 c
413.6 1155 414.9 1154.5 415.3 1152.9 c
415.7 1151.3 416.7 1151 420.8 1151 c
423.6 1151 426 1150.5 426.2 1150 c
426.4 1149.4 429 1148.7 432 1148.4 c
441.7 1147.5 444 1146.9 444 1145.6 c
444 1143.7 446.3 1143 452.1 1143 c
455.6 1143 457.2 1142.6 457.6 1141.5 c
458 1140.5 459.6 1140 462.4 1140 c
468.6 1140 474 1138.9 473.4 1137.8 c
472.4 1136.1 475.2 1135 480.5 1135 c
483.2 1134.9 487.3 1134.3 489.5 1133.5 c
491.7 1132.7 496.3 1132 499.8 1132 c
505.2 1132 506 1131.8 506 1130.1 c
506 1127.9 508.6 1127 515.1 1127 c
517.6 1127 520.5 1126.3 521.6 1125.5 c
522.6 1124.7 525.5 1124 528 1123.9 c
532.8 1123.8 539.5 1122.4 537 1122 c
534.6 1121.7 541.1 1119.1 544.5 1119 c
546.1 1119 548.6 1118.3 550 1117.5 c
551.6 1116.6 555.4 1116.1 560.2 1116 c
567.5 1116 568 1115.9 568 1113.9 c
568 1112.5 568.5 1112 569.5 1112.3 c
572.9 1113.7 577.2 1102.5 574 1100.5 c
573.4 1100.1 573.1 1099.1 573.2 1098.2 c
573.4 1096.8 572.6 1096.4 568.9 1096.2 c
564.9 1095.9 564.2 1096.2 563.7 1098 c
563.3 1099.7 562.4 1100 557.8 1100 c
554.9 1100 551.2 1100.7 549.6 1101.5 c
548.1 1102.3 545.4 1103 543.6 1103.1 c
539.8 1103.2 532.5 1105.8 535.5 1106 c
537.5 1106.1 l 535.5 1107 l
534.4 1107.5 531.5 1107.9 529 1108 c
526.5 1108 522 1108.9 519 1110 c
516 1111.1 512.3 1111.9 510.8 1112 c
508.7 1112 508 1112.5 508 1113.9 c
508 1115.5 506.9 1115.8 499.8 1116.4 c
495.3 1116.8 491.1 1117.5 490.5 1118 c
489.9 1118.5 486.4 1119.2 482.8 1119.6 c
477.5 1120.1 476.1 1120.6 475.7 1122.1 c
475.3 1123.6 474.2 1124 470.7 1124 c
468.2 1124 466 1124.4 465.8 1125 c
465.6 1125.5 462.2 1126.4 458.1 1127 c
450.2 1128.1 448.7 1128.6 449.5 1130 c
449.8 1130.5 447.9 1131.1 445.3 1131.5 c
442.6 1131.8 439.7 1132.6 438.7 1133.1 c
437.7 1133.7 434.5 1134.3 431.7 1134.6 c
423.4 1135.4 422 1135.9 422 1137.8 c
422 1139.3 421 1139.6 415.3 1139.8 c
411.6 1140 408.1 1140.5 407.5 1141 c
406.9 1141.5 403.7 1142.2 400.4 1142.6 c
393.4 1143.4 389.7 1144.6 390.5 1145.9 c
390.8 1146.4 388.4 1147.1 385.3 1147.5 c
382.1 1147.9 376.3 1149 372.4 1150.1 c
368.6 1151.1 363.9 1152 362.1 1152 c
359.6 1152 358.9 1152.4 359.3 1153.4 c
359.8 1154.5 358.6 1155 354.2 1155.5 c
351.1 1155.8 347.1 1156.5 345.5 1157.2 c
343.9 1157.8 340.3 1158.5 337.6 1158.8 c
334 1159.1 332.6 1159.7 332.3 1161 c
331.9 1162.3 330.4 1162.9 325.7 1163.4 c
322.3 1163.8 317.6 1164.8 315.2 1165.6 c
312.9 1166.4 308.7 1167 305.9 1167 c
301.7 1167 300.7 1167.4 300.3 1168.9 c
299.8 1171 296.2 1172 289.4 1172 c
287.1 1172 284.8 1172.5 284.5 1173 c
284.2 1173.5 282.8 1174 281.5 1174 c
276.7 1174 276 1174.9 276 1180.7 c
276 1187.5 277.4 1190.7 279.7 1188.8 c
280.5 1188.1 282 1187.5 282.9 1187.5 c
h
777.5 1169.8 m
777.8 1168.5 777.9 1152.4 777.8 1134 c
777.5 1100.5 l 774 1100 l
772.1 1099.7 770.5 1099 770.5 1098.5 c
770.5 1096.3 768.7 1095 765.9 1095 c
764.2 1095 762.7 1094.4 762.4 1093.5 c
762 1092.7 760.5 1092 759 1092 c
755.5 1092 754.6 1090.9 756.4 1088.5 c
758.1 1086.1 764 1087.3 764 1090.1 c
764 1091.5 764.7 1092 766.8 1092 c
768.4 1092 771.8 1092.7 774.4 1093.6 c
779 1095.2 779.2 1095.2 780.6 1093.1 c
781.4 1092 782.8 1091 783.6 1091 c
784.5 1091 785 1090 785 1088.1 c
785 1085.7 784.5 1085.2 781.9 1084.6 c
780.3 1084.3 778.2 1083.3 777.4 1082.5 c
776.5 1081.7 774.7 1081 773.3 1081 c
771.7 1081 770.6 1080.3 770.3 1079 c
770 1077.8 768.9 1077 767.6 1077 c
766.5 1077 764.3 1076.4 762.8 1075.6 c
761.3 1074.8 758.7 1073.9 756.9 1073.5 c
755.1 1073.1 753.6 1072 753.3 1071 c
752.9 1069.6 751.3 1069.1 745.5 1068.5 c
735.7 1067.6 734 1068.2 734 1072.6 c
734 1075.6 734.3 1076 736.8 1076.2 c
741.7 1076.4 744.5 1075.9 745.3 1074.4 c
746.2 1072.9 753 1072.4 753 1073.9 c
753 1074.4 752.3 1075.3 751.5 1076 c
749 1078.1 749.6 1082.9 752.6 1084 c
754.4 1084.7 755 1085.5 754.6 1086.8 c
752.8 1092.4 752 1105.5 752 1128.8 c
752 1158 752.7 1162.7 757 1163.6 c
758.4 1163.8 760.9 1164.5 762.5 1165.1 c
764.1 1165.7 766.8 1166.5 768.3 1166.7 c
769.9 1167 771.4 1168 771.8 1168.9 c
773.1 1172.5 776.7 1173 777.5 1169.8 c
h
620 1157.8 m
620.4 1153.2 621 1151.8 623.1 1150.1 c
624.6 1149 626 1148.3 626.3 1148.7 c
626.7 1149 627.4 1148.1 627.9 1146.7 c
628.4 1145.3 629.4 1143.9 629.9 1143.5 c
631.7 1142.5 631.2 1140.2 629.1 1139.5 c
628 1139.2 627.3 1138.3 627.6 1137.6 c
628 1136.6 626.5 1136.1 622.1 1135.6 c
618.9 1135.2 615.6 1134.3 615 1133.5 c
614.3 1132.7 612.4 1132 610.8 1132 c
608.7 1132 607.7 1131.4 607.3 1130 c
606.9 1128.6 605.6 1127.8 602.9 1127.4 c
600.8 1127 598.5 1126.1 597.9 1125.4 c
597.3 1124.6 595 1124 592.8 1124 c
589.7 1124 588.7 1123.6 588.3 1122.1 c
587.8 1120.1 583 1118.8 581 1120 c
580.3 1120.4 580 1125.9 580.2 1135.6 c
580.5 1150.5 l 584.4 1150.8 l
587.1 1151 588.4 1151.7 588.7 1153 c
589.2 1154.9 591.8 1156 596.1 1156 c
597.6 1156 599 1156.7 599.4 1157.5 c
599.7 1158.3 601 1159 602.4 1159 c
605.8 1159 608 1160 608 1161.5 c
608 1163.1 611 1163.8 616 1163.6 c
619.5 1163.5 l 620 1157.8 l
h
745.5 1120.6 m
745.5 1101.7 745.2 1085.8 744.7 1085.4 c
744.3 1085 743.4 1085.4 742.7 1086.3 c
742.1 1087.1 740.4 1087.9 739 1088.1 c
735.6 1088.3 730 1087 730 1085.9 c
730 1085.4 728.2 1085 726.1 1085 c
723.6 1085 722 1084.5 721.6 1083.5 c
721.3 1082.7 720 1082 718.6 1082 c
714.9 1082 711 1080.2 711 1078.5 c
711 1077.7 710.7 1077 710.2 1076.9 c
705.7 1076.4 703.3 1075.7 702.4 1074.5 c
701.6 1073.4 700.3 1073.2 698.1 1073.6 c
695 1074.2 l 694.8 1093.4 l
694.6 1103.9 694.5 1114.8 694.5 1117.7 c
694.5 1122.9 692.6 1126.8 691.5 1123.9 c
691.2 1123.1 690.9 1110.7 690.7 1096.2 c
690.5 1070.1 690.5 1069.9 688.2 1068.2 c
686.9 1067.2 686.2 1066.1 686.6 1065.7 c
687.9 1064.5 694.3 1064.9 695.9 1066.4 c
696.8 1067.2 699.5 1068.1 701.8 1068.5 c
705.7 1069.1 706.1 1069 705.8 1067.4 c
705.6 1066 704.4 1065.4 701.7 1065.2 c
698.9 1065 698 1064.4 698 1063 c
698 1061.5 696.3 1060.5 692 1059.6 c
690.2 1059.2 686 1055.5 686 1054.4 c
686 1053.5 684.8 1053 682.6 1053 c
680.7 1053 678.9 1052.6 678.6 1052.1 c
678.3 1051.7 675.3 1050.7 672 1049.9 c
667.5 1048.9 666 1048.2 666 1046.8 c
666 1045.6 664.9 1044.9 662.2 1044.5 c
660.2 1044.2 657.7 1043.5 656.8 1042.9 c
655.8 1042.4 653.4 1042 651.5 1042 c
648.5 1042 648 1041.7 648 1039.6 c
648 1037.6 647.4 1037.1 644 1036.5 c
641.8 1036.1 640 1035.4 640 1034.9 c
640 1034.4 638.2 1033.7 636.1 1033.4 c
633.5 1033 632 1032.2 631.7 1031 c
631.4 1030 629.9 1028.9 628.1 1028.5 c
626.4 1028.1 623.6 1027.2 622 1026.4 c
618.7 1024.7 612.9 1024.9 612.3 1026.6 c
612.1 1027.2 612.8 1028 614 1028.3 c
615.2 1028.6 616 1029.6 616 1030.9 c
616 1032.3 616.6 1033 617.9 1033 c
619 1033 621.1 1033.5 622.7 1034.2 c
624.2 1034.8 626 1035.4 626.5 1035.6 c
627 1035.7 629 1036.3 630.8 1036.9 c
632.5 1037.4 634 1037.6 634.1 1037.2 c
634.1 1036.8 634.5 1037.5 635 1038.7 c
635.7 1040.3 637.1 1041.1 640 1041.6 c
644.2 1042.3 645.3 1043.8 642.1 1044.7 c
641 1045 640 1046.2 639.8 1047.3 c
639.3 1050.6 636 1050.8 636 1047.6 c
636 1045.7 635.5 1045 634.1 1045 c
633.1 1045 631.7 1044.3 631 1043.5 c
630.2 1042.5 628 1042 624.9 1042 c
622.3 1042 619.9 1041.6 619.5 1041 c
619.2 1040.5 618.3 1040.3 617.5 1040.7 c
616.5 1041 616 1040.6 616 1039.2 c
616 1038.1 615.3 1036.7 614.5 1036 c
612.2 1034.1 611.2 1039.5 613.5 1042 c
615 1043.7 615.2 1046.3 615.1 1065.2 c
614.9 1081 614.6 1086.8 613.6 1088 c
612.9 1088.8 612.2 1091.8 612.1 1094.6 c
611.9 1099.7 l 617.1 1101.8 l
619.9 1103 623.6 1104 625.1 1104 c
627.3 1104 628 1104.5 628 1106 c
628 1107.6 628.7 1108 631.4 1108 c
633.2 1108 635.3 1108.7 636 1109.5 c
636.7 1110.3 639 1111.3 641 1111.6 c
643.6 1112 645 1112.8 645.3 1114.1 c
645.6 1115.3 646.7 1116 648.2 1116 c
649.4 1116 651.8 1116.7 653.3 1117.5 c
654.8 1118.3 657.6 1119.2 659.5 1119.6 c
661.6 1120 663 1120.9 663.3 1122.1 c
663.6 1123.4 664.7 1124 666.4 1124 c
667.9 1124 670.2 1124.7 671.6 1125.6 c
672.9 1126.5 675.1 1127.4 676.3 1127.5 c
677.5 1127.6 679 1127.8 679.6 1127.9 c
680.3 1127.9 681 1128.9 681.3 1130 c
681.7 1131.5 682.7 1132 685.2 1132 c
687.1 1132 689 1132.4 689.6 1132.8 c
690.1 1133.3 692.4 1134.2 694.8 1134.9 c
697.1 1135.5 699 1136.7 699 1137.5 c
699 1138.6 704.5 1140.3 707.7 1140.1 c
708.2 1140.1 709.6 1140.8 710.9 1141.7 c
712.2 1142.5 714.5 1143.6 715.9 1144 c
717.3 1144.3 718.3 1145 718.2 1145.5 c
717.7 1146.7 720.2 1148 723 1148 c
724.5 1148 726.1 1148.5 726.7 1149.1 c
727.2 1149.6 729.9 1150.4 732.6 1150.8 c
736.6 1151.4 737.6 1151.9 737.8 1153.7 c
738.1 1156 742.5 1157.4 744.5 1155.8 c
745 1155.3 745.4 1141.4 745.5 1120.6 c
h
513.7 1152.8 m
513.4 1151 513.6 1149.1 514 1148.6 c
515.5 1147.1 517 1149.1 517 1152.6 c
517 1157.1 514.4 1157.2 513.7 1152.8 c
h
353 1150.1 m
355.5 1149.4 l 353.2 1148.2 l
351 1146.9 l 351 1110.9 l
351 1077.1 350.9 1074.9 349.2 1075.2 c
347.6 1075.5 347.5 1078.3 347 1112.8 c
346.7 1133.4 346.7 1150.4 346.9 1150.6 c
347.5 1151.2 350 1150.9 353 1150.1 c
h
362.5 1141 m
362.8 1140.5 366.3 1140 370.1 1140 c
375.8 1140 377.2 1139.7 377.7 1138.2 c
378.7 1135.6 380 1135 385.6 1135 c
388.4 1135 391.5 1134.4 392.6 1133.5 c
393.6 1132.7 396.1 1132 398 1132 c
403.3 1131.9 405.8 1131 406.3 1128.9 c
406.7 1127.3 407.8 1127 414.2 1127 c
419 1126.9 422.2 1126.4 423.4 1125.5 c
424.5 1124.6 427.6 1124 430.4 1124 c
435.5 1124 440.8 1122.2 436.5 1121.9 c
433.1 1121.7 442.2 1119.2 446.6 1119.1 c
448.8 1119 451.5 1118.3 452.6 1117.5 c
453.6 1116.7 456.1 1116 458 1116 c
461.5 1116 l 461.5 1075.2 l
461.5 1034.5 l 458 1034.8 l
456.1 1034.9 454.1 1035.5 453.6 1036 c
453 1036.6 450.7 1037 448.3 1037 c
444.7 1037 444 1037.3 444 1038.9 c
444 1041.3 442.2 1042 437.3 1041.3 c
434.5 1040.9 432.9 1041.2 431.7 1042.4 c
430.8 1043.3 427.6 1044.3 424.1 1044.7 c
419 1045.2 418 1045.6 418 1047.1 c
418 1048.7 417.2 1049 413.2 1049 c
407.1 1049 406.1 1049.8 406.7 1053.8 c
407.2 1056.7 407.6 1057 410.6 1057 c
413.3 1057 414 1056.6 414 1055.1 c
414 1052.8 415.9 1052 421.5 1052 c
423.9 1052 426 1051.6 426.2 1051 c
426.4 1050.2 430.3 1049.6 438.2 1049.1 c
439.3 1049 439.7 1048.4 439.3 1047.1 c
438.8 1045.1 441.2 1044 446.8 1044 c
448.5 1044 450 1043.5 450 1043 c
450 1042.5 451.8 1042 454.1 1042 c
456.9 1042 458 1042.4 457.7 1043.2 c
457.5 1043.9 456.5 1044.4 455.6 1044.2 c
454.6 1044 453.6 1044.9 453 1046.4 c
452 1049.1 447.1 1050.6 442.5 1049.8 c
441.1 1049.5 439.9 1049.8 439.6 1050.5 c
439.4 1051.2 437.1 1052.1 434.6 1052.4 c
431.8 1052.9 430 1053.6 430 1054.4 c
430 1055.7 425.8 1057 421.5 1057 c
420.2 1057 417.9 1057.7 416.3 1058.4 c
414.8 1059.2 412.7 1060.1 411.8 1060.4 c
410.1 1060.9 410 1063.3 410 1092.5 c
410 1122.1 409.9 1124.1 408.2 1123.8 c
407.3 1123.6 406.4 1122.5 406.2 1121.2 c
406 1120 405.2 1119 404.4 1119 c
403.6 1119 403 1118.3 403 1117.5 c
403 1116.7 403.7 1116 404.5 1116 c
405.8 1116 406 1113.4 406 1098.2 c
406 1088.5 406.3 1076.1 406.7 1070.8 c
407.3 1061 l 403.3 1061 l
400.2 1061 399.1 1061.4 398.8 1062.8 c
398.2 1064.9 392.8 1066 383.9 1066 c
378.2 1066 377.2 1067.9 382.8 1068.1 c
384.8 1068.2 387.4 1068.3 388.5 1068.4 c
391.1 1068.5 391.7 1071.8 389.3 1072.7 c
388.3 1073 386.8 1073.9 386 1074.6 c
385.2 1075.3 381.4 1076 377.6 1076.2 c
371.6 1076.4 370.7 1076.7 369.9 1078.7 c
368.9 1081.4 364.6 1082.7 362.5 1081 c
361.2 1080 360.6 1080 359.2 1081.4 c
358.2 1082.3 356.8 1083 356.2 1083 c
355.3 1083 355 1090.6 355 1112.5 c
355 1142 l 358.4 1142 l
360.3 1142 362.2 1141.5 362.5 1141 c
h
1829 1125.2 m
1829 1124.3 1828.4 1124 1827.4 1124.4 c
1826.5 1124.7 1825.1 1125 1824.2 1125.1 c
1822.8 1125.1 1822.9 1125.3 1824.5 1125.9 c
1827.4 1127.1 1829 1126.8 1829 1125.2 c
h
477.1 1110.4 m
477.6 1109.7 480.4 1108.9 483.3 1108.5 c
490.4 1107.6 492 1107.1 491.7 1105.7 c
491.6 1104.9 494.3 1104.2 499.5 1103.5 c
503.9 1103 508.2 1102.1 509 1101.5 c
509.8 1101 513 1100.3 516 1100 c
521.5 1099.5 l 521.7 1069.2 l
521.8 1051.8 521.5 1037.9 521 1036.5 c
520.1 1034 519.9 1034 517.1 1035.5 c
515.4 1036.3 512.3 1037 510.2 1037 c
507.1 1037 506.1 1037.4 505.7 1039 c
505.4 1040.1 504.4 1041 503.5 1041 c
502.6 1041 501.6 1040.1 501.3 1039 c
501 1037.9 500.1 1037 499.4 1037 c
498.6 1037 498 1037.9 498 1039 c
498 1040.2 497.3 1041 496.2 1041.1 c
495.3 1041.1 493.6 1041.4 492.5 1041.6 c
491.4 1041.8 489.6 1042.1 488.5 1042.2 c
487.4 1042.3 486 1042.7 485.4 1043.2 c
484.8 1043.6 481 1044.2 477 1044.4 c
473 1044.6 469.4 1045.2 469 1045.7 c
468.6 1046.1 468.5 1053.8 468.9 1062.8 c
469.2 1071.8 469.2 1086 468.9 1094.3 c
468.5 1103.3 468.6 1110 469.2 1110.7 c
470.4 1112.2 475.7 1112.1 477.1 1110.4 c
h
1573.8 1105.8 m
1573.5 1105.1 1572.8 1104.5 1572.2 1104.6 c
1571.5 1104.7 1570.1 1104.8 1569 1104.8 c
1565.5 1105.1 1566.9 1107 1570.6 1107 c
1573 1107 1574 1106.6 1573.8 1105.8 c
h
1573.8 1098.6 m
1574.9 1097.4 1572.5 1096 1569.4 1096 c
1566.1 1096 1564.9 1097.6 1566.7 1099.4 c
1567.4 1100.1 1572.9 1099.5 1573.8 1098.6 c
h
1775.8 1094.3 m
1775.4 1088.8 1775.3 1088.6 1772.1 1087.8 c
1770.4 1087.3 1768.7 1086.3 1768.3 1085.5 c
1768 1084.7 1766.8 1084 1765.6 1084 c
1761.3 1083.9 1752.6 1080.2 1751.8 1078.1 c
1751.2 1076.3 1750.2 1076 1745.5 1076 c
1742.1 1076 1739 1075.4 1737.5 1074.4 c
1735 1072.7 1727.5 1072.8 1727.5 1074.5 c
1727.5 1075 1729.4 1075.9 1731.8 1076.4 c
1734.9 1077.1 1736 1077.8 1736 1079.1 c
1736 1080.7 1736.8 1081 1740.4 1081 c
1743 1081 1745.2 1081.6 1746 1082.5 c
1746.7 1083.3 1748.7 1084 1750.5 1084 c
1752.9 1084 1754.2 1084.7 1755.4 1086.5 c
1756.3 1087.9 1757.5 1088.8 1758 1088.5 c
1758.5 1088.2 1759.1 1088.4 1759.5 1089 c
1759.8 1089.6 1759.1 1090.1 1757.8 1090.1 c
1755.8 1090.2 1755.7 1090.3 1757.5 1090.7 c
1758.6 1091 1760.5 1092.3 1761.7 1093.6 c
1763.2 1095.3 1765 1096 1767.5 1096 c
1770.3 1096 1771 1096.4 1771 1098 c
1771 1099.5 1771.7 1100 1773.6 1100 c
1776.1 1100 1776.2 1099.9 1775.8 1094.3 c
h
538.1 1093.4 m
538.8 1092.6 541.2 1092 544.1 1092 c
548.3 1092 549 1091.7 549 1090 c
549 1088.3 549.7 1088 554.1 1088 c
558.3 1088 559.3 1087.7 559.7 1086 c
560 1084.9 561.1 1084 562.1 1084 c
564.6 1084 564.5 1082.4 562 1081.7 c
560.7 1081.4 560 1080.3 560 1078.8 c
560 1077.4 559.7 1076.1 559.4 1075.8 c
559.1 1075.4 558.9 1060.3 559 1042.1 c
559.1 1009 l 555.8 1009.7 l
554 1010 552.1 1010.9 551.7 1011.7 c
551.3 1012.4 549.2 1013 547.2 1013 c
542 1013 539 1014 539 1015.6 c
539 1016.4 540.1 1017 541.8 1017.1 c
543.3 1017.1 545.4 1017.5 546.5 1017.9 c
548.4 1018.7 548.4 1018.7 546.3 1019.8 c
543.3 1021.4 540.5 1021.3 539 1019.5 c
538.3 1018.7 536.1 1018 534 1018 c
531 1018 530.1 1018.5 529.2 1020.6 c
528.5 1022 528.3 1024.1 528.6 1025.4 c
528.9 1026.9 528.5 1028.3 527.4 1029.4 c
526 1030.8 526 1031.4 527 1032 c
528.4 1032.8 528.6 1037.1 528.2 1054.8 c
528 1064 527.7 1066 526.5 1066 c
525.7 1066 525 1066.5 525 1067 c
525 1067.5 525.7 1068 526.5 1068 c
527.7 1068 528 1069.8 528 1078 c
528 1086.2 527.7 1088 526.5 1088 c
525.7 1088 525 1088.9 525 1090 c
525 1091.1 525.5 1092 526 1092 c
526.5 1092 527.8 1092.8 528.8 1093.8 c
531 1096 536.2 1095.7 538.1 1093.4 c
h
606.4 1094.1 m
607 1093.2 607.3 1022 606.7 1021.4 c
606.5 1021.2 604.9 1020.7 603.2 1020.4 c
600 1019.8 l 600 1051.3 l
600 1082.2 599.5 1087 596.9 1082.9 c
596.4 1082.1 596.1 1067.6 596.1 1050.7 c
596.2 1030.2 595.9 1019.5 595.2 1018.8 c
594.5 1018.1 593.5 1018.2 592 1019.3 c
590.6 1020.3 588.9 1020.5 587.2 1020.1 c
584.8 1019.5 584.5 1018.8 584.2 1014.7 c
583.9 1010.9 583.5 1010 582 1010 c
580.4 1010 580.1 1010.9 579.8 1015.8 c
579.5 1020.6 579.2 1021.5 577.8 1021.2 c
576.1 1020.9 576 1023 576 1052.5 c
576 1081 576.2 1084 577.6 1084 c
578.5 1084 579.8 1084.7 580.5 1085.6 c
581.2 1086.6 583.7 1087.5 586.8 1087.8 c
590.8 1088.1 592 1088.6 591.8 1089.8 c
591.6 1090.9 592.6 1091.6 594.8 1092.1 c
596.7 1092.5 598.7 1093.3 599.3 1093.9 c
600.6 1095.2 605.7 1095.4 606.4 1094.1 c
h
1581.4 1094.1 m
1581.7 1093.6 1580.5 1093 1578.7 1092.7 c
1575.1 1092.2 1573.7 1092.7 1574.5 1094.1 c
1575.3 1095.3 1580.7 1095.3 1581.4 1094.1 c
h
1569.6 1092 m
1571.3 1092 1572 1091.4 1572 1090.1 c
1572 1088.6 1573 1088.1 1576.8 1087.5 c
1579.4 1087.1 1581.8 1086.3 1582.2 1085.7 c
1582.6 1085.1 1586.1 1084.4 1590 1084.2 c
1594.9 1083.9 1597.3 1083.3 1597.7 1082.4 c
1598 1081.4 1600 1081 1603.7 1081 c
1608.3 1081 1609.3 1080.7 1609.7 1079 c
1610 1077.9 1610.7 1077 1611.4 1076.9 c
1617.9 1076.6 1633.5 1074.9 1637 1074.1 c
1644.2 1072.5 1695.8 1072.8 1707 1074.5 c
1718.2 1076.2 1725 1076.4 1725 1075 c
1725 1074.4 1724.3 1073.7 1723.5 1073.4 c
1722.7 1073 1722 1072.2 1722 1071.5 c
1722 1070.7 1721.5 1069.8 1720.8 1069.4 c
1720.2 1069 1699.6 1068.7 1675.1 1068.8 c
1650.6 1068.9 1629 1069 1627.2 1069 c
1624.7 1069 1624 1069.4 1624 1070.9 c
1624 1072.5 1622.9 1072.8 1612.4 1073.2 c
1605.9 1073.5 1600.4 1074.2 1599.7 1074.9 c
1599.1 1075.5 1597.2 1076 1595.5 1076 c
1589.3 1076 1585.2 1077.2 1584.7 1079.1 c
1584.3 1080.4 1583.3 1081 1581.3 1081 c
1579.8 1081 1577.6 1081.7 1576.6 1082.5 c
1575.5 1083.3 1573.8 1084 1572.8 1084 c
1570.6 1084 1570.4 1081.4 1572.5 1080.6 c
1573.3 1080.3 1574 1079.4 1574 1078.6 c
1574 1077.1 1576.1 1076 1579.2 1076 c
1580.4 1076 1581.8 1075.4 1582.4 1074.6 c
1583.1 1073.7 1585.9 1073 1590 1072.8 c
1595.5 1072.5 1596.6 1072.2 1597 1070.5 c
1597.5 1068.8 1598.7 1068.4 1606.5 1067.9 c
1611.5 1067.5 1617.5 1066.8 1620 1066.2 c
1622.5 1065.6 1627.6 1065.1 1631.3 1065 c
1637.3 1065 1638.3 1064.7 1638.7 1063 c
1639.2 1061.1 1640.1 1061 1669.6 1061 c
1695.5 1061 1700 1061.2 1700 1062.5 c
1700 1064 1702.4 1064.6 1713.6 1065.4 c
1723.1 1066.2 1724.5 1065.1 1723.5 1058.3 c
1722.9 1053.3 l 1695.9 1052.6 l
1663.2 1051.7 1636.6 1052.6 1637.4 1054.6 c
1638.2 1056.7 1636.9 1057 1626.3 1057.1 c
1620.3 1057.2 1615.5 1057.7 1614 1058.6 c
1612.6 1059.3 1607.6 1060.2 1602.8 1060.5 c
1595.5 1061.1 1594 1061.5 1594 1062.8 c
1594 1064.5 1590.9 1066.3 1585.9 1067.4 c
1583.5 1067.9 1583.2 1067.6 1582.6 1064.8 c
1581.8 1061 1581.9 1061 1586.9 1060.3 c
1589.1 1060 1591.5 1059.1 1592.1 1058.4 c
1592.9 1057.5 1595.5 1057 1599.7 1057 c
1605.2 1057 1606.3 1056.7 1606.7 1055.1 c
1607.2 1053.2 1614.1 1052 1624.6 1052 c
1627.4 1052 1629 1051.5 1629.4 1050.5 c
1629.8 1049.3 1632.4 1049 1643.6 1049 c
1656.3 1049 1657.2 1048.9 1657.7 1047 c
1658.2 1045.2 1659.1 1045 1669.1 1045 c
1679.1 1045 1680 1045.1 1680 1046.9 c
1680 1048.7 1681 1048.8 1694.6 1048.9 c
1702.7 1049 1709.5 1049.1 1709.9 1049.2 c
1712.1 1049.4 1713 1048.7 1713 1046.5 c
1713 1044.6 1713.5 1044 1715.2 1044 c
1716.8 1043.9 1716.3 1043.5 1713.5 1042.5 c
1711.1 1041.6 1705.7 1041 1699.8 1041 c
1691.1 1041 1690 1040.8 1689 1039 c
1688 1037.2 1686.9 1037 1675.1 1037 c
1663.5 1037 1662.1 1037.2 1660.9 1039 c
1659.7 1040.7 1657.9 1041 1645.4 1041.5 c
1637.6 1041.8 1629.8 1042.5 1628.1 1043 c
1626.4 1043.5 1621.4 1044.2 1617 1044.6 c
1610.3 1045.1 1609 1045.5 1609 1047 c
1609 1048.4 1607.9 1048.9 1603.8 1049.3 c
1597.3 1050 1596.1 1050.3 1593.3 1051.8 c
1592.1 1052.5 1590 1053 1588.6 1053 c
1586.9 1053 1586 1053.6 1586 1054.5 c
1586 1056.1 1581.9 1058.2 1579.8 1057.7 c
1579.2 1057.6 1577.6 1059.8 1576.1 1062.7 c
1574.7 1065.6 1572.8 1068 1572 1068.2 c
1571.2 1068.4 1570.5 1069.4 1570.5 1070.4 c
1570.5 1071.6 1569.3 1072.6 1567 1073.4 c
1563.5 1074.5 l 1563.4 1083 l
1563.3 1092.4 1563.5 1093.4 1565.7 1092.6 c
1566.5 1092.3 1568.3 1092 1569.6 1092 c
h
1752 1090 m
1752 1088.3 1751.3 1088 1747.5 1087.9 c
1741.5 1087.7 1741.6 1087.7 1739.6 1085.7 c
1738.4 1084.5 1736.6 1084 1734.6 1084.2 c
1730.6 1084.6 1730.4 1087.4 1734.3 1087.8 c
1736.2 1088 1737 1088.6 1736.6 1089.5 c
1736 1091.2 1737.9 1091.7 1745.8 1091.9 c
1751.4 1092 1752 1091.8 1752 1090 c
h
506.6 1086.2 m
505.3 1084 507.3 1081 510.1 1081 c
513.4 1081 514.8 1082.7 512.9 1084.5 c
511 1086.2 507.3 1087.3 506.6 1086.2 c
h
571.4 1084.1 m
572.3 1082.8 572.5 1011.6 571.7 1010.2 c
570.7 1008.8 566.8 1008.6 565.4 1010 c
564.9 1010.5 564.7 1014.3 565.1 1019.2 c
565.5 1023.8 565.6 1039.3 565.3 1053.8 c
565 1072.3 565.1 1080 565.9 1080 c
566.5 1080 567 1080.6 567 1081.3 c
567 1083.8 570.3 1086 571.4 1084.1 c
h
743 1083.6 m
743 1082.9 742.3 1081.7 741.4 1081 c
740.2 1079.9 739.6 1080 738.2 1081.4 c
736.7 1082.9 736.7 1083.2 738 1084 c
740.2 1085.4 743 1085.2 743 1083.6 c
h
1775.8 1078.8 m
1775.5 1073.6 1775.4 1073.5 1772.1 1073.2 c
1769.9 1073 1768.6 1072.2 1768.3 1071 c
1768 1069.8 1766.5 1068.9 1764 1068.5 c
1761.9 1068.1 1759.9 1067.2 1759.6 1066.4 c
1759.2 1065.4 1758 1065.2 1755 1065.6 c
1750.4 1066.3 1745 1064.5 1745 1062.4 c
1745 1061.6 1744.2 1061 1743.2 1061 c
1742.3 1060.9 1739.2 1060.7 1736.5 1060.4 c
1729.8 1059.8 1728.3 1060.8 1730 1064.9 c
1730.9 1067.2 1731.9 1068 1733.9 1068 c
1740.1 1068 1744 1069.2 1744 1071.1 c
1744 1072.6 1744.8 1073 1747.8 1073 c
1749.9 1073 1752.4 1073.6 1753.5 1074.4 c
1754.6 1075.1 1757.2 1076 1759.2 1076.4 c
1762.1 1076.9 1763 1077.6 1763 1079 c
1763 1080.4 1763.7 1081 1765.3 1081 c
1766.6 1081 1768.5 1081.7 1769.6 1082.5 c
1770.6 1083.3 1772.5 1084 1773.8 1084 c
1776 1084 1776.1 1083.7 1775.8 1078.8 c
h
321.6 1081.3 m
321.4 1081 322 1079.4 323.1 1077.5 c
324.7 1074.8 325.8 1074.2 329.8 1073.7 c
333.7 1073.2 342.7 1074.3 341 1075 c
340.2 1075.4 336.9 1076 332.3 1076.6 c
329.6 1077 328.3 1077.6 328.6 1078.4 c
329.1 1079.6 322.6 1082.3 321.6 1081.3 c
h
729.8 1078.8 m
729.2 1077 727 1076.7 727 1078.4 c
727 1079.3 727.7 1080 728.6 1080 c
729.5 1080 730 1079.5 729.8 1078.8 c
h
363.2 1076.4 m
369.3 1075.4 368.1 1073 361.6 1073 c
356.2 1073 354.3 1074 355.5 1076 c
356.2 1077.1 358 1077.2 363.2 1076.4 c
h
726 1075.1 m
726 1074.6 724 1073.9 721.5 1073.6 c
717.9 1073 717 1072.5 717 1070.9 c
717 1069.9 716.5 1069 716 1069 c
715.5 1069 715 1069.6 715 1070.2 c
715 1070.9 714.7 1072.5 714.4 1073.8 c
713.8 1075.9 714 1076 719.9 1076 c
723.2 1076 726 1075.6 726 1075.1 c
h
370.6 1071.9 m
371 1071.2 372.7 1071 374.6 1071.3 c
376.5 1071.6 378 1071.5 378 1071.1 c
378 1070.2 367.9 1068.7 367.2 1069.5 c
366.5 1070.2 367.9 1073 368.9 1073 c
369.4 1073 370.2 1072.5 370.6 1071.9 c
h
772 1069.1 m
772 1066.9 771.6 1064.9 771.1 1064.6 c
770.7 1064.3 770 1060.9 769.6 1057.1 c
769 1051.4 768.6 1050.1 766.9 1049.7 c
765.3 1049.3 765 1048.3 765 1043.6 c
765 1040.5 764.3 1036.3 763.5 1034.4 c
762.7 1032.4 761.7 1028 761.4 1024.5 c
760.9 1019.5 760.4 1018.1 758.9 1017.7 c
757.3 1017.3 757 1016.2 757 1010.9 c
757 1006.9 756.5 1004.1 755.6 1003.1 c
754.8 1002.2 754 998.7 753.7 995.2 c
753.5 991.7 752.9 988.5 752.3 988.2 c
751.8 987.8 750.9 984.6 750.2 981.1 c
747.9 968.3 746.6 971.6 746.1 991.3 c
745.8 1007.2 747 1042.7 747.8 1038.2 c
748 1037 748.6 1036.2 749.1 1036.5 c
749.6 1036.9 750 1043.4 750 1051.1 c
750 1065 l 752.4 1065 l
753.8 1065 755.5 1065.6 756.3 1066.4 c
757.1 1067.2 759.2 1068 761.1 1068.2 c
763.7 1068.4 764.6 1069 764.8 1070.8 c
765.1 1072.6 765.8 1073 768.6 1073 c
771.9 1073 772 1072.9 772 1069.1 c
h
360.4 1066.5 m
360.8 1065.4 362.7 1065 368.1 1065 c
374.3 1065 375.3 1064.7 375.7 1063.1 c
376.1 1061.5 377.5 1061 383.6 1060.5 c
388.5 1060 391.8 1059.1 393.4 1057.9 c
394.7 1056.8 396.3 1056 396.9 1056 c
397.5 1056 398 1055.3 398 1054.5 c
398 1053.5 396.9 1053 394.5 1053 c
391.7 1053 391 1053.4 391 1055 c
391 1056.8 390.3 1057 385.2 1057 c
382.1 1057 376.6 1057.9 373.2 1059 c
369.7 1060.1 364.8 1061 362.4 1061 c
358.7 1061 358 1061.3 358 1063 c
358 1064.5 357.3 1065 355.1 1065 c
352.1 1065 350.5 1066.2 351.7 1067.4 c
353 1068.7 359.8 1068 360.4 1066.5 c
h
729 1066.5 m
730.4 1065.7 733.9 1065.1 736.8 1065 c
742 1065 l 742 1021.1 l
742 989.9 741.7 976.9 740.9 976.4 c
739.4 975.5 738 977.8 738 981.2 c
738 982.7 737.3 984.6 736.4 985.4 c
735.6 986.3 734.6 989.5 734.3 992.6 c
733.9 996.4 733.3 998 732.5 997.6 c
730.9 997 730 1000.1 730 1006.1 c
730 1008.9 729.4 1011.2 728.6 1011.9 c
727.7 1012.6 726.9 1016.1 726.5 1020.6 c
725.9 1026.3 725.4 1028 724.4 1027.6 c
722.3 1026.8 721.1 1030 721.7 1035.1 c
722.1 1038.6 721.8 1040 720.5 1041.4 c
719.3 1042.6 718.6 1045.3 718.2 1050.1 c
717.9 1055.1 717.3 1057 716.3 1057 c
714.5 1057 712.6 1062.1 713.7 1063.9 c
714.2 1064.7 715.5 1065.5 716.5 1065.6 c
717.6 1065.8 718.6 1066.4 718.8 1066.9 c
719.3 1068.5 726.1 1068.2 729 1066.5 c
h
676.9 1064.4 m
675.9 1064.1 675 1063 674.7 1061.9 c
674.3 1060.4 673.3 1060 670.3 1060 c
667.5 1060 665.7 1059.3 664.2 1057.7 c
661 1054.3 661.6 1052 665.5 1053 c
666 1053.2 667.3 1053.2 668.2 1053.2 c
669.3 1053.2 670 1053.9 670 1055.1 c
670 1056.6 670.7 1057 673.9 1057 c
676.2 1057 678.7 1057.8 680.3 1059 c
681.7 1060.1 683.8 1061 685 1061 c
686.5 1061 687 1061.5 686.8 1062.8 c
686.5 1064.5 680.7 1065.4 676.9 1064.4 c
h
1760 1059 m
1760 1057.4 1759.3 1057 1756.5 1057 c
1753.7 1057 1753 1056.6 1753 1055 c
1753 1053.3 1752.3 1053 1749 1053 c
1746.5 1053 1744.7 1052.5 1744.4 1051.6 c
1744.1 1050.8 1741.6 1050 1737.9 1049.6 c
1733.1 1049 1732 1048.6 1732 1047 c
1732 1045.6 1731 1045 1728 1044.5 c
1725.8 1044.1 1724 1043.4 1724 1042.9 c
1724 1041 1719.9 1042.1 1719.1 1044.2 c
1718.6 1045.5 1717.9 1046.4 1717.4 1046.2 c
1716.9 1046 1716.4 1046.3 1716.2 1046.9 c
1715.9 1047.8 1718.3 1048.5 1724.8 1049.3 c
1726.1 1049.5 1727.5 1050.2 1727.9 1050.8 c
1728.2 1051.4 1730.4 1052.2 1732.7 1052.6 c
1735.5 1053 1737 1053.8 1737.3 1055 c
1737.6 1056.3 1739.1 1056.9 1742.6 1057.3 c
1747.9 1057.8 1749.2 1058.1 1753 1059.8 c
1757.2 1061.6 1760 1061.3 1760 1059 c
h
337.3 1055.4 m
338.5 1053.6 339.9 1052.5 340.3 1052.9 c
341.9 1054.5 340.5 1057.4 337.8 1058.1 c
335.1 1058.8 l 337.3 1055.4 l
h
1604.4 1042.5 m
1605.9 1041.7 1609.7 1041 1612.6 1041 c
1617.2 1041 1618 1040.7 1618 1039.1 c
1618 1037.7 1619 1037 1621.5 1036.6 c
1625.2 1035.9 1626 1034.6 1623.5 1033.6 c
1621.3 1032.8 1621.2 947.9 1623.5 946 c
1624.3 945.3 1625.2 943.3 1625.6 941.4 c
1625.9 939.5 1626.8 938 1627.6 938 c
1628.4 938 1629.9 937.1 1631 936 c
1633.5 933.5 1637 933.4 1640.1 935.8 c
1641.4 936.8 1643.3 937.9 1644.2 938.3 c
1645.2 938.7 1646 940 1646 941.3 c
1646 942.6 1646.5 944.1 1647.1 944.7 c
1647.8 945.4 1648.1 958.6 1648 985.3 c
1648 1007 1648.2 1026.7 1648.6 1028.9 c
1649.3 1033.5 1650.5 1034.2 1656.5 1033.3 c
1660.4 1032.8 1661 1032.4 1661 1030.4 c
1661 1028.9 1660.4 1028 1659.5 1028 c
1657.9 1028 1657.9 1029.8 1657.9 941.8 c
1657.9 919.4 1657.6 913.9 1656.4 912.3 c
1655.1 910.6 1654.9 910.6 1653.9 912.2 c
1653.2 913.6 1651.6 914 1647.7 914 c
1638.8 914 1632.1 915.1 1632.6 916.5 c
1633.2 918.1 1630 919 1623.5 919 c
1620.7 919 1617.6 919.7 1616.6 920.5 c
1615.5 921.3 1613.5 922 1612.1 922 c
1609.8 922 1605.2 923.9 1607.4 924 c
1607.9 924 1607.5 924.9 1606.5 926 c
1605.5 927.1 1604.4 927.7 1604 927.5 c
1603.6 927.2 1602.7 927.7 1602 928.5 c
1601.3 929.3 1600.1 930 1599.4 930 c
1598.6 930 1598 930.9 1598 932.1 c
1598 933.3 1597.2 934.4 1596 934.7 c
1594.9 935 1594 935.9 1594 936.6 c
1594 937.4 1594.9 938 1596 938 c
1598 938 1598 938.7 1598 991 c
1598 1049.8 1597.5 1046.1 1604.4 1042.5 c
h
1740 990 m
1740.5 940.7 1740.6 937.5 1742.2 937.8 c
1743.3 938 1744 937.5 1744 936.5 c
1744 935.5 1743.3 935 1742.2 935.2 c
1741 935.4 1740.4 934.7 1740.2 932.8 c
1740 931.1 1739.3 930 1738.4 930 c
1737.6 930 1736.7 929.4 1736.4 928.6 c
1736.1 927.8 1734.5 927 1732.8 926.6 c
1730.7 926.2 1729.9 925.6 1730.4 924.5 c
1730.8 923.5 1730.1 922.8 1728.2 922.4 c
1725 921.7 1724 921.4 1722 920.1 c
1721.2 919.5 1719.3 918.9 1717.8 918.5 c
1716.2 918.2 1715 917.3 1715 916.5 c
1715 915.7 1714.6 915 1714.1 915 c
1712.5 915 1711.8 922.7 1712.4 933.5 c
1712.6 939 1712.9 944.3 1712.9 945.2 c
1713 947.9 1714.9 947.4 1715.6 944.5 c
1716 942.9 1716.9 942 1718.1 942 c
1719.3 942 1720 941.3 1720 940.1 c
1720 937.8 1721.3 937.2 1725.2 937.8 c
1727.2 938.1 1728 938.8 1728 940.2 c
1728 941.2 1728.8 943.3 1729.8 944.8 c
1731.4 947.3 1731.5 951 1731.2 990.3 c
1731 1023.4 1730.7 1033.1 1729.7 1032.7 c
1729 1032.5 1728.4 1029.9 1728.2 1025.9 c
1728 1022 1727.4 1019.1 1726.6 1018.5 c
1724.4 1016.8 1723.5 1005 1723.8 982.7 c
1724 965.5 1724.3 961.9 1725.5 962.3 c
1726.2 962.6 1727.1 962.2 1727.4 961.4 c
1728.3 959 1728.1 952.7 1727 951 c
1726.3 949.9 1726 949.9 1726 950.8 c
1726 951.5 1725.5 951.8 1725 951.5 c
1724.5 951.2 1724 949.8 1724 948.4 c
1724 947 1723.4 946 1722.6 946 c
1720.8 946 1720 951.2 1720 963.1 c
1720 980.6 1718.8 994 1717.3 994 c
1716.3 994 1716 996.7 1716 1006.8 c
1715.9 1015.2 1715.4 1020.8 1714.5 1023.5 c
1712.4 1029.3 1712.6 1032.3 1715.2 1034 c
1716.5 1034.8 1717.7 1035.5 1718 1035.5 c
1718.3 1035.6 1720.7 1035.9 1723.4 1036.4 c
1726.8 1036.9 1728.4 1037.7 1728.7 1039 c
1729 1040.1 1730.7 1041.2 1732.8 1041.8 c
1740 1043.8 1739.4 1048.1 1740 990 c
h
484 1039 m
484 1037.9 484.6 1037 485.2 1036.9 c
488.2 1036.8 491.4 1035.9 492.5 1035 c
493.1 1034.5 498.2 1033.7 503.8 1033.4 c
513.1 1032.8 513.9 1032.5 514.2 1030.6 c
514.4 1029.1 515.3 1028.4 517.7 1028.2 c
520.3 1027.9 521 1027.3 521.5 1025 c
522 1022.6 520.8 1018 519.6 1018 c
519.4 1018 517.9 1018.7 516.4 1019.5 c
514.8 1020.3 511.9 1021 509.9 1021 c
507.1 1021 506.1 1021.5 505.7 1022.9 c
505.3 1024.4 504 1025 499.4 1025.5 c
496.1 1025.8 492.8 1026.5 492 1026.9 c
491.1 1027.4 487.3 1028.1 483.4 1028.5 c
477.6 1029 476.2 1029.5 475.5 1031.3 c
474.9 1032.7 473.4 1033.6 471.7 1033.8 c
469.6 1034.1 469 1034.6 469.4 1035.7 c
469.7 1036.5 470 1038 470 1039.1 c
470 1040.8 470.8 1041 477 1041 c
483.3 1041 484 1040.8 484 1039 c
h
1639 1034 m
1641.8 1032.5 1642 1027.1 1641.6 983.7 c
1641.3 949.7 1641 943.6 1639.7 942.2 c
1638.8 941.3 1638.2 940 1638.3 939.5 c
1638.4 939 1637.3 938.4 1635.8 938.2 c
1633.5 937.9 1633 938.3 1633 940 c
1633 941.2 1632.4 942.7 1631.7 943.5 c
1630.3 944.8 1629 983.4 1629 1021.4 c
1629 1036.3 l 1633.1 1035.6 l
1635.4 1035.2 1638.1 1034.5 1639 1034 c
h
748 1029.5 m
748 1026.7 748.4 1025.1 749 1025.5 c
749.5 1025.8 750 1027.6 750 1029.5 c
750 1031.4 749.5 1033.2 749 1033.5 c
748.4 1033.9 748 1032.3 748 1029.5 c
h
1706.5 1033 m
1707.2 1031.9 1707.4 915.1 1706.7 914.4 c
1706.5 914.1 1701.4 913.7 1695.4 913.4 c
1689.4 913.2 1680.6 912.5 1675.8 911.9 c
1671 911.3 1666.6 911.1 1666 911.5 c
1665.3 911.9 1665 932 1665 972.6 c
1665 1033 l 1668.5 1033 l
1672.5 1033 1674.2 1030.7 1671.8 1028.7 c
1670.6 1027.7 1670.5 1025.6 1671.1 1016.5 c
1671.8 1006 1671.6 985.2 1670.5 956.2 c
1670.2 948.4 1670.4 943 1670.9 943 c
1671.4 943 1672 941.8 1672.2 940.3 c
1672.4 938.6 1673.5 937.1 1675.5 936 c
1677.2 935.1 1678.5 933.5 1678.5 932.5 c
1678.5 929.1 1687.4 928.4 1688.7 931.7 c
1689.6 933.9 1693.6 938 1694.9 938 c
1695.7 938 1696 950.2 1696 983.4 c
1696 1028.8 l 1693.4 1029.4 l
1692 1029.8 1691 1030.6 1691.3 1031.3 c
1691.9 1033.4 1705.3 1034.9 1706.5 1033 c
h
1689.4 1032.1 m
1691 1029.6 1691.8 944.1 1690.3 943.2 c
1689.7 942.8 1689 940.8 1688.6 938.8 c
1688 935.3 1687.6 935 1684.7 935 c
1682.4 935.1 1680.9 935.8 1679.5 937.8 c
1677.6 940.4 1677.5 942.3 1677.2 986.8 c
1677 1033 l 1682.9 1033 l
1686.2 1033 1689.1 1032.6 1689.4 1032.1 c
h
427.2 1015.6 m
427.3 1014.6 427.9 1013.9 428.5 1013.9 c
430 1014 429.7 1016.3 428.2 1016.8 c
427.3 1017.1 426.9 1016.6 427.2 1015.6 c
h
533 1010.4 m
534.9 1009.7 537.5 1009.1 538.8 1009 c
540.3 1009 541 1008.4 541 1007 c
541 1005.3 541.7 1005 544.9 1005 c
547.2 1005 549.7 1004.2 551.3 1003 c
552.7 1001.9 554.2 1001 554.7 1001.1 c
555.1 1001.2 557.5 1001.2 560 1001.1 c
563.8 1001 564.7 1000.6 565.8 998.3 c
567.3 995.1 567.4 990.4 566 989.5 c
565.5 989.2 565 989.7 565 990.8 c
565 992.8 561.3 993.9 554.5 994 c
552.9 994 550.6 994.7 549.6 995.5 c
548.5 996.3 546 997 543.9 997 c
541.1 997 540.1 997.5 539.7 999 c
539.3 1000.4 538.3 1001 536.3 1001 c
534.8 1001.1 531.7 1001.9 529.5 1003 c
527.3 1004.1 525 1004.9 524.3 1005 c
522 1005 521.9 1007 524.2 1010 c
525.7 1012 526.9 1012.8 528 1012.4 c
528.8 1012 531.1 1011.1 533 1010.4 c
h
607.3 1012.2 m
607.6 1011.8 607.5 1010 607.3 1008.3 c
606.9 1005.5 606.3 1005 603.4 1004.4 c
601.5 1004.1 599.7 1003.4 599.4 1002.9 c
599.2 1002.4 596.7 1001.8 594 1001.4 c
590.4 1000.9 589 1000.3 588.7 998.9 c
588.4 997.7 587.3 997 585.8 997 c
584.5 997 582.5 996.3 581.4 995.5 c
580.4 994.7 578 994 576.1 994 c
573 994 572.8 994.2 573.5 996.7 c
574.4 1000.5 575.8 1002 578.4 1002 c
579.5 1002 581.4 1002.7 582.4 1003.5 c
583.5 1004.3 585.5 1005 586.8 1005 c
588.3 1005 589.4 1005.7 589.7 1007 c
590.1 1008.4 591.1 1009 593 1009 c
594.5 1009 596.8 1009.9 598.1 1011 c
600.5 1012.9 606.5 1013.7 607.3 1012.2 c
h
745.8 966.3 m
745.4 961.5 743 960.6 743 965.2 c
743 967.1 743.3 969 743.7 969.3 c
745.3 970.9 746.1 969.7 745.8 966.3 c
h
545.2 938.9 m
545.6 934.3 546.3 931.3 547.2 930.6 c
548.2 929.8 548.5 928.2 548.2 925.3 c
547.9 922.2 548.3 920.7 549.7 919.3 c
551.2 917.8 551.6 916 551.5 911.1 c
551.5 905.6 551.8 904.5 553.8 903.3 c
555.7 902 556 900.9 556 895.6 c
556 891.4 556.6 888.3 558 885.7 c
559.2 883.4 560 880.1 560 877 c
560 871.5 561.9 870 562.1 875.2 c
562.2 877.3 562.6 876.2 563.2 872.2 c
564 867.2 564.5 866 565.8 866.2 c
569.3 866.9 569.3 881.8 565.9 882.7 c
564.3 883.1 564 884.2 564 888.6 c
564 893.3 563.8 894 562 894 c
560.3 894 560 894.7 560 898.6 c
560 902.3 559.6 903.3 558.1 903.7 c
556.6 904.1 556.3 904.8 556.7 907.9 c
557 909.9 556.7 913.5 556 915.8 c
555.1 919.4 554.6 919.9 553.4 919 c
552.2 917.9 552 918.6 552 923.2 c
552 926.3 551.4 929.4 550.6 930.6 c
549.8 931.8 549 935.6 548.8 939.1 c
548.5 944.4 548.2 945.5 546.6 945.8 c
544.9 946.2 544.8 945.7 545.2 938.9 c
h
1593.4 928.5 m
1593.7 927.6 1594.7 927 1595.7 927.2 c
1596.8 927.4 1597.9 926.4 1598.8 924.8 c
1599.5 923.2 1600.6 921.9 1601.3 921.8 c
1602 921.8 1603 921.6 1603.6 921.6 c
1604.2 921.5 1605.5 920.7 1606.4 919.7 c
1607.4 918.8 1608.6 918 1609.1 918 c
1609.6 918 1610 917.4 1610 916.6 c
1610 915.1 1614.2 914 1620 914 c
1622.1 914 1624.3 913.3 1625 912.5 c
1625.9 911.5 1628.2 911 1632.6 911 c
1637.6 911 1639.3 910.6 1640.8 909 c
1642.3 907.4 1644.8 906.8 1653.6 906 c
1659.6 905.4 1665.1 904.7 1665.8 904.5 c
1666.5 904.2 1668 904.4 1668.9 905 c
1669.9 905.5 1678.8 906 1688.6 906 c
1708.4 906.2 1712 906.6 1712 908.6 c
1712 910.1 1716.6 912.5 1718.8 912.1 c
1719.4 912 1720 912.3 1720 912.9 c
1720 913.4 1721.8 914.1 1724 914.5 c
1726.6 914.9 1728 915.7 1728 916.7 c
1728 917.5 1728.9 918.4 1730 918.7 c
1731.1 919 1732 919.6 1732 920 c
1732 920.4 1733.6 921.1 1735.5 921.4 c
1738.1 921.9 1739 922.6 1739 924.1 c
1739 925.2 1739.8 926.3 1740.8 926.6 c
1741.7 926.9 1743.2 927.5 1744.2 928 c
1745.3 928.6 1746.2 928.4 1747 927.5 c
1747.7 926.7 1749.1 926 1750.1 926 c
1751.4 926 1752 925.3 1752 923.7 c
1752 922.5 1752.7 920.4 1753.6 919.2 c
1755 917.1 1755 916.6 1752.6 911.8 c
1751.2 908.9 1750 907.4 1750 908.3 c
1750 909.2 1749.5 910 1748.9 910 c
1748.3 910 1748 909.4 1748.3 908.8 c
1748.6 907.7 1744.3 904.2 1742.2 903.9 c
1740.3 903.6 1738 901.8 1738 900.5 c
1738 899.7 1736.8 898.7 1735.2 898.3 c
1733.7 898 1731.2 896.9 1729.6 895.9 c
1727.7 894.8 1725.6 894.3 1723.9 894.7 c
1721.5 895.1 1720.9 894.8 1720.1 892.9 c
1719.4 890.8 1718.5 890.5 1713.9 890.2 c
1711 890 1707.9 889.3 1707.1 888.7 c
1705 886.9 1647.6 887 1645.9 888.8 c
1645.2 889.4 1642.5 890 1639.9 890 c
1632.4 890 1626 891.2 1626 892.5 c
1626 894.2 1623.7 895 1618.5 895 c
1616.1 895 1614 895.5 1613.8 896 c
1613.6 896.6 1610.8 897.4 1607.6 897.7 c
1603.2 898.2 1601.6 898.7 1601.3 900 c
1600.8 901.7 1599.4 902.6 1593.3 905.1 c
1591.5 905.9 1590 907.3 1589.8 908.4 c
1589.6 909.4 1588.8 910.4 1587.9 910.6 c
1583.3 911.2 1579.7 920.2 1583.5 921.6 c
1584.3 922 1585 923.3 1585 924.6 c
1585 928.2 1592.2 931.5 1593.4 928.5 c
h
1711.9 902.8 m
1711.1 900.5 1711.5 896 1712.5 896 c
1713.2 896 1715.2 895.7 1716.9 895.4 c
1719.3 894.9 1720 895.1 1720 896.4 c
1720 897.3 1719.2 898 1718.1 898 c
1716.8 898 1716 898.8 1715.8 900.2 c
1715.6 902 1712.3 904.1 1711.9 902.8 c
h
1704.3 900.6 m
1704.9 899 1692.7 898 1671.3 898 c
1657 898 l 1657.3 894.5 l
1657.5 891.6 1657.9 891 1659.8 891 c
1661 891 1662 891.6 1662 892.4 c
1662 894.6 1663.7 894.8 1686 894.9 c
1707.4 895.1 1709 895.4 1709 899.6 c
1709 901.5 1708.5 902 1706.4 902 c
1704.6 902 1704 901.6 1704.3 900.6 c
h
1623.6 888.8 m
1624.3 888.3 1627.7 887.7 1631.3 887.3 c
1637 886.8 1637.9 886.4 1638.2 884.6 c
1638.5 882.7 1639.2 882.5 1647.2 882.2 c
1657.7 881.9 1656.9 883.4 1657.3 862.5 c
1657.5 849.5 1657.7 847.5 1659.1 847.6 c
1660.5 847.7 1660.8 845.4 1661.4 830.1 c
1661.7 820.4 1662.1 811.6 1662.3 810.5 c
1662.5 808.8 1661.9 808.5 1658.5 808.5 c
1655.6 808.5 1654.5 808.9 1654.5 810 c
1654.5 810.8 1653.6 811.6 1652.5 811.9 c
1650.1 812.3 1646 816.5 1646 818.6 c
1646 819.4 1645 820 1643.5 820 c
1642 820 1641 820.6 1641 821.4 c
1641 822.2 1640.3 823 1639.5 823.4 c
1638.7 823.7 1638 824.9 1638 826 c
1638 827.2 1637.3 828 1636.4 828 c
1634.2 828 1630 832.1 1630 834.2 c
1630 835.2 1629 836.2 1627.5 836.6 c
1626.1 836.9 1624.9 838 1624.8 838.9 c
1624.8 839.8 1624.6 841.1 1624.6 841.8 c
1624.5 842.5 1624 843.4 1623.4 843.8 c
1622.8 844.2 1622.1 845.3 1621.7 846.2 c
1621.4 847.2 1620.4 848 1619.6 848 c
1618.7 848 1617.9 849.5 1617.5 852 c
1617.1 854.2 1616.4 856.2 1615.9 856.6 c
1615.4 856.9 1615.2 857.5 1615.5 858 c
1615.8 858.5 1615.6 859.1 1615 859.5 c
1614.5 859.8 1614 861.3 1614 862.7 c
1614 864.3 1613.3 865.4 1612.1 865.7 c
1610.3 866.2 1609 871.2 1609 878 c
1609 879.5 1608.3 881.3 1607.5 882 c
1606.7 882.7 1606 884.7 1606 886.6 c
1606 889.2 1606.5 889.9 1608.2 890.3 c
1611.5 890.9 1622.3 889.9 1623.6 888.8 c
h
1731 885.2 m
1731 882.6 1730.6 880 1730 879.4 c
1729.5 878.9 1728.7 875.3 1728.3 871.5 c
1727.7 866.4 1727.1 864.5 1726 864.5 c
1725.2 864.5 1724.2 862.9 1723.6 860.5 c
1723.1 858.3 1722.1 856.1 1721.4 855.7 c
1720.6 855.3 1720 853.3 1720 851.5 c
1720 848.7 1719.6 848 1718.1 848 c
1717 848 1715.8 847.1 1715.5 846 c
1715.2 844.9 1714.5 844 1714 844 c
1713.6 844 1712.9 842.4 1712.6 840.5 c
1712.1 837.9 1711.4 837 1710 837 c
1708.7 837 1708 836.3 1708 835 c
1708 832.8 1703.6 828 1701.5 828 c
1700.7 828 1700 827.3 1700 826.4 c
1700 824.4 1695.5 820 1693.4 820 c
1692.7 820 1692 819.1 1692 818 c
1692 816.9 1691.4 816 1690.6 816 c
1689.9 816 1688.6 815 1687.8 813.8 c
1687 812.6 1685.9 812 1685.2 812.4 c
1683.3 813.6 1683.8 816 1686 816 c
1687.4 816 1688 816.7 1688 818.4 c
1688 819.7 1688.9 821.9 1690 823.3 c
1691.1 824.7 1692 826.7 1692 827.8 c
1692 832.1 1693.2 835.8 1694.5 835.4 c
1695.3 835 1696 836.4 1696.4 839.4 c
1696.8 841.9 1697.5 844 1697.9 844 c
1698.4 844 1699 846.7 1699.4 850 c
1700 854.9 1700.4 856 1701.8 855.8 c
1703.2 855.5 1703.6 856.8 1704.2 863 c
1704.6 867.1 1705.5 871.7 1706.1 873.1 c
1706.6 874.5 1707 877 1706.8 878.6 c
1706.5 881.5 l 1713.2 881.8 l
1719 882 1720 882.4 1720 883.9 c
1720 885.7 1724.5 888.5 1726.8 888.1 c
1727.4 888 1728 888.4 1728 889 c
1728 889.5 1728.7 890 1729.5 890 c
1730.6 890 1731 888.8 1731 885.2 c
h
1668.7 880.9 m
1669.6 880 1672.1 880 1678.8 880.9 c
1683.6 881.5 1690.5 882 1694 882 c
1700.3 882 l 1699.7 874 l
1699.4 869.5 1698.7 865.3 1698.1 864.6 c
1697.5 863.8 1696.6 860.6 1696.2 857.4 c
1695.7 853.7 1695 851.6 1694.2 851.8 c
1693.5 851.9 1693 851.6 1693 851 c
1693 850.5 1693.8 850 1694.8 849.9 c
1696.1 849.9 1696 849.7 1694.2 849 c
1692.5 848.3 1692 847.3 1692 844.3 c
1692 842.2 1691.1 839.2 1690 837.5 c
1688.9 835.9 1688 833 1688 831.2 c
1688 828.7 1687.6 828 1686 828 c
1684.5 828 1684 827.3 1684 825.1 c
1684 823.5 1683.3 821.7 1682.5 821 c
1681.7 820.3 1681 819.1 1681 818.3 c
1681 817.5 1680.1 814.9 1679 812.6 c
1677.4 809 1676.5 808.1 1673.8 807.7 c
1672 807.5 1670.3 807.4 1670.1 807.6 c
1669.6 808.1 1669.3 811.4 1669.1 818.2 c
1669 822.6 1668.6 823.9 1667.3 824.2 c
1665.3 824.6 1665.2 825 1665 849.1 c
1664.9 859.9 1664.4 870.6 1664 873 c
1662.9 879 1665.8 883.8 1668.7 880.9 c
h
560 861.4 m
559.4 860 559 855.6 559 851.6 c
559 847.7 558.6 844 558.1 843.5 c
557.6 842.9 557 835.5 556.7 826.9 c
556.1 812.2 556.2 811.2 558 809.5 c
560 807.7 560 807.8 560 815.3 c
560 822.1 560.2 823 561.8 823 c
563.5 823 563.8 824.2 564.3 834.2 c
565.3 851.6 565.2 861.4 563.8 862.8 c
562 864.6 561.1 864.3 560 861.4 c
h
1666.8 803.4 m
1668 803 1669 802.1 1669 801.4 c
1669 800.6 1669.9 800 1670.9 800 c
1673.5 800 1676 799 1676 797.9 c
1676 796.7 1662.7 796.7 1661.5 797.9 c
1660.9 798.4 1659.2 799 1657.5 799.2 c
1655.3 799.4 1654.4 800.1 1654.2 801.8 c
1653.9 803.8 1654.2 804 1659.2 804 c
1662.1 804 1665.5 803.7 1666.8 803.4 c
h
1683.3 803.4 m
1684.6 802.1 1682.6 800 1680 800 c
1677.1 800 1675.2 802.5 1677.3 803.4 c
1679.1 804.1 1682.6 804.1 1683.3 803.4 c
h
1680.3 791.4 m
1680.6 791 1680.4 789.8 1679.8 788.6 c
1679.1 787.5 1678.5 786.3 1678.5 786 c
1677.5 781.8 1676.5 780.1 1674.8 779.7 c
1673.7 779.4 1673.1 778.7 1673.4 778.1 c
1674.7 776 1668.5 774.5 1664.6 776 c
1663.1 776.5 1662.1 777.3 1662.2 777.7 c
1662.7 779.5 1660.8 782.8 1659.1 783.3 c
1657.4 783.7 1655.6 789.4 1656.7 791.2 c
1657.2 792.2 1679.4 792.3 1680.3 791.4 c
h
1671.8 684.5 m
1672.9 683.5 1670.5 682 1667.9 682 c
1665.1 682 1664 683.7 1665.7 685.4 c
1666.4 686 1671 685.4 1671.8 684.5 c
h